{"type":"FeatureCollection","features":[{"type":"Feature","properties":{"stroke":"rgb(153, 153, 153)","fill":"rgb(255, 221, 85)"},"geometry":{"type":"Polygon","coordinates":[[39.239797863892555,10.579561574897953],[39.4389812188859,10.809541732609137],[39.65344504198497,11.037149045794987],[39.649575685815485,11.081847890190105],[39.64957722594609,11.081847355283248],[39.970954260122305,11.281117918792338],[40.29401378424049,11.479692726961613],[40.37732387701267,11.570682360257134],[40.377326749216714,11.570683123992088],[40.594856226418266,11.801552245512546],[40.83407441419179,12.026984087248122],[41.11704487111134,12.239659484308547],[41.46206774889648,12.428853643320194],[41.6181661401029,12.494494561296335],[41.61816436907955,12.49449430140353],[42.05193048151288,12.632106229675726],[42.550363816608034,12.700475694284727],[43.06819150660187,12.697320435801766],[43.561922939630385,12.621497466104914],[43.605928937049796,12.610509423446768],[43.605926062308455,12.6105085717537],[43.729264664952254,12.371474610737078],[44.05517863214629,12.243685528534634],[44.05517693724143,12.243686462569755],[44.56871672851782,12.213771329071234],[45.08785270492142,12.224404478375627],[45.59928168502024,12.188931882996686],[45.6948341669844,12.168237343846211],[45.694834806379646,12.168237776301282],[46.14601061115708,12.106339660679538],[46.58502395622323,12.241417015010036],[46.793659958042426,12.260600050060194],[46.793656043015154,12.260600152252447],[47.29603401038394,12.195812280675131],[47.77310659646147,12.097260797150502],[48.09879062240769,11.905987247309685],[48.13384476918089,11.823296593843523],[48.133847971231695,11.823295895942792],[48.13870525141837,11.569133929901597],[48.251297172743676,11.322489284229356],[48.57177976908503,11.16878645750582],[48.57178118488879,11.168785677147863],[49.085936328122976,11.13694082208104],[49.58535286027758,11.077435652711557],[49.786789322338805,10.886684075742558],[49.78679292020572,10.88668366184914],[49.77373024526678,10.631846765559915],[49.83847852903737,10.380428003619691],[50.01236961541661,10.250112010265479],[50.01237188882193,10.250111601750099],[49.91068800984789,10.044394457560214],[49.413745328359035,9.971422498996642],[49.394057600144194,9.968826087000147],[49.394057602681485,9.968825984001572],[48.87739547440633,9.955753979723832],[48.368012178511876,10.004805323571345],[48.22721677379544,10.024146052448321],[48.227216078579964,10.024146650362512],[47.725588048257045,9.958886963471182],[47.225624414512914,9.890215849345887],[46.874654780319744,9.884668543439947],[46.87465682536964,9.884668840027219],[46.35518578555728,9.878486982222194],[45.83688235505079,9.893150439716056],[45.33826665275914,9.962027720223112],[45.24648044985338,9.984281358420393],[45.24648290086852,9.984281845299627],[44.75270937178215,10.059420989680053],[44.24765531455273,10.017924221296644],[44.103910318657924,9.970076502872613],[44.1039083548011,9.970076286888549],[43.65498571291174,9.841426402222297],[43.173290514853065,9.746902353019655],[42.658555138191375,9.73332561122378],[42.34608876948805,9.79027784879626],[42.34608537206647,9.79027777572126],[41.90175505968886,9.922563185681076],[41.41695961928946,10.01281989012758],[40.90095560126075,10.027176957660616],[40.82287865412762,10.0211073172278],[40.82287781936161,10.021107045105635],[40.314708496540426,10.065653723828252],[39.871191474621256,10.196706216009819],[39.51481425660105,10.38182097573658],[39.358287698933275,10.495180236949933],[39.35828515150139,10.495180778510294],[39.23975695020848,10.579604423700381],[39.23975629305226,10.579604957635985],[39.239797863892555,10.579561574897953]]}},{"type":"Feature","properties":{"stroke":"rgb(153, 153, 153)","fill":"rgb(0, 170, 212)"},"geometry":{"type":"LineString","coordinates":[[-63.444963558015864,32.59041497826271],[-36.42391735303767,32.59041497826271],[-9.40287114805949,32.59041497826271],[17.618175056918716,32.59041497826271],[44.639221261896914,32.59041497826271],[69.42063844488557,20.792941289956953],[69.42063844488557,7.998974440971426],[69.42063844488557,-5.207617780769114],[69.42063844488557,-18.14362799016757],[42.39959223990737,-29.108857329720298],[15.378546034929169,-29.108857329720298],[-11.642500170049018,-29.108857329720298],[-38.6635463750272,-29.108857329720298],[-63.444963558015864,-16.9555447623004],[-63.444963558015864,-3.9655257437028264],[-63.444963558015864,9.230997230117174],[-63.444963558015864,21.95332377216623],[-63.444963558015864,32.59041497826271]]}},{"type":"Feature","properties":{"stroke":"rgb(153, 153, 153)","fill":"rgb(255, 221, 85)"},"geometry":{"type":"LineString","coordinates":[[-55.27722358360144,23.00814217386753],[-55.10999749494019,23.233553077725627],[-54.86596045222401,23.4439176085269],[-54.624259493650115,23.65444664974511],[-54.56750563274405,23.87681281545532],[-54.567505412317615,23.876812758223707],[-54.04657472703128,24.268097041292823],[-54.04264788554985,24.739452349317606],[-54.09660082418774,25.20915486817466],[-53.603717795073415,25.58292694339089],[-53.331136657788676,25.59969273639455],[-52.434170203432934,25.38271953349147],[-51.405477484072975,25.31698743218135],[-50.544225602641674,25.08047137978858],[-50.361991351815114,24.86758367928118],[-49.42625026482373,25.072322378777333],[-48.530842196836865,25.309628641751264],[-47.92271697529141,25.675769563941447],[-48.29696023181346,26.082032118992437],[-48.29695985915005,26.082031932559826],[-47.26324944117118,26.119869772624128],[-46.267721782298786,26.251106573130983],[-45.345324360354084,26.46390536781942],[-44.538089840755084,26.754813947658928],[-44.09399201896008,26.99324236038277],[-44.09399201261688,26.993242413328673],[-44.10643858012208,27.45485833681486],[-43.992932840562084,27.910999973823582],[-43.480421550797004,28.298423615609735],[-42.48391366824336,28.376811136546685],[-42.164689313581434,28.346414437205826],[-41.526614732939954,28.68983734592584],[-40.73307162884437,28.846750190049324],[-40.31161707319899,28.70025798012326],[-40.311617142974264,28.70025796969944],[-39.298729841245496,28.603441683860776],[-38.261613541433555,28.575508752147012],[-37.22647949375763,28.537645684564048],[-36.23319078867285,28.409187984010394],[-35.913058492757365,28.32980285153909],[-34.914497555193,28.283301803432458],[-34.0424751067807,28.03470986579704],[-33.0843892173793,28.030718577273678],[-32.75305180834116,28.220032630959583],[-32.75305106618596,28.220032678708588],[-31.823282390702644,28.421704745651283],[-30.810835218723334,28.39743657746426],[-30.06710809305779,28.168494557512997],[-30.06710710986073,28.16849466115875],[-29.811266738871677,28.60258092188889],[-29.36524811475688,28.979504012279182],[-28.61722148420834,28.93683901969664],[-28.617220126762078,28.9368390861883],[-28.12249892511181,28.86947160212931],[-27.63785017137047,28.921527779081643],[-27.518130071364087,29.135739165878615],[-27.646504684196287,29.35443633637983],[-27.836729528176235,29.517270695352522],[-27.836727599841357,29.51727069942012],[-27.44452508504981,29.92868479298216],[-26.64727120495562,30.21109326922599],[-25.643371504186785,30.301775791131444],[-24.806880925312424,30.067671708535617],[-24.62558810945734,29.712223982569085],[-24.62558803968207,29.71222397561937],[-24.409744638871608,29.52156776732806],[-23.91185047635747,29.460189845059165],[-23.445311578130713,29.37006585331522],[-23.36065751841032,29.154387973300075],[-23.446536609950773,29.018506072144138],[-23.446535081237926,29.018506123341805],[-23.45038614359889,28.340139375303067],[-22.853807540745695,27.71218201467659],[-21.47325614710955,27.595999469374526],[-20.85646387538998,27.83758241362226],[-19.882808039295714,27.976075456149445],[-19.11785694000992,28.284631075987637],[-18.365869769693628,28.598811310018952],[-17.406994943942095,28.754556259834416],[-16.834017035020217,28.721530807828106],[-16.834017402926218,28.721530896342994],[-16.457512028810974,28.574616452567373],[-16.248071232624554,28.369588724739298],[-15.753657904861242,28.406266641751188],[-15.559976013156097,28.449597022803097],[-15.559975074361498,28.44959704397908],[-14.661480587467388,28.654484640672457],[-13.628378348230875,28.640748935129952],[-12.906085314911996,28.38220578631223],[-12.935607925253388,28.35488603103061],[-13.434676634004374,28.39795556499485],[-13.869915771003553,28.284803093152192],[-13.742583822794886,28.09130950374553],[-13.44601115171807,28.038664513271346],[-13.44600950629022,28.038664581379972],[-14.890280058014074,27.79415496509623],[-16.445095201431013,27.762353620739514],[-18.00352200823976,27.773557437727497],[-19.54006475146698,27.67055145836009],[-19.576149546292683,27.665538342189212],[-20.486070796351544,27.44320023944959],[-21.38906989889326,27.215034339569115],[-22.22159597349559,26.939425418097546],[-22.86739786139017,26.57885337637956],[-23.068515841185317,26.370798616556925],[-22.30624210420743,26.055385501718458],[-21.698170403469657,25.677489463428877],[-21.300752637225525,25.245963177210683],[-21.280494020395512,24.78039152025257],[-21.294272376526134,24.75788859064855],[-21.804244679771756,24.349895047534563],[-22.430485703588197,23.97254974538094],[-22.311483178855045,23.540352555430726],[-21.889307083432165,23.39235005393876],[-21.889306992089995,23.392349932070694],[-22.22125899063247,22.957089355725195],[-23.20598634874182,22.83846920157724],[-24.24175273484914,22.875488804965105],[-25.27322159832558,22.859382542442457],[-25.609949163864307,22.725734487807614],[-24.79899156181111,22.43101791635057],[-24.268572606249343,22.0209045223639],[-24.278253925681607,21.55314237332285],[-25.15963855093228,21.335057344860335],[-25.652974983590696,21.335132854627343],[-26.218200836603696,20.970850646724788],[-26.24518325267905,20.48562316045782],[-26.524300211446175,20.03071797043002],[-26.52429979660046,20.03071764322277],[-26.187650366683528,19.57790538009897],[-26.392028490914583,19.10192610107134],[-27.096830131385325,18.759686336257612],[-28.01059286302557,18.92639833133791],[-28.16052807141267,19.01592489882492],[-29.183987014935965,18.99259469088163],[-30.138580176073717,18.800901966085636],[-30.992088389535706,18.521930890866614],[-31.195667086386845,18.424754490136078],[-31.064611066183726,18.09463769635359],[-32.096430788288245,18.048911765619476],[-33.134169515270884,18.07273603867216],[-33.464083915294765,18.090303545001234],[-34.17832479241779,17.733335772655785],[-34.6404353393727,17.29228560108272],[-34.790757447854794,16.802915640985045],[-34.684399709497235,16.308701762862587],[-34.61299801451028,16.155790033190318],[-34.8131410389746,15.480780271883098],[-36.2614279703503,15.219581665714895],[-37.796057840266265,15.087666148868099],[-38.51021233052405,14.994876486233393],[-39.54485419546089,15.014989843295973],[-40.567260202171504,14.926998107700973],[-41.58484140718308,14.825657857903899],[-42.620445248615226,14.812170315800723],[-43.3853289513284,14.909576106883625],[-43.38532870140605,14.909576568681985],[-44.929412181681,14.807438754461263],[-46.486447447490264,14.787634393397152],[-48.02428856586656,14.90173833013901],[-49.2509745753275,15.136091114986963],[-49.25097426990209,15.136091108868824],[-50.20703559417196,15.325353410285127],[-51.201748547416464,15.469086775688437],[-51.41327269059783,15.848206475366784],[-51.090795735158736,15.993624091620841],[-50.198600120207175,16.606346303901837],[-49.50122399623793,17.270878871780262],[-49.50068482365693,17.991339443311908],[-50.62055123001262,18.34055432321535],[-50.62055158586653,18.340554133708974],[-52.11228813708356,18.48817446357162],[-52.925664664925975,19.102111387004268],[-53.28367823208446,19.816509973147472],[-53.75604296933894,20.51100727835031],[-53.85886808288198,20.595815554118293],[-54.340225558459615,21.010779385902975],[-54.18481401761832,21.48632078123955],[-53.95262489591907,21.954777933105515],[-54.01979400209775,22.098993854570946],[-54.92155667788264,22.304766908322286],[-55.28351443122875,22.747587192188995],[-55.27736399841374,23.00814231971338],[-55.27736388518751,23.00814217386753],[-55.27722358360144,23.00814217386753]]}},{"type":"Feature","properties":{"stroke":"none","fill":"rgb(255, 221, 85)"},"geometry":{"type":"LineString","coordinates":[[-34.55260174722615,32.76533628548165],[-13.247546085608725,32.76533628548165],[8.057509576008693,32.76533628548165],[29.362565237626107,32.76533628548165],[50.66762089924353,32.76533628548165],[69.78500760050183,28.29497188778162],[69.78500760050183,23.628719320064032],[69.78500760050183,18.79017031542809],[69.78500760050183,13.808575257201808],[48.47995193888442,8.775491137029105],[27.174896277266992,8.775491137029105],[5.86984061564958,8.775491137029105],[-15.435215045967839,8.775491137029105],[-34.55260174722615,13.864787259907956],[-34.55260174722615,18.84496796138879],[-34.55260174722615,23.681746975809315],[-34.55260174722615,28.345934635556446],[-34.55260174722615,32.76533628548165]]}},{"type":"Feature","properties":{"stroke":"rgb(153, 153, 153)","fill":"rgb(255, 221, 85)"},"geometry":{"type":"LineString","coordinates":[[10.259725809053453,13.938598534774052],[10.570412591079176,14.410160862521918],[10.584922676714765,14.912121648180038],[11.023365133165719,15.354103818762674],[11.134791997691586,15.40045789373889],[11.576762355488103,15.85208000912197],[12.362463670133648,16.149735176792134],[13.078595863813803,15.959905998659902],[13.07859252728701,15.959906108346953],[13.39868993873651,16.15312155212637],[13.589897979775916,16.384729271321614],[13.953609530699362,16.553366119081943],[14.214148822447797,16.584089740115594],[14.214151994051225,16.584089922346948],[15.203490863529789,16.44197574216337],[16.065873619804684,16.16538716506868],[16.867710466837334,15.847902572253979],[17.556447935997852,15.6115892414896],[17.556447555405448,15.611589943473412],[18.44149972770014,15.352614059606323],[19.393345487377402,15.15160962123921],[20.257385406438004,14.87715897358023],[20.58389404927282,14.67720284510425],[20.58389596492128,14.677203025974952],[21.340646553724067,14.388854968516132],[22.364598717100783,14.470084993398016],[23.16949616143142,14.270618948307611],[23.169498305435326,14.270619206290569],[23.67057778538028,13.833507799828645],[24.466848468415005,13.512510632001558],[25.404192071465204,13.296223834100442],[25.563562999196403,13.268610247980305],[26.081329401125803,13.288501981267467],[26.58819920131179,13.245585902098957],[26.79631981757564,13.03137870904717],[26.713096943897455,12.861339820170873],[26.71310066101664,12.861338952018867],[27.122717454290846,12.711328479670732],[27.635208921534552,12.681557082534082],[28.15213270455438,12.706965781350338],[28.665884884156597,12.689647564911704],[28.993519446204672,12.51299579149763],[28.99352107006562,12.512996026621904],[29.381731633529164,12.34646429974538],[29.726080545588072,12.156507980078471],[30.123641033986004,12.127873614492179],[30.1833861133653,12.336844163923915],[30.183382446991747,12.3368441354422],[30.547755771997906,12.278094086403605],[30.939290213902353,12.111618738519423],[31.419447184303507,12.063076731654418],[31.636543438239176,12.224238006001713],[31.63654313376524,12.224237044023369],[32.62826418188437,12.219392839728206],[33.54990834801738,11.985085906931616],[34.55364946861535,11.896326018761876],[34.69387058475775,11.915967455966053],[35.72689693386769,11.967690835350748],[36.72570621115124,11.889403057753126],[36.89702036975367,11.582526210719221],[36.897021194370566,11.58252701912639],[36.785546438633084,11.076745627178097],[36.8733839952839,10.57003494291435],[37.282758706412444,10.103829516626334],[37.44715930239384,9.997249373139038],[37.567069165775905,9.506795304570952],[36.78265235051451,9.202031179683138],[35.99576168458737,9.226940796371197],[35.99576537633375,9.22694086956665],[35.49098514265701,9.17278883257471],[34.97786728373831,9.20627186244459],[34.49901067073839,9.304399398853194],[34.06912361450644,9.447607067225528],[33.97921658662564,9.4862426298237],[33.97921587618646,9.486243065543318],[33.02561851606015,9.335938957764844],[32.04836821300783,9.505369296251445],[31.061222507292523,9.65772500678987],[30.829029560639555,9.658373933917888],[30.33125419370301,9.616527305897232],[29.892486647901748,9.74956493032873],[29.492753611162765,9.912648019379011],[29.000663482902844,9.965269885845403],[28.605822644435534,9.849480095391568],[28.605821020574577,9.849480614943076],[28.113137840534822,9.928613201706508],[27.658274407389158,10.051863930733921],[27.223233495603573,10.191608621278164],[26.783141805375443,10.327348229679167],[26.33849886424305,10.432209268333953],[26.338495426224938,10.432208777153043],[25.78861419270565,10.852993039466945],[24.85409331669714,11.068418542915623],[23.831933109251384,11.157288774594495],[23.780173949667827,11.160003869675062],[23.317554537974186,11.05095499999889],[22.84872812078248,11.086817894730585],[22.725313102794566,11.13437755149042],[22.725313876665798,11.134377710689854],[21.695541047146556,11.098963631604159],[20.66708520691683,11.087577868425173],[20.20794010915739,11.206830297290503],[20.20793967781931,11.206831160856124],[19.783159334427797,11.352960935173385],[19.376837291588725,11.511509940681766],[18.919103557350102,11.629568734641223],[18.40581126024345,11.657654263579536],[18.382618910252152,11.656808518961324],[18.382616043122642,11.656808847327984],[17.51284631801421,11.922576238549315],[16.49757641899323,12.029748397807747],[15.53709596901152,12.213881669788792],[15.34794470010201,12.28880582486914],[14.498935022323927,12.580730135496214],[13.677521453196048,12.89097225219304],[12.81416342887023,13.171830931089296],[11.834677145408488,13.325938913730708],[11.79535265030249,13.32610983259808],[11.290041477527256,13.353438059611701],[10.833394017459177,13.472774055827543],[10.444381000271726,13.639058360449738],[10.228624748779998,13.863113346707046],[10.259722320289699,13.938595674372184],[10.259725809053437,13.938596015159852],[10.259725809053453,13.938598534774052]]}},{"type":"Feature","properties":{"stroke":"none","fill":"rgb(255, 221, 85)"},"geometry":{"type":"LineString","coordinates":[[-14.76488078978,20.921370492071087],[-10.972874096748058,21.714203312385127],[-7.183323398254618,22.50520866296354],[-3.3975469078281306,23.29554106379337],[0.3804551897209314,24.088973437471402],[2.8242613831489773,24.62755288928493],[3.2460464515864964,24.765245208354614],[3.6404036205326338,24.91847611104485],[3.9838010515662385,25.094651231859952],[4.235808730121317,25.29935289190431],[4.262093393444792,25.331394416354065],[4.262092822556175,25.331394398452147],[4.510969113624974,25.786024439493552],[4.859464897152399,26.22435862381914],[5.443222293189894,26.444952538244756],[5.4432243230160875,26.44495260208666],[5.9596386196629165,26.431241677978722],[6.458872784621009,26.367405578123886],[6.943398638729901,26.28339763467563],[7.4260770338480295,26.197198436483156],[7.850699228406755,26.156598723727186],[7.850695612778856,26.156598862395757],[8.366100641786131,26.133367202311884],[8.873065590074651,26.082336761573114],[9.375384139356374,26.022657947366692],[9.82011429958275,25.964665838382217],[9.820114172718604,25.964665966593863],[10.333033933287846,25.95731302762472],[10.812826169295963,26.044244957567635],[11.22756089020025,26.18398832924895],[11.497496057073395,26.30773065725735],[11.497497579443039,26.307730756684947],[11.836445314313805,26.48398257343218],[12.169249589932592,26.66229768983078],[12.504384994063326,26.839453607065586],[12.866970625773515,27.004972357306073],[13.321421750474887,27.085156358667412],[13.321418198279051,27.085156182325477],[14.260684173592754,26.88863224029535],[15.183961715485834,26.675842901875175],[16.117594542537436,26.47193321320799],[17.07893925445044,26.295836018978004],[17.669206366502593,26.23905867708219],[17.669208459760835,26.239058794334102],[18.707517964352537,26.254272891147522],[19.73606102367623,26.319122992267825],[20.739025101436873,26.43976837198425],[21.697483654239836,26.618427995564236],[21.918267975493645,26.669735511245378],[23.34257055993062,26.951136305845843],[24.812442234815325,27.1819583774569],[26.30054270034275,27.38810917353112],[27.79968827477203,27.577527674738754],[28.46359678314568,27.655977612057526],[29.482707557337474,27.74524236966632],[30.513248726814265,27.804207538422535],[31.54968114963928,27.837073557029832],[32.58842091395059,27.83310167203428],[33.490551790056756,27.763998677867406],[33.4905506482795,27.76399869889876],[34.48212981154815,27.626404661863166],[35.464874917521506,27.476942550074327],[36.40084680209358,27.277941967650083],[37.13408979621178,26.958953333593964],[37.21841480207759,26.704528022385567],[37.21841575355862,26.704528079005446],[37.036785003359384,26.246940490852545],[36.825199410361805,25.790139145807633],[36.59699461545592,25.33318235795455],[36.46234419236112,25.0631349295859],[36.46234609532317,25.063134958292164],[36.15691085423634,24.61313366775465],[35.84790153325822,24.162362218884564],[36.13794466579901,23.728639621029153],[36.61355831430441,23.578501593032342],[36.613560026970255,23.578501400613035],[37.43316406948424,23.289590435279642],[38.004901088568985,22.89283664677412],[38.36076292103383,22.443293658012234],[38.495160186743824,22.244225371928625],[39.160855386186796,21.88060455387806],[40.042521491240784,21.627266882623434],[41.01398361805596,21.457276971891883],[42.02920594302567,21.355529679404913],[42.993642968270855,21.31126821497995],[42.99364474436877,21.3112686652082],[44.539966143537136,21.223474265498684],[46.05710263835283,21.05754764729342],[47.541341676719306,20.835637987175183],[48.990320414090455,20.567288141946154],[49.374249097271196,20.48595847898158],[50.412760759864746,20.504496766674375],[51.451674962364045,20.516961014488725],[52.49089046718801,20.520801742452637],[53.52949543835409,20.506002213757053],[53.74698186294219,20.4966583631823],[55.15697994507712,20.19558577903354],[56.46176966207501,19.795214218022007],[57.77089654674647,19.397178212506205],[58.315097578095326,19.299095017860207],[58.83405765737342,19.29996301489291],[59.353249136836844,19.290626406583932],[59.8704662931728,19.310091636924394],[60.35519830150384,19.394463678938674],[60.46638678831685,19.431106059694734],[60.46638856441474,19.43110600739574],[60.85863484099027,19.59145289281529],[61.20653594887691,19.772724611777388],[61.48479657472127,19.978488075225556],[61.63556667218611,20.145119682264873],[61.63556844828398,20.145119548383356],[61.76753709039301,20.380548683269996],[61.871343670251534,20.618803638108872],[61.964200289310725,20.857677535945996],[62.05049961830401,21.09670846872021],[62.12766472945456,21.32456964318109],[62.12766327051696,21.324570019567332],[62.645762005738895,21.318127577469454],[63.14115060155312,21.248351040704353],[63.54710790999918,21.10022863920387],[63.55925515108865,21.0931974544164],[63.55925908387685,21.09319721788211],[64.29583625780387,20.75159084717117],[65.06056534485045,20.422457714647887],[65.80688327405774,20.08352763773223],[66.49899850085804,19.71966288934872],[66.88856654864358,19.43820549362584],[66.88856375763254,19.43820560569023],[67.3646717956787,19.002440695790476],[67.85751517975031,18.569678115399977],[68.35029513175354,18.135799570862986],[68.83073754646225,17.697740153104462],[69.26589739337598,17.251457664309118],[69.26589618816669,17.251457777800912],[69.53980499352969,16.773186722055417],[69.70057357076853,16.28152501167142],[69.81150040029961,15.785381224303864],[69.85516284963678,15.585335289823503],[69.61024630543488,15.10198923433859],[69.2405642110778,14.632992356825659],[68.92017676283898,14.155074844833461],[68.8953960738561,14.072602979185334],[68.74675348796386,13.832863531988878],[68.46877037741851,13.620231326895873],[68.12860798187086,13.429634524265415],[67.99071459428153,13.364431830984715],[67.99071066149328,13.364431091017677],[67.16257931703407,12.461850455914156],[65.47652975556679,11.179438556732684],[63.79048019409949,9.891328982185799],[62.1044306326322,8.598150117515287]]}},{"type":"Feature","properties":{"stroke":"rgb(153, 153, 153)","fill":"rgb(255, 221, 85)"},"geometry":{"type":"LineString","coordinates":[[-37.8075975765791,31.69322676801739],[-37.49243429834166,32.09875720891421],[-36.52719644323354,32.22270505948504],[-35.899288345370714,32.15846387452174],[-35.899288151902915,32.1584638493703],[-35.39503313575212,32.108428833037095],[-34.878779353954265,32.12259535239469],[-34.422881185193596,32.2225812758873],[-34.20517637985216,32.416641697555455],[-34.26144855348918,32.61182595959044],[-34.261449007028475,32.611825969600666],[-33.84836306636203,32.74048808582138],[-33.82017544098799,32.73782374619293],[-33.820174537081016,32.73782384695369],[-34.03481172002289,32.9252008354129],[-33.640109639205086,32.936075451824394],[-33.64011044225508,32.936075394574715],[-34.11347937829253,33.01745480840717],[-34.62155835228149,33.061876077249735],[-34.316537322601,33.175412089930255],[-34.287525080338376,33.180113039237064],[-34.28752431661628,33.18011294932342],[-32.734805177429195,33.23497422019684],[-31.178689676611032,33.20482006188397],[-29.624300717403333,33.156368034345014],[-28.505022048805966,33.14586116428987],[-28.505020428750946,33.14586106120697],[-27.987218145837755,33.161027102654245],[-27.718575407357292,33.093720287538254],[-27.977798483687433,32.991428144765116],[-27.977798246451503,32.99142821606643],[-28.351365792231107,32.83996179150723],[-28.800278504464476,32.76575765689033],[-28.94099461909547,32.89748230824603],[-28.94099461655819,32.89748239153044],[-29.85734617202534,33.09963042447018],[-30.878471643856095,33.15448560022868],[-31.725886414251985,32.92756093940627],[-31.765213580482353,32.90036617052311],[-31.98982923291796,32.722180546089504],[-32.21856923590056,32.744136689935736],[-32.218569575896446,32.744136651620025],[-32.18897024700568,32.31535560059712],[-31.40789154434132,32.072783790448064],[-30.852240501340287,32.1675841737765],[-30.85223998183165,32.1675841285084],[-30.33698577461898,32.14806378362436],[-29.81966355891981,32.16833381858346],[-29.302715988874347,32.16750264926986],[-29.113018423962586,32.09704199911265],[-29.113019950138156,32.09704193978235],[-28.638946967618995,32.177786211723095],[-28.15568579037286,32.107189121294745],[-27.74277474143369,31.973687978690613],[-27.286686276467975,31.871781155267094],[-26.82293442474444,31.902382166311106],[-26.822934320715856,31.902382122055112],[-26.363797255993543,32.00487968327291],[-25.91526513617029,32.115813802421854],[-25.41633623804115,32.15950964503036],[-25.04272135544621,32.016636433471],[-25.022137649265904,31.999680070266216],[-25.022137481805245,31.99968002709848],[-24.55383454663809,31.91064416796428],[-24.147318243089686,31.773389352928035],[-23.66469138652708,31.700694859549262],[-23.3418459456396,31.72111015490352],[-23.341844116258752,31.72111012878969],[-22.877554921335072,31.62491554444576],[-22.498540383921654,31.694542657128533],[-22.452540240853427,31.749587729717387],[-22.452539914812608,31.749587773608788],[-21.463158554728725,31.867950911695836],[-20.424684412203625,31.85648698379915],[-19.394246319837904,31.895730180642822],[-18.89516677054642,31.994986087920292],[-18.895167218376827,31.994986120272564],[-18.552304547589525,31.83509010597644],[-18.359772362123262,31.630128394118067],[-18.141276638179566,31.429797478629883],[-17.775452006479135,31.275621326759985],[-17.69138072888673,31.257503289865234],[-17.69137960994506,31.257503299448373],[-17.790925466652826,31.065652343290992],[-17.720119420354596,30.866408015627474],[-17.671938799936758,30.847148525340724],[-17.67194004574259,30.847148525113276],[-16.934822485144796,30.58309438924234],[-15.924222772156254,30.682635321920593],[-14.924961541385684,30.632434154623567],[-14.896047183685027,30.623405421552125],[-14.060961267367803,30.40531770456759],[-13.828958477369328,29.968812793260213],[-13.52031389078422,29.6977023494932],[-13.520312186998883,29.697702386758788],[-13.042904321843594,29.305228312130446],[-12.726358478244345,28.87564791807665],[-12.282540154000522,28.70288344363712],[-12.2825404166093,28.702883450864103],[-12.325313190591322,28.477928506987475],[-12.777786027660962,28.432080982063273],[-13.249328130279007,28.527533661019586],[-13.720703723717621,28.62317749912281],[-14.167725367413235,28.65688139874248],[-14.16772606136007,28.656881323312373],[-14.674840966864089,28.61930908907066],[-15.147354373028781,28.524714780567603],[-15.613227234537838,28.423675910386518],[-16.109269973556952,28.361132726328684],[-16.428297596830475,28.46038842898405],[-16.428296394158473,28.46038837904448],[-17.087019804147555,28.746261152210042],[-18.101393725203057,28.669091804386596],[-18.874634602921642,28.4061329309788],[-18.8746364196161,28.40613297418437],[-19.506655873966686,28.056816396190186],[-20.472968109732527,27.890433594739886],[-21.37170537018182,27.667874428847366],[-21.51189052922197,27.59759028523204],[-22.473250811170452,27.492664299256017],[-23.18511719825393,27.813510284172292],[-23.464269837559502,28.251932087312593],[-23.46837016511358,28.340485290352103],[-23.545855370973346,28.791404823321635],[-23.528585990364444,29.244296827150727],[-23.871234130090652,29.48765395285788],[-23.871233178609632,29.487653990959753],[-24.65839041780401,29.64382139120798],[-24.828348715945413,30.086598208970045],[-25.392727615101286,30.26822709358656],[-25.39272593415149,30.268227076907962],[-26.39164393400019,30.295174923026078],[-27.147583715075683,29.994296072105676],[-27.690272811359353,29.610312915443714],[-27.798326536100063,29.530015779355438],[-27.73781118208512,29.314030627394246],[-27.49214274586101,29.114415842311],[-27.5299165425648,28.911491612921843],[-27.90282970790359,28.868867349315522],[-27.90283043229782,28.86886739198411],[-28.917826056129798,28.946285612177363],[-29.840671467057238,28.776484025168727],[-29.74748579414346,28.42996997926937],[-29.74748450774113,28.429969877550064],[-29.835267847734475,28.207587233803746],[-30.300355737397673,28.1856444523476],[-30.735436294225973,28.309963877154797],[-31.143393695077254,28.451425525017033],[-31.344324682843787,28.510984304335068],[-31.34432441135455,28.51098430711976],[-31.787506704151955,28.393729543104342],[-32.27046657907341,28.309487835059393],[-32.74691475572807,28.218524756964218],[-33.16673791786552,28.085506087177297],[-33.31223522464855,27.996236198075877],[-33.31223602833287,27.996236293563456],[-34.276384823334006,28.024531175580044],[-34.78301873551581,28.416568614599935],[-34.81503210751235,28.86697022848704],[-34.80899413388709,28.875960272770747],[-34.284630992219796,29.267655853506838],[-33.87435435636939,29.680936589486112],[-34.13091328582873,30.096325898850893],[-34.51397107652408,30.215724326646136],[-34.8296115719727,30.639556766444038],[-35.11779733426207,31.065864453402327],[-35.99673387812477,31.24414588075019],[-36.23448423007568,31.2274546756277],[-36.649160452657895,31.36102436129278],[-37.082161626995514,31.483480258546674],[-37.516274844781435,31.605069661190946],[-37.807576707428616,31.693215728244713],[-37.80757679115895,31.693215723441693],[-37.8075975765791,31.69322676801739]]}},{"type":"Feature","properties":{"stroke":"rgb(153, 153, 153)","fill":"rgb(255, 221, 85)"},"geometry":{"type":"LineString","coordinates":[[-53.72870978185461,33.082157129479015],[-52.74735216515737,32.581434269050355],[-51.41366022089042,32.24317562539454],[-50.028011465886536,31.941149379012185],[-49.18023628875047,31.68878674263397],[-47.85588930903014,31.340595577863958],[-46.44050082522972,31.061553235414006],[-45.04932257789244,30.760849835668523],[-44.4014083767489,30.574819484769336],[-43.10238029918237,30.211622158107616],[-41.61283080734352,30.015152875574447],[-40.11403410929018,29.83092169821328],[-38.88755524517747,29.529281701395234],[-38.88755604442152,29.529281659345322],[-38.94134960364447,29.08423996332212],[-38.79808034826229,28.635695392440297],[-39.682581073870786,28.55092295719611],[-39.828356124308314,28.570495974109807],[-40.714585145423946,28.802900950315394],[-41.64115322586281,28.6980546246738],[-41.823912908298546,28.381580425283776],[-41.82391235009635,28.381580380116517],[-42.85559585500569,28.374256391192603],[-43.73417955798818,28.144207683985766],[-44.117947536023756,27.725821867080292],[-44.01027952900429,27.299060720054406],[-44.01027873293184,27.29906074025968],[-44.306576667034214,26.861390376610174],[-45.023317412120136,26.52970953934594],[-45.93392836286413,26.307648540674354],[-46.91837424117017,26.159487616691596],[-47.80834697380011,26.07073220997068],[-47.8083465947935,26.070732025085697],[-48.143535898738506,25.97610460908246],[-47.9627673885734,25.75721705281043],[-47.94955666921297,25.527479964074896],[-48.2582627056143,25.370301574169805],[-48.2582626031715,25.370301521340334],[-49.128010519700524,25.11381653293633],[-50.104995200966634,24.96528296800428],[-50.96141038718608,25.183721094598468],[-51.06839944493884,25.28209971881366],[-52.09918644159061,25.332866393225117],[-53.072038127153135,25.49401827682113],[-53.892752952403065,25.777219852750164],[-54.387813485488785,26.182677945001956],[-54.43589697555195,26.603753648386483],[-54.43589732823425,26.6037535944084],[-54.60729438874409,27.05681947631525],[-55.32412582186523,27.376652447938145],[-56.338349091758396,27.45855355277791],[-57.257414347862465,27.408359441111738],[-57.25741418753791,27.408359460312443],[-57.983837899069755,27.735280108734123],[-58.85571564307613,27.984362116193207],[-59.7613154604203,28.209038755190104],[-60.60804139819893,28.472831668114907],[-61.16554089131678,28.749286372846825],[-61.16554084913446,28.74928643348494],[-62.10174321269969,28.876503181414435],[-62.96700512825676,28.627105745398538],[-63.907553971065504,28.738889726881503],[-63.9640378556135,28.761963250184714],[-64.54451662501334,29.540888601299912],[-64.30563542010292,30.434060941606866],[-64.0037691137242,31.315854512622927],[-63.855411262245454,32.195396222276365],[-64.50191256574375,32.571374801431105],[-62.451076497754585,33.08227719956459],[-59.86410588827758,33.1736334714187],[-57.26635529612193,33.167334347626095],[-54.671778041854516,33.1112274075054],[-53.72779002701264,33.08227894096214],[-53.72870978185461,33.082157129479015]]}},{"type":"Feature","properties":{"stroke":"rgb(153, 153, 153)","fill":"rgb(255, 221, 85)"},"geometry":{"type":"LineString","coordinates":[[-64.51717426049453,27.651608553726792],[-64.78435748773911,28.32663795582579],[-64.03843966373638,28.881235294496292],[-62.50463137538541,28.94964276801947],[-61.51217410474897,28.876790017253914],[-60.31465073736344,28.439282807513877],[-59.098019701862405,28.010434014658514],[-57.779944931049,27.644189652265034],[-56.31252678874564,27.418113203686456],[-54.959050977035254,27.39490869360215],[-54.95905076453782,27.394908735806588],[-54.53543477543556,26.72749303151024],[-54.19103432482113,26.04722204168462],[-53.9857354444729,25.35190917888492],[-53.96574839618552,24.64660013220391],[-54.032072989055884,24.288212192254587],[-54.437041726160494,23.851733069139367],[-54.85431372979888,23.416221607634885],[-55.14822621850918,22.95886386477052],[-55.24516207300823,22.73593951229279],[-54.73621412091369,22.325730272074505],[-53.975071919107236,21.999148253713045],[-53.959139567564065,21.549992275332862],[-54.33756636721916,21.30432733960446],[-54.33756670182332,21.304327298270085],[-53.61646070292976,20.398098566796854],[-53.11391221240026,19.450956985775967],[-52.15828828015178,18.59041402263911],[-50.256413494879936,18.26949176106122],[-49.91177915119987,18.279973871607428],[-49.435527204820254,17.362372881463063],[-50.39170121203648,16.48522856361166],[-51.32936098430237,15.601641050185396],[-50.41710575541157,14.774378134467064],[-49.95038806914275,14.645080583385333],[-48.928376915957024,13.786536965831647],[-47.21606192907349,13.218953769648724],[-45.4519278979765,12.686331792868284],[-44.38132343057883,11.844680599680286],[-44.36482603727139,11.410664059950397],[-44.20955533623726,10.927837170787534],[-43.27961148041078,10.714783416701048],[-42.457807407612115,10.439521575595897],[-42.64166922223547,9.947004485441601],[-42.72277784481503,9.863773247432885],[-44.20198709758198,9.622245061469648],[-45.59518922435013,9.280621181775388],[-46.71946515058237,8.755079285731526],[-47.25331042896124,8.039166076534508],[-47.202555854144805,7.358022244415364],[-47.20255552429804,7.358021524687047],[-48.1549358307727,6.836245949752641],[-49.65006932687869,7.035158291391462],[-51.117322446691716,7.292369695254987],[-52.04841641630812,7.215395023660038],[-53.59048626206556,7.328507296564335],[-55.13502541040943,7.433123757252912],[-56.67655996007815,7.547921552731206],[-58.207536539307455,7.692887752712726],[-59.360727081884626,7.836939124120591],[-59.36072722777837,7.836938466726833],[-60.85130561036357,7.987913559645139],[-61.79908874428807,8.589204306855114],[-62.3724492278722,9.304135531078202],[-62.931468922542244,10.02052219164313],[-63.47520114803981,10.469663060819599],[-63.47520114799024,10.469663685940205],[-64.60153486879805,11.285224052217563],[-64.8441112394715,12.292984100568926],[-64.8682893882282,13.30547971003247],[-65.0947288637162,14.303079463687967],[-65.8614713091922,14.481288681353506],[-64.51717426049453,27.651608553726792]]}},{"type":"Feature","properties":{"stroke":"rgb(153, 153, 153)","fill":"rgb(255, 221, 85)"},"geometry":{"type":"LineString","coordinates":[[-74.75628008436708,9.914846176365684],[-74.44138119891953,9.946042709564793],[-74.44138096897828,9.946043552339217],[-74.93869456155782,9.997742432563532],[-75.09923914430532,9.976215370481986],[-75.09923951696871,9.97621523003256],[-74.75627979099374,9.914846863136228],[-74.75628008436705,9.914846176365684]]}},{"type":"Feature","properties":{"stroke":"rgb(153, 153, 153)","fill":"rgb(255, 221, 85)"},"geometry":{"type":"LineString","coordinates":[[-72.25111731986321,9.359710437080693],[-72.53436445160688,9.40236067344311],[-72.56445801240969,9.390446777945924],[-72.56445752874018,9.390447012436987],[-72.25111747051439,9.35970949903334],[-72.25111731986321,9.359710437080693]]}},{"type":"Feature","properties":{"stroke":"rgb(153, 153, 153)","fill":"rgb(255, 221, 85)"},"geometry":{"type":"LineString","coordinates":[[-66.61473493570635,10.176606552828689],[-66.98322171259936,9.996646217545674],[-67.34949606775314,9.815449123489966],[-67.7925294201511,9.684960212045116],[-68.3058177527535,9.668460029559542],[-68.30614829329717,9.668487364574979],[-68.30614850103719,9.668487973755306],[-68.02808787491854,9.504312483512168],[-67.53589615623666,9.582316394088002],[-67.07574060545089,9.701115977011948],[-66.94782141504693,9.733485685299545],[-66.9478212937331,9.733484904450584],[-66.43747870911865,9.77276397969542],[-66.07067657933366,9.811258922927799],[-66.07067656307919,9.811259875340852],[-65.70857511270769,9.990164429363293],[-65.37392759038393,10.18339381714929],[-65.14468607761093,10.222596448422472],[-65.14468609505474,10.222597103351248],[-65.61564750424387,10.298806569511731],[-66.08995868920516,10.196051233260949],[-66.59153215946526,10.171765238436132],[-66.61473491628028,10.17660581982634],[-66.61473493570635,10.176606552828689]]}},{"type":"Feature","properties":{"stroke":"none","fill":"rgb(0, 255, 255)"},"geometry":{"type":"LineString","coordinates":[[-6.316646766692786,16.14270352955601],[-5.580617043231706,16.702360352636163],[-5.590437120313489,17.446576962272893],[-5.556108477822087,18.187211950762972],[-4.867466156764089,18.813444951750714],[-4.843168331715167,18.818406796175054],[-3.1512163993905897,19.37542424153201],[-1.7126127696993019,20.078781271710092],[0.23770131989411844,20.359397241161627],[2.289851630722852,20.220928395479106],[2.38236335059679,20.20991226253439],[4.185086862465122,19.014927382301977],[6.432944926682004,17.9951587807947],[9.052586272520154,17.193036089154248],[11.79521446988483,16.484250464951604],[13.122189946067744,16.06211571737058],[16.0901284569409,15.05069321321965],[19.222982809800264,14.158441450715008],[22.53218624168752,13.428137648300353],[25.95757343577051,12.833374345855564],[26.939817631386486,12.564971169620884],[29.494949946529452,12.335300110826033],[32.07119582860609,12.175315758590413],[34.66544056007769,12.105884562876877],[37.25913818995976,12.031555741764452],[38.185249572192895,12.001665010235252],[40.25990318948404,11.939809498519203],[42.336589817252275,11.897314445069775],[44.412420112097784,11.849422035506242],[46.4259521868128,11.607785852396006],[47.92217988609786,11.338918861773763],[47.92217964505599,11.338918684665682],[50.19539491963855,10.325111289915842],[51.67986389925283,8.977118667701788],[52.80980311983765,7.541014001465654],[53.734690250465185,6.064215038844857],[54.51894848555569,4.630055937134502],[54.51895236759826,4.630055772883521]]}},{"type":"Feature","properties":{"stroke":"none","fill":"rgb(0, 255, 255)"},"geometry":{"type":"LineString","coordinates":[[-47.26964046785694,7.102205820594934],[-48.19398520672601,6.909936801389177],[-49.20035776703451,7.027466356967711],[-50.134216570829615,7.252708292652571],[-50.17107726766687,7.262918194078075],[-50.67395805818704,7.327591859887988],[-51.18588656582413,7.371045521039343],[-51.70459635801849,7.378988942516242],[-52.21353662056055,7.330776235581845],[-52.272223177299225,7.320460818831439],[-52.2722234278559,7.320460524629431],[-52.70180344473638,7.4674645426087904],[-54.255510947294354,7.530474304054864],[-55.809218449852324,7.593474906662589],[-57.290291616034594,7.687923472318005],[-57.797923629997705,7.742897979353529],[-58.305555643960815,7.797865315394824],[-58.81318765792393,7.8528254307934295],[-59.54111673411023,10.14746569859126],[-59.57648506784699,12.436352490051258],[-58.88341166992045,14.68011515057527],[-57.62103322849855,16.844422713599705],[-56.40748276822544,18.71379714082031],[-55.4060731162939,20.358597843069074],[-54.68951820734573,22.019659613287967],[-53.8436624782548,23.647974242594643],[-52.592675048732474,25.20012376716372],[-51.78361016349934,25.932316651274103],[-50.49548400486935,26.660215676646907],[-48.85968494156184,27.2277110835622],[-46.97157887962671,27.608410337019855],[-44.94441783035058,27.804950149324096],[-43.63676473269842,27.8453161072166],[-41.56712403759143,27.929500597367632],[-39.51846050826994,28.08154224107981],[-37.50765403024194,28.31296459346182],[-35.50170803445143,28.55217797946137],[-33.61819187733724,28.76536782268102],[-33.61819221669881,28.765367748787522],[-24.33613568805306,28.72398790893814],[-15.816947251059734,27.068987281347884],[-8.436408050536842,24.49158139497227],[-1.6514087527478933,21.532198464209102],[3.4370155693972557,19.168331012668002]]}},{"type":"Feature","properties":{"stroke":"rgb(153, 153, 153)","fill":"rgb(0, 255, 255)"},"geometry":{"type":"LineString","coordinates":[[-51.77176247400946,15.558327001924146],[-49.81591048733359,15.219465084504073],[-47.83050260592427,14.924039357019533],[-45.77831364117889,14.776471382574863],[-43.718684293040994,14.882061286926614],[-43.55580552118427,14.903482958570306],[-41.483324328541656,14.85179762969844],[-39.41812485190158,14.959725371950189],[-37.37640316956038,15.147250712572989],[-35.772184356157695,15.299919411673022],[-35.77218530763872,15.299919573677984],[-34.55047677293635,15.67389227142692],[-34.676167416376394,16.413920787982715],[-34.826441950807215,17.152489974628182],[-34.10114184099802,17.661811921006827],[-34.1011414540624,17.661811664337474],[-33.5425134552887,18.04483276847447],[-32.51586146450275,18.090232166706937],[-31.480630286472163,18.047671692702558],[-30.960634012641517,18.3232356175746],[-30.988524785450487,18.35398341823344],[-30.518585839555147,18.74259482000722],[-29.577142939087675,18.947418273425097],[-28.558495282426943,19.035774200904996],[-28.039799365997524,18.99351985622248],[-28.03980115478185,18.993519766328124],[-27.152682067569508,18.755830440343118],[-26.47875598636924,19.079427291111738],[-26.311945504619825,19.562008925728154],[-26.29100102855076,20.050245170865022],[-26.315652316114164,20.378042189691524],[-26.315650552702664,20.378042540232148],[-26.240402060526996,20.862117632024216],[-25.77263416597592,21.28334310649853],[-24.81545218354853,21.455625314299148],[-24.484247182609863,21.472254764104783],[-24.12669092736237,21.877867814158733],[-24.669245230500795,22.28514377069657],[-25.33793420155773,22.65235572819115],[-25.00534400916963,22.901692187081167],[-24.503733514007685,22.867923072351545],[-23.49572421445369,22.778658261952703],[-22.532900742447232,22.941900210981437],[-22.016936369461227,23.33866652118184],[-22.45466917964751,23.752675373714744],[-22.681631619435453,23.834265833644004],[-22.011667543283718,24.196250050252296],[-21.496599148263186,24.605799303938717],[-21.264243517384514,25.062227988184418],[-21.496714118887077,25.514548729560705],[-21.56025820192886,25.56557638113027],[-22.29788096469776,25.893792010021265],[-22.787164223933072,26.301521147825568],[-22.700888681965424,26.75370282585962],[-21.982778200653527,27.08030817295484],[-21.29543623699675,27.22559787940778],[-21.295436360054953,27.22559796922916],[-20.002480565250835,27.603073794498286],[-18.493871719124257,27.768575087663457],[-16.93756988660531,27.793189320720177],[-15.38505415566614,27.733601089705505],[-14.96887409956247,27.708461640183117],[-13.563701425537184,27.992454446911058],[-12.023931575832549,27.940793456093626],[-10.581942259492951,27.680886207268735],[-9.220666285627367,27.40804602292448],[-9.220666154957298,27.40804602819942],[-8.723398514788197,27.004993092291222],[-8.34787274113415,26.572843131783962],[-7.8317022139259995,26.171787277590585],[-6.8910601433214795,26.03870476403778],[-6.306030141412668,26.151006068109425],[-6.306030613347251,26.15100624589816],[-5.815505992340199,25.755899675875114],[-4.873079894813266,25.56584810785862],[-3.8507928232308126,25.483562884064924],[-2.8189314738314395,25.42820952207496],[-2.510925172434117,25.298516200248653],[-2.5109246738580584,25.298516294796492],[-3.6888507527274434,24.836987800104765],[-4.848166949967908,24.36388504507817],[-6.173548302154648,23.99435399831929],[-7.546194474272381,23.841128244348926],[-7.546192707054965,23.84112841971433],[-9.085345861310586,23.84628810540569],[-10.585783864132535,24.038792090639983],[-12.112324163081453,24.170901427144802],[-13.388597200850707,23.836926562684383],[-13.606181954025267,23.541973771208625],[-13.264892774050947,23.363356863071143],[-13.01504178581985,23.15440546983567],[-12.711602593343898,22.9625824161235],[-12.245103340159869,22.862330009856212],[-11.852775997401,22.836201175687194],[-11.852775873074153,22.836201257464587],[-12.459967578190396,22.47549778321207],[-12.064147507167892,22.03634470852522],[-11.851967238529515,21.575471106255474],[-11.964674182492997,21.436012102110343],[-10.77506119159147,20.96707126427033],[-9.59164873738568,20.493205905913115],[-8.26918129583887,20.109477104674422],[-7.218322041967992,19.938061696044453],[-7.2183234894877835,19.9380613236608],[-7.905874124351176,19.577449111385217],[-8.726823846479222,19.277298688453147],[-9.344231954777607,18.891036900042455],[-9.16365671419575,18.421351043830562],[-8.950320587676496,18.275265567945123],[-8.863504095761293,17.59101200493162],[-9.87306907313485,17.025807438759674],[-10.510545502058184,16.36586698529732],[-10.298982574607269,16.046822542332407],[-11.546046266379276,15.627640770141026],[-12.134093256039101,14.935093316951534],[-12.64345672941219,14.223822049554547],[-13.678699800955599,13.675339617837079],[-14.144025486025273,13.578771816276415],[-14.633998643853761,12.86259299908302],[-15.587854407196923,12.266263143276362],[-16.902840829182438,11.864310694236636],[-18.416845365623235,11.697651547609722],[-19.027040316567202,11.698632590722063],[-20.186310663840022,12.132120168344006],[-21.299293699653425,11.625999159182355],[-22.02278004875818,10.950043080948499],[-22.625931799694392,10.319386366390813],[-22.625931889767934,10.319385424829136],[-22.25734787302065,9.858083884344222],[-21.385240187766485,9.583986204209243],[-20.472084025279866,9.340797559313645],[-19.93142079067919,8.92283114113344],[-20.129134583228982,8.4499214909256],[-20.129135256877547,8.449921048945074],[-19.69834758452728,8.013301347024555],[-18.699359904551475,7.879326929173975],[-17.916191908135758,7.587640773065741],[-17.93533649926534,7.235630041382622],[-17.93533808633568,7.235630261447083],[-17.041313034395465,6.605791705901995],[-16.53445116321802,5.877373109572943],[-17.18409862025645,5.272240684411316],[-17.807549323206292,5.287086111860559],[-18.758220899478115,5.408031211642449],[-19.67877086243206,5.170562690233371],[-20.647505410308096,4.9981206864599725],[-21.584436704914015,5.189290034671811],[-21.659503386826724,5.224199938490208],[-22.692721803165075,5.279536011188441],[-23.704586193016393,5.218405670092526],[-23.9803055716224,4.744453740581812],[-23.968971420546055,4.691622074129203],[-24.475896357154497,4.635202580928708],[-24.96817678161947,4.552774809506939],[-25.439833854861394,4.444376957191739],[-25.921473549860274,4.396945639390496],[-26.015503662183985,4.455987973889927],[-26.015503889270786,4.455988503411303],[-26.517925288576777,4.415394035729561],[-27.037299135236708,4.422208886182934],[-27.283621714665703,4.4138793965967595],[-27.28362237309057,4.413879721405233],[-27.947406593938158,4.811012597327723],[-28.464092506701654,5.2592433908699805],[-28.87464864010325,5.733851637076793],[-29.177695346656275,6.154282906272235],[-29.177693784958755,6.154282577964007],[-30.551705308243584,6.379725841165639],[-31.129720119843068,7.095236690124524],[-32.05034540837817,7.669928167758498],[-32.78573094302886,7.612683712088709],[-32.345591952776005,7.5033366532065084],[-31.836609071813026,7.451586836811194],[-32.26609174860924,7.446755598668213],[-32.59704063622872,7.453808010128897],[-32.59704089883748,7.453807210115747],[-34.14281670990546,7.358444573866163],[-35.6677890474148,7.198370805444217],[-37.19885681024235,7.054539906754159],[-38.31822864469011,7.052578193911953],[-38.31822779723767,7.052579012879645],[-38.764778512377355,7.18430888206908],[-39.21912457771552,7.309041093325747],[-39.72092179468547,7.344122470482065],[-40.016033545938036,7.247250081606263],[-40.016032879267,7.247250240048597],[-41.03554546453008,7.18887571431541],[-41.99249750570969,6.994892662178765],[-42.97161509027415,7.06567905437426],[-42.97161569858767,7.065679895333413],[-43.99555337788589,7.015079971733451],[-44.97828857259856,6.851089257103216],[-45.6834371071931,6.957725995029114],[-45.68343750300921,6.957726372510371],[-47.02058312580706,6.981412345373617],[-47.29006138356284,7.733192094971875],[-47.0483713273757,8.492784946915169],[-46.42407390177861,9.061719929482285],[-46.42407398677757,9.061720721236348],[-45.52232758258686,9.316275197093017],[-44.60001539748401,9.551363854521673],[-43.601580765854145,9.688503808973985],[-42.947348359625124,9.709214066321858],[-42.94734872055359,9.709214887834591],[-42.57658990235817,10.181017449678937],[-42.93534978744586,10.640197703987525],[-43.89619695407273,10.805709093498162],[-44.20330773358112,10.799011935309021],[-44.3598635689544,11.558682771223518],[-44.81903443599161,12.284091608327957],[-45.823770647161844,12.853805167287605],[-47.25970021872166,13.101875261718414],[-47.25969984066653,13.101875959271979],[-48.47395156053341,13.570755343619956],[-49.4045148701524,14.176372155128057],[-50.26211544314917,14.80597771323088],[-51.27991866039998,15.373420065716415],[-51.77169492139395,15.558339506581813],[-51.77176247400946,15.558327001924146]]}},{"type":"Feature","properties":{"stroke":"rgb(153, 153, 153)","fill":"none"},"geometry":{"type":"LineString","coordinates":[[47.081097618375665,3.5335868859011446],[46.80205677809056,3.5493925261615358],[46.802053352758875,3.5493925894202496],[47.26514259309638,3.435729472797415],[47.362740759264916,3.4247526944479985],[47.36274006151217,3.4247534852866988],[47.08109444677224,3.5335875975737783],[47.081097618375665,3.5335868859011446]]}},{"type":"Feature","properties":{"stroke":"rgb(153, 153, 153)","fill":"none"},"geometry":{"type":"LineString","coordinates":[[47.2058101393217,2.5018031509781844],[47.43385603689636,2.2772342517099395],[47.45835667329744,2.267582296064444],[47.458352994237465,2.2675824227257593],[47.76620835902814,2.4565403773542975],[47.86367173205143,2.470419705149025],[47.86366868731213,2.47042043334492],[47.504408354921196,2.5965814636523135],[47.20580982216137,2.501802992678505],[47.2058101393217,2.5018031509781844]]}},{"type":"Feature","properties":{"stroke":"rgb(153, 153, 153)","fill":"none"},"geometry":{"type":"LineString","coordinates":[[47.54876957192337,2.7844719853996676],[47.80027137973332,2.690341837096113],[47.80027315583125,2.690342675959306],[47.548771157725064,2.7844728558496996],[47.54876957192337,2.7844719853996676]]}},{"type":"Feature","properties":{"stroke":"rgb(153, 153, 153)","fill":"none"},"geometry":{"type":"LineString","coordinates":[[47.5851440571993,2.190537891141044],[47.86227622654768,1.9722267792526547],[48.12029409357912,1.7487826968341231],[48.121927469339184,1.7460962264476958],[48.12192753277125,1.7460969074694128],[48.16404636272512,1.4884037769201144],[48.13907791481996,1.3900527752170926],[48.139075504401326,1.3900519039946182],[48.03136233374922,1.1362172114072164],[48.262913170260695,1.1530769639265266],[48.270025490924674,1.1582810112002861],[48.270023651394695,1.1582815339808201],[48.246119530164414,0.9867129712954122],[48.24612041821338,0.9867123217438081],[48.607817112917665,1.1243555223825963],[48.72036938920025,1.3772239893775389],[48.75712827281039,1.635945722350477],[48.740294987671405,1.7839816344419157],[48.7402937824621,1.7839813493688759],[48.45468417090672,1.9978447615094335],[48.103341873311976,2.1888106935768223],[47.96863594715735,2.3428072436015834],[47.968635059108394,2.342807132778794],[47.62603934598668,2.326217369444579],[47.58514151991657,2.1905385244807505],[47.58514405719929,2.190537891141044]]}},{"type":"Feature","properties":{"stroke":"rgb(153, 153, 153)","fill":"none"},"geometry":{"type":"LineString","coordinates":[[47.70466022310592,1.064321973664423],[47.79975599417794,0.9540074926838574],[47.79975352032728,0.9540067005400864],[47.91689916640754,1.196233828325066],[47.89068586416094,1.2361464925182322],[47.89068973351712,1.2361462232147133],[47.70466339470935,1.0643215776059785],[47.70466022310592,1.064321973664423]]}},{"type":"Feature","properties":{"stroke":"rgb(153, 153, 153)","fill":"none"},"geometry":{"type":"LineString","coordinates":[[47.99045975027398,1.752065055578682],[48.05489563110791,1.5488790090497853],[48.05489455276276,1.548878264603495],[47.990456578670546,1.752065055578682],[47.99045975027398,1.752065055578682]]}},{"type":"Feature","properties":{"stroke":"rgb(153, 153, 153)","fill":"none"},"geometry":{"type":"LineString","coordinates":[[49.39867196595648,1.1266159402701468],[49.749102744729,1.3095148296639165],[49.73079466400082,1.56435195141078],[49.511819235040214,1.7991082608280782],[49.3373572600458,1.9396623544294933],[49.33735497649135,1.9396624652814292],[49.425163100662445,1.6841855932091399],[49.44263070648496,1.4249766561287187],[49.40763206277158,1.1661088466402176],[49.39867228311683,1.126614989749612],[49.39867196595648,1.1266159402701468]]}},{"type":"Feature","properties":{"stroke":"rgb(153, 153, 153)","fill":"none"},"geometry":{"type":"LineString","coordinates":[[50.86924044211203,1.6275085545089656],[50.90068022963049,1.8671141551971238],[50.57100791238659,2.0660960538570645],[50.464442037554775,2.11193309063112],[50.464444384541295,2.1119328214478643],[50.500733109660814,1.8577012156489277],[50.808172486947235,1.6516219284536646],[50.86924171075339,1.6275076833815767],[50.86924044211203,1.6275085545089656]]}},{"type":"Feature","properties":{"stroke":"rgb(153, 153, 153)","fill":"none"},"geometry":{"type":"LineString","coordinates":[[52.24627452755803,0.8125384659362211],[52.189397846309625,0.5568900464585109],[52.216657777684006,0.4844176853594647],[52.216655303833356,0.48441838251771313],[52.26602378487917,0.7413484344666871],[52.24627262459598,0.8125377529796869],[52.24627452755803,0.8125384659362211]]}},{"type":"Feature","properties":{"stroke":"rgb(153, 153, 153)","fill":"none"},"geometry":{"type":"LineString","coordinates":[[52.50089592448956,-0.01557633915894392],[52.74893212124509,0.18542662868121773],[52.48683081481346,0.404255923168979],[52.27797280075504,0.4688425187901567],[52.2779722932985,0.46884258216831926],[52.37875049934972,0.21418129752933113],[52.500896875970575,-0.015575705356110716],[52.50089592448956,-0.01557633915894392]]}},{"type":"Feature","properties":{"stroke":"rgb(153, 153, 153)","fill":"rgb(0, 255, 255)"},"geometry":{"type":"LineString","coordinates":[[38.30965031183659,9.375591340933973],[38.633393950811936,9.520662437054181],[39.07590398864598,9.3899035398751],[39.449217568916254,9.211972949139739],[39.73719123022706,9.035558625694419],[39.737192968265745,9.03555766174982],[40.2222086828657,8.944741213183315],[40.64314388845144,8.987943116033705],[40.39495006300606,9.149867998396736],[40.39494758915539,9.149868866921388],[40.69943192010554,9.14982302345915],[41.02575819574385,8.952496882824617],[41.07046987492367,8.852178944791333],[41.070473744279845,8.852178655462254],[41.42476969270533,8.666460010991505],[41.86161841843895,8.528196580713404],[42.35169457852867,8.447082695968579],[42.68949412953022,8.587980292225447],[42.60183894007589,8.773164702624852],[42.60183957439659,8.773164068720865],[43.41922457286339,8.48359752436223],[43.728836498490885,7.99634952561441],[43.81611902454361,7.483899770995528],[43.82875096275379,7.37630909035322],[44.12753083511061,7.170201325325115],[44.59211523273125,7.058026938921433],[45.10007923609632,7.00487732153462],[45.61573437774909,6.97313759361048],[46.11837008737258,6.933367992969357],[46.11836892022253,6.9333685170663095],[47.157490444094016,6.931620082371272],[48.19623020840535,6.9479271086700845],[49.23515233991319,6.96054923173269],[50.2738366011647,6.947185892461559],[51.282454062017244,6.8876822876271],[51.28245459484664,6.887682549386279],[51.76998501036434,6.803071026681764],[52.203305327295844,6.661501828118693],[52.5260556200808,6.464276008527899],[52.129280103528735,6.36198856593249],[51.93189536483354,6.369494159614401],[51.93189504767321,6.369494059461813],[51.95164652511672,5.866615591161],[51.48419182640314,5.4067278387388376],[51.0676889365935,5.094720573675376],[51.06768924106744,5.094721391838719],[50.55044006422338,5.0754380497381035],[50.130242256432226,4.929204492921595],[50.0899946090627,4.909822371030566],[50.0899950404008,4.909823334664795],[49.60412082350132,4.869969051039348],[49.398394767817784,4.635800749986358],[49.29875091744489,4.381818482405079],[49.13427156420742,4.137340891332766],[49.11079376990855,4.118184504291594],[49.1107938967727,4.118185190824321],[49.18952089574227,3.8629724333414894],[49.35610936525244,3.617752878508917],[49.57276159470966,3.3823430330495086],[49.846819846025696,3.1625744555572277],[50.00015101325023,3.0954361389330836],[50.00015006176924,3.095435402262944],[50.188583901299246,3.2142166657973257],[50.50786128834191,3.0097746301119654],[50.865142413336116,2.8225920125438506],[51.31778572408946,2.8423998709594898],[51.46598682278603,2.999592343776977],[51.46598985483892,2.9995923406122866],[51.38579283037165,3.254855829554613],[51.407550029816484,3.5135617042961456],[51.49152615930636,3.7691088226483354],[51.63715825923465,4.017458267448483],[51.72103131161345,4.100005561410604],[51.721032156528636,4.1000051315276345],[52.65950876288546,4.091348588361892],[53.04289218400664,3.6146633114418427],[53.2767662200215,3.1414967945829586],[53.27676889178024,3.14149642120122],[53.7129251220118,2.394714878553302],[54.16536227854298,1.649901471844131],[54.55180629696218,0.8957606784350841],[54.742142147061735,0.34088688226176894],[54.742141012896376,0.34088617558406953],[54.85884922382139,0.08856005148246837],[55.00728026376572,-0.16017564123056838],[54.840184337708735,-0.3273237314594669],[54.53073892126067,-0.23382705564725553],[54.530737700827686,-0.23382616516163704],[53.69798686991483,-0.2727382096927569],[53.808160443634215,-0.7852017198787651],[54.08661929469218,-1.195657589393096],[54.08661562831863,-1.195656860678491],[53.77607967506504,-1.0604699067629924],[53.48743997703653,-0.8446424524046627],[53.31531705956262,-0.7147011559181513],[53.315320649817686,-0.7147017960092464],[53.01502171897436,-0.21822770392238347],[52.78289999384773,0.2878423435773952],[52.44054126293339,0.7770996993559172],[52.06357240972433,1.0781301244702],[52.06357068437209,1.0781305807274737],[51.901265604827934,1.3171798496076004],[51.96328630965935,1.574296944274237],[51.940514197120905,1.6264484713930638],[51.827613044462375,1.50543537593305],[51.82760939838711,1.5054357149005635],[51.53016421794143,1.656906037304793],[51.260110115940144,1.8785501655295787],[51.017236655227805,2.020584295585061],[51.01723782998974,2.020585112682408],[50.71319089359823,2.2242001501141977],[50.57786650477719,2.474408946216289],[50.311134657355844,2.5338820308312173],[50.21668430757929,2.4435494016328256],[50.21668737261687,2.4435500126964484],[49.84626481542762,2.264671062016283],[49.47857290221506,2.0881953017241317],[49.070942572966224,2.2266028262872295],[49.05785177986002,2.235746418040046],[49.05784823527606,2.235745621322993],[48.78377767052689,2.1076974072443524],[48.425727431703905,2.29423633970435],[48.1409253738107,2.5109704913995303],[47.99368368514798,2.6696668501602328],[47.99368668675348,2.6696669558904325],[47.79990664534029,2.910253981346005],[47.62837840350718,3.1549052265835047],[47.5078654026464,3.4068024647747532],[47.48993791432833,3.664939117023982],[47.52195525082915,3.7487462509808895],[47.52195637991997,3.748746258570253],[47.379201381002325,3.803982792837005],[47.36593614970816,3.9696235502259145],[47.36593581986143,3.969622862302763],[46.989387533951934,3.8616780645704334],[47.19471713920827,3.723876905805237],[47.19471592131257,3.723877087322609],[46.91587769574017,3.581703322807087],[46.413670152578085,3.645971621805717],[46.56239456583856,3.586230104044999],[46.68770461686848,3.552160090620669],[46.68770236376144,3.552159855298972],[47.13468661552137,3.4241338629547853],[47.43236538329009,3.215316165324679],[47.27506971179351,2.989595888842741],[47.05155888994572,2.9393096156480727],[47.05155633997659,2.939309886558815],[47.21486474991865,2.70686970382517],[47.04043449095844,2.463018998034535],[47.31182859540367,2.2855285092942306],[47.311831371191,2.2855277670681713],[47.331238808319455,2.0286562787342373],[47.53380118959393,2.032892173354554],[47.55352063384294,2.0481551573634587],[47.55352423678444,2.0481560168844943],[47.863846170239405,1.848446594217166],[47.91456010888704,1.5918327237503267],[47.78003654992895,1.3429152134663551],[47.3683544973141,1.2667063254720514],[47.36024312157354,1.2700864392321145],[47.36024581109328,1.2700867351453498],[47.24469368006132,1.3272902738271994],[47.194431694900686,1.068975260894771],[47.09654015541603,0.8143498504222536],[46.79404055045253,0.6212671476133689],[46.495259650496195,0.6926029087851474],[46.49526055123159,0.6926032332685166],[46.30323492157676,0.740358200267285],[46.277640081996616,0.8835713459772339],[46.277642398535775,0.8835717674060344],[46.56483670047012,1.099873557305228],[46.67435216648032,1.2432335222914124],[46.486957978550606,1.1355181850022358],[46.48695677587861,1.1355186792713998],[46.144393093414095,1.0600481039575713],[46.298588522569965,1.266037034702143],[46.29858890569967,1.2660378787214732],[46.01853594079463,1.0493386501621067],[45.77133324141725,1.2160714229343468],[45.74194040674452,1.4750528278407258],[45.747340061563,1.7345267405387776],[45.74902101137434,1.8477002836028618],[45.7490223967307,1.8477006934601172],[45.52440012833036,1.6186558218256621],[45.529839428191565,1.3599815490096836],[45.599908076695215,1.1028201961927582],[45.58316993965876,0.8449038676720305],[45.4108963710225,0.6991702066172366],[45.410895574315724,0.6991707719272955],[44.96799781176978,0.7470759447220304],[44.95584264167178,0.5311845572066848],[44.955845567158775,0.5311845033357727],[44.67461656663194,0.7398630830846351],[44.63007139663155,0.9977751336033035],[44.66676684817334,1.2566035807788274],[44.678121188408404,1.5131611284076822],[44.660383996295394,1.5166339461656189],[44.66038081961741,1.5166338036099267],[44.66125618723523,1.2571342629726387],[44.57528194759226,1.0412114810019928],[44.4137363275161,1.2357445173641664],[44.4137358276714,1.235743928064583],[44.303713404959055,1.3884924944326258],[44.433820506158135,1.1372528791126975],[44.52679606034549,0.8819890072676294],[44.50901129418123,0.6248102922960527],[44.49897316936448,0.613709487310807],[44.49897163938299,0.6137090151547675],[44.22597740519335,0.504466896382145],[44.109206896365336,0.7568950821761727],[44.03757623317851,0.723870768578345],[44.034642500017235,0.6749745413492435],[44.03464094212563,0.6749746687347841],[43.88024884564778,0.42800903971733056],[43.62908164199838,0.4468047082906669],[43.62188210224039,0.5101035597258639],[43.62187887227946,0.5101027985587744],[43.352494036956806,0.7316619540619252],[43.15451462262078,0.9714761985155035],[42.99997031708899,1.21925556315342],[42.85466330651101,1.4684317727621854],[42.731430655719606,1.6528454513502393],[42.73143147272464,1.6528460652496957],[42.540690426184305,1.8941273282464668],[42.38688351844711,2.141897250530093],[42.2602810390245,2.3934582737715626],[42.151003443270604,2.6470050821879276],[42.067495125284815,2.8543876837904474],[42.06749318933809,2.8543873160078466],[42.11246053273805,3.1073757131631297],[41.763790311022646,3.2923948282625437],[41.36749053498323,3.4118836851042076],[41.36749220197797,3.4118844057261204],[41.1487846923131,3.8861403116855207],[40.60481506114957,4.317258036778378],[41.000575664608,4.621967714345365],[41.00057237628956,4.621966936671234],[41.0316890941348,4.878518128239908],[40.854729481449006,5.119755031289595],[40.50977003573223,5.31134531352931],[40.06013181921707,5.4389583805527],[39.6094073285314,5.494276283313151],[39.60940420513633,5.494275856830819],[38.737081595542286,5.756214977590136],[38.52533742237382,6.243801941955871],[38.782562388550865,6.5082755636456495],[38.782560191264004,6.508275688959594],[39.208262928271566,6.424575118476699],[39.43469955427213,6.654586852233568],[39.65192267234452,6.887949709795227],[40.100276389475525,6.974128448285314],[40.17518173319102,6.960584620385835],[40.17518334182827,6.960584188801574],[40.693556524774415,6.943446370061966],[41.16438105211922,7.012835014696183],[40.988357062441644,7.174117842308542],[40.98836094194694,7.174118208293977],[40.628023269157964,7.357550806414049],[40.262622839414654,7.536719797334034],[39.76493483112264,7.534601150526508],[39.76493111146615,7.534601333999018],[38.98162014804887,7.8697113751660135],[38.187315859133065,8.19905401201934],[38.008992456977715,8.677078201322704],[38.11966117888534,8.787080069699483],[38.45655327325431,8.979571950719366],[38.860441110470376,9.14068321601776],[38.72141387465927,9.319994607831818],[38.30966838997606,9.375558229374754],[38.309665900901685,9.375558043024503],[38.30965031183659,9.375591340933973]]}},{"type":"Feature","properties":{"stroke":"rgb(153, 153, 153)","fill":"none"},"geometry":{"type":"LineString","coordinates":[[55.94088296058486,-1.9544514442526622],[56.157049934719176,-2.1262017165256366],[56.15705133022467,-2.126201368174062],[55.94088137478315,-1.954451127535584],[55.94088296058486,-1.9544514442526622]]}},{"type":"Feature","properties":{"stroke":"rgb(153, 153, 153)","fill":"none"},"geometry":{"type":"LineString","coordinates":[[56.631998180827566,-2.781878991049339],[56.90231330579014,-3.0031466608100184],[57.0102905441428,-3.1106251051519624],[57.01029282769726,-3.11062339640555],[56.83635981272084,-2.866753199290577],[56.551938347237765,-2.6508137286233833],[56.505728085443124,-2.626287819538781],[56.50572675336969,-2.626289085813093],[56.63199754650689,-2.781879307577314],[56.631998180827566,-2.781878991049339]]}},{"type":"Feature","properties":{"stroke":"rgb(153, 153, 153)","fill":"none"},"geometry":{"type":"LineString","coordinates":[[58.22727917792917,-2.8778159396894845],[58.38547399899463,-3.109391009799512],[58.60089723212751,-3.2060138873524306],[58.600897105263385,-3.206013159619879],[58.416143404042955,-2.9684614142571606],[58.22728234953259,-2.877814990184132],[58.22727917792917,-2.8778159396894845]]}},{"type":"Feature","properties":{"stroke":"rgb(153, 153, 153)","fill":"none"},"geometry":{"type":"LineString","coordinates":[[59.448422612192594,-4.874694738600444],[58.97971354432733,-4.95177481556609],[58.97971138763702,-4.951772952825947],[59.35473186143457,-5.129985537279872],[59.798930778088504,-5.135966736722353],[59.648430266914175,-4.9048810434962995],[59.44842102639089,-4.874695527988392],[59.448422612192594,-4.874694738600444]]}},{"type":"Feature","properties":{"stroke":"rgb(153, 153, 153)","fill":"none"},"geometry":{"type":"LineString","coordinates":[[60.29542848361788,-3.9687889371553466],[59.918888748351215,-3.7968345933333976],[59.47955031393477,-3.660298087125974],[59.41672877924038,-3.6255686652309476],[59.41672484645214,-3.6255670838949983],[59.330350160161665,-3.8657330880772807],[59.67492901346834,-4.052167802551903],[60.16605180268589,-4.039234880759917],[60.29542943509891,-3.968789727509025],[60.29542848361788,-3.9687889371553466]]}},{"type":"Feature","properties":{"stroke":"rgb(153, 153, 153)","fill":"none"},"geometry":{"type":"LineString","coordinates":[[63.92768065617168,-9.791050366195586],[63.57831648762849,-9.980298131309198],[63.29896165860506,-10.194647694264471],[63.393499227475594,-10.422578732590381],[63.39349535811943,-10.422578171579632],[63.743620457754545,-10.233991224988449],[63.98431344111728,-10.009966344820072],[63.92768446209579,-9.791048804767582],[63.92768065617168,-9.791050366195586]]}},{"type":"Feature","properties":{"stroke":"rgb(153, 153, 153)","fill":"none"},"geometry":{"type":"LineString","coordinates":[[64.64997400665092,-10.391682651182618],[64.64997749541466,-10.545365140556344],[64.64997400665092,-10.545363863205164]]}},{"type":"Feature","properties":{"stroke":"rgb(153, 153, 153)","fill":"none"},"geometry":{"type":"LineString","coordinates":[[73.26033430696799,-9.314881394884253],[73.1110621577973,-9.550518127861597],[73.25254738625705,-9.68563574360179],[73.25253977440886,-9.685634056726983],[73.5668850009768,-9.517054575473392],[73.30232570189652,-9.318902047252523],[73.26033367264732,-9.314879674909504],[73.26033430696799,-9.314881394884253]]}},{"type":"Feature","properties":{"stroke":"rgb(153, 153, 153)","fill":"none"},"geometry":{"type":"LineString","coordinates":[[76.32618378022514,-17.013295327838623],[76.48311091140457,-16.848885980899297],[76.48311370241558,-16.848885556282564],[76.21425408969343,-16.947848813872827],[76.32617997430104,-17.01329638845356],[76.32618378022514,-17.013295327838623]]}},{"type":"Feature","properties":{"stroke":"rgb(153, 153, 153)","fill":"none"},"geometry":{"type":"LineString","coordinates":[[76.73669582833925,-18.146736354497115],[76.61057765275851,-17.911092606443344],[76.51533440212752,-17.849465413128918],[76.51533110366002,-17.849466378400663],[76.6957669205556,-18.080919002367263],[76.73669646265994,-18.14673786019407],[76.73669582833925,-18.146736354497115]]}},{"type":"Feature","properties":{"stroke":"rgb(153, 153, 153)","fill":"none"},"geometry":{"type":"LineString","coordinates":[[76.63796508259023,-17.23906103044236],[76.54027906300706,-17.073859057950813],[76.54027360784917,-17.073857179755922],[76.63796444826959,-17.239059214451586],[76.63796508259023,-17.23906103044236]]}},{"type":"Feature","properties":{"stroke":"rgb(153, 153, 153)","fill":"none"},"geometry":{"type":"LineString","coordinates":[[77.07965526094085,-15.783037401104544],[77.09686374676417,-15.553854401047358],[76.89154999952491,-15.482784477663495],[76.8915472085139,-15.482785027385846],[77.0400444715376,-15.722392549754902],[77.07965779822362,-15.783037858535225],[77.07965526094085,-15.783037401104544]]}},{"type":"Feature","properties":{"stroke":"rgb(153, 153, 153)","fill":"none"},"geometry":{"type":"LineString","coordinates":[[77.76557412614414,-19.820876182440475],[77.6137558137498,-19.588741615449898],[77.27466383435562,-19.40602021602391],[77.2345113350886,-19.392909293839555],[77.23450664111556,-19.392909742222017],[77.050558336867,-19.540748374602764],[77.05055567272014,-19.540747866899245],[77.51247065860834,-19.589133475290307],[77.75105452569834,-19.805346269392405],[77.76558046935101,-19.820875735249487],[77.76557412614414,-19.820876182440475]]}},{"type":"Feature","properties":{"stroke":"rgb(153, 153, 153)","fill":"none"},"geometry":{"type":"LineString","coordinates":[[77.17318965165042,-18.518844151803055],[77.53655898656508,-18.36535945493228],[77.57384118473914,-18.121323613768602],[77.42104919009559,-17.90925695532984],[77.42105578703071,-17.909256834711478],[77.30482578285712,-18.14983956836982],[77.21196123478938,-18.392361883009368],[77.17318838300905,-18.51884430204906],[77.17318965165042,-18.518844151803055]]}},{"type":"Feature","properties":{"stroke":"rgb(153, 153, 153)","fill":"none"},"geometry":{"type":"LineString","coordinates":[[77.39143656330599,-16.879195422970493],[77.71447008027613,-16.721689592311392],[77.74856481701552,-16.48003413844704],[77.28690622354759,-16.41290623130244],[77.26568819668375,-16.414828944717147],[77.26568477135206,-16.414827303199186],[77.38096012289694,-16.657458016433168],[77.39144227219217,-16.87919436159889],[77.39143656330599,-16.879195422970493]]}},{"type":"Feature","properties":{"stroke":"rgb(153, 153, 153)","fill":"none"},"geometry":{"type":"LineString","coordinates":[[77.54732721448855,-21.09537710186542],[77.60760290311964,-21.24160011122693],[77.60760493294582,-21.24159827992382],[77.88548293655388,-21.046855382845298],[77.8908112302955,-20.994100947075392],[77.89080628259414,-20.994099881962576],[77.54732658016789,-21.095377988855976],[77.54732721448855,-21.09537710186543]]}},{"type":"Feature","properties":{"stroke":"rgb(153, 153, 153)","fill":"none"},"geometry":{"type":"LineString","coordinates":[[77.95783926260265,-18.23798904444423],[78.35614888372783,-18.371701627373163],[78.36158818358905,-18.371821927146424],[78.3615960491655,-18.37182180684669],[78.32392539300487,-18.12846527323461],[77.98167766821015,-17.955500519548742],[77.8473126894229,-18.136988200693576],[77.95784306852674,-18.237989345426048],[77.95783926260265,-18.23798904444423]]}},{"type":"Feature","properties":{"stroke":"rgb(153, 153, 153)","fill":"none"},"geometry":{"type":"LineString","coordinates":[[77.92146477732672,-17.53882742711681],[78.17452701401818,-17.747132327381195],[78.17452726774647,-17.747133655391103],[78.48786557366134,-17.61257940918666],[78.48786747662339,-17.612578533251952],[78.04664796421996,-17.48437191821802],[77.86221922548569,-17.389747454457325],[77.86222632987739,-17.38974884557589],[77.92146477732672,-17.538827276032002],[77.92146477732672,-17.53882742711681]]}},{"type":"Feature","properties":{"stroke":"rgb(153, 153, 153)","fill":"none"},"geometry":{"type":"LineString","coordinates":[[77.8902866470902,-16.789742500285765],[77.91991069165209,-16.624890047757905],[77.9199058708149,-16.624889865565237],[77.89028791573158,-16.789741286716502],[77.8902866470902,-16.789742500285765]]}},{"type":"Feature","properties":{"stroke":"rgb(153, 153, 153)","fill":"rgb(255, 221, 85)"},"geometry":{"type":"LineString","coordinates":[[53.62330861300404,-0.547759589662457],[54.017264256957496,-0.14218164431549718],[55.032994038474044,-0.2171958010730529],[54.779511564329766,0.25987215041812456],[54.75964753302415,0.2786855726735383],[54.590246130383655,0.7882436868726536],[55.08113897835342,1.1690672994030074],[55.70548496912783,0.9337602388190606],[55.705488077299194,0.933760207133128],[56.16601764338248,1.3856669579550585],[56.10782664967781,1.9020692717209153],[55.940437350304684,2.4140506152729717],[56.0205124075909,2.926191255158967],[56.43879932432293,3.205080490840885],[56.43879770046199,3.2050800415447385],[56.371141094416664,3.7210387159613623],[56.176111271259046,4.2297697865218415],[56.233326996912794,4.732002599275064],[57.22182856308912,4.74568542023301],[57.79094108034578,4.640043195202876],[57.79094124526919,4.640043779549089],[58.69729018899736,4.725573632794623],[59.10987614858621,5.197700786763287],[59.36231992261121,5.698998315664133],[59.61083883740691,6.2003488189167495],[59.79366591641528,6.4507947440940026],[59.79366844101158,6.450794703157656],[59.486932220889265,7.187284009492133],[60.02844385940414,7.909274779115185],[60.45730014452539,8.645256019064707],[60.05298414084795,9.29979243435769],[60.05298214654373,9.299791924597711],[61.097107701960674,9.869893482596254],[62.191176087892266,10.415400439338597],[63.48787028716669,10.83350531672357],[64.99472285790075,10.813670033276411],[65.55280432026467,10.602017700683843],[65.87072765085432,10.783418506800277],[65.27806597822187,11.201335816577087],[65.26461837973119,11.676182407277308],[65.69629127196814,11.809548854236375],[66.02770616200912,12.289283931396305],[66.28313917225522,12.780269627274963],[67.03931285908276,13.026517933053842],[67.8970016422996,12.746519072124595],[67.93664778366319,12.729012707511522],[68.61849384575554,12.35164958433535],[69.08854133026301,11.899190507083302],[69.63162291246964,11.469379941824261],[70.3733816617641,11.462267724494028],[70.37337455229789,11.462266767904284],[71.75507483263058,10.389046797241383],[72.05943775460193,9.135510927489754],[71.14423987241518,7.940581837307568],[69.84283584206563,6.826533048467519],[69.67160680422438,6.674140010129495],[69.48293814425186,6.167395775171456],[69.54491127503204,5.653852385816722],[69.9098993963311,5.171619989249881],[70.1101116169358,5.000860376478693],[71.49462275997611,2.2554603618885105],[71.25185237637484,-0.5931219390736943],[70.50674758547478,-3.4223406333344717],[70.20308241625533,-6.2602694375088195],[70.81125580240462,-8.213733272431876],[70.92999806155537,-8.718183407251766],[70.33265827388193,-9.1148014666809],[69.32239157925225,-9.151139026890181],[68.79662695170583,-8.825468267704137],[68.7966289536219,-8.825466946213627],[69.04246586161362,-9.317099998899174],[68.40406173869064,-9.694964187735845],[67.5530333226508,-9.985194255711196],[67.14505411702602,-10.444531400234922],[67.13421104941102,-10.589462887729262],[66.64409935721388,-10.664941612254937],[66.2707302738838,-10.512654646408052],[66.19645925085182,-10.261028304144858],[66.09614143475268,-10.22980448153103],[65.95557597128403,-10.441894045382872],[65.95557379937003,-10.441895252104427],[65.71929944568033,-10.500109316187064],[65.64769256951915,-10.24728786227309],[65.50370177435947,-10.076194103258093],[65.37962864866242,-10.324008402608252],[65.35165510651905,-10.397246509322274],[65.35165341668876,-10.39724662402712],[64.85211171022775,-10.568551305957376],[64.88167898308846,-10.058194320387559],[64.60484557878202,-10.07134225629964],[64.56591257117822,-10.125572282296202],[64.39575762347582,-10.366585615041478],[64.09849116415138,-10.401197255966297],[64.19042008921095,-10.152051247313517],[64.43151745200942,-9.946819153596323],[64.43151924079373,-9.946820891580327],[63.9309115685732,-10.197712079751875],[63.98263249130594,-9.687490519787218],[63.87934922601135,-9.507092226103593],[63.69982061455729,-9.808649535111101],[63.699820487693145,-9.808648057454047],[62.64425549411552,-9.88880708056275],[62.73266393938152,-9.123812869904238],[62.978978589801976,-8.36374724513649],[63.07942765953694,-7.988791381479535],[63.053360618953576,-7.219718314028976],[62.668502402243185,-6.471536061799828],[62.045393336801645,-5.762454011455729],[61.217993366223034,-5.1063560956590175],[60.81506398755976,-4.865380088271032],[60.787868439734766,-4.6070485805269135],[60.72134405805031,-4.350502716260007],[60.482244805404925,-4.203301128725819],[60.373324015035514,-4.432540640707432],[60.373321845658765,-4.432541540543259],[60.148441474709585,-4.810613918756132],[59.38203936686023,-4.466974828336011],[58.938117965505334,-4.011143691512072],[59.8652093605081,-4.111546729237938],[60.02989993745862,-4.160281785089975],[60.04288258396284,-3.7013865702199533],[59.307300532324156,-3.3363486969309233],[59.00320719664332,-3.122155124871255],[59.00320410877023,-3.122156171625171],[58.72319425991073,-2.9054848215354196],[58.29972970059943,-2.7582265178132856],[57.795460615215895,-2.7027130278367615],[57.303735221348994,-2.7682843526479965],[57.44554553915908,-2.949373778055335],[57.44554472215404,-2.9493718816972],[57.286148680398334,-2.9941273362881002],[57.08225422568847,-2.8533807914436617],[57.000347567428584,-2.754068041166045],[57.00034700415182,-2.754066176139427],[56.980572620119766,-2.495110856217419],[56.87790781749159,-2.2410781744837296],[56.81114556555081,-1.984325198951437],[56.824577306024416,-1.7525441448543442],[56.82458029494347,-1.7525425066067835],[56.57684336307458,-2.255767122287116],[56.07921085784239,-2.2040008911588838],[56.00958623381721,-1.9308634580054818],[56.009583970561,-1.9308642586774267],[55.70005359827517,-1.8036119763393295],[55.68945251385178,-2.062661884202636],[55.441504487671274,-2.006550271638198],[55.245983065983914,-1.8023331202317388],[55.245979597518414,-1.8023316708081756],[54.460257964312746,-1.4656637540844255],[53.92020526336995,-1.0244956660801712],[53.623105313224976,-0.5477122150627237],[53.6231059551575,-0.5477128627796567],[53.62330861300404,-0.547759589662457]]}},{"type":"Feature","properties":{"stroke":"rgb(153, 153, 153)","fill":"rgb(255, 221, 85)"},"geometry":{"type":"LineString","coordinates":[[-31.74760832960879,32.92322382570165],[-30.927276673696763,33.16293157244838],[-29.90021832122294,33.132085431233904],[-29.02570021737139,32.908345157349785],[-28.853238572652476,32.725793124025074],[-28.042471441876863,32.995553789488206],[-27.254331957104036,33.27748499600448],[-26.271563064105052,33.296264724975636],[-25.909555406372075,33.17379427510232],[-25.392362880708266,33.15940591838917],[-24.875177440406475,33.14465698819319],[-24.378837363566966,33.20422242034383],[-24.343842684357867,33.21171035661248],[-24.343841669444767,33.2117103452779],[-22.833640107513936,33.050132509544014],[-21.286864978760647,32.97648280061382],[-19.738353397136212,32.901660356905246],[-18.195836145971068,32.80711146362579],[-18.113411977181528,32.80176969791226],[-18.139972316274072,32.58593996882042],[-18.047722266368492,32.370450077598356],[-17.989761213911596,32.15272476074483],[-18.23711456445131,31.975693746444442],[-18.73411671350425,31.971887360250516],[-18.734116586640113,31.971887366904056],[-19.74112855012663,31.867497377777052],[-20.77819925813943,31.84375069891475],[-21.817367188912137,31.84957343211967],[-21.878534948093268,31.84982784705258],[-22.342457850732327,31.763106169248562],[-22.695100505728284,31.601542143651315],[-23.141230135962697,31.666535830335278],[-23.19643585795054,31.692539775076472],[-23.196434513190678,31.692539792906736],[-23.713121770714043,31.709494995286928],[-24.199697273531577,31.784986294385707],[-24.636819550059965,31.90383588092268],[-25.05593504818485,32.03401068218943],[-25.309738647175138,32.1026871998241],[-25.309740144171947,32.10268723401743],[-26.2827627886735,32.01846052389001],[-27.2452135972784,31.860134235719837],[-28.02317223508068,32.09824755712726],[-28.023172818655702,32.098247559382294],[-28.530985587283407,32.13882643824692],[-29.04994316099479,32.1292399081762],[-29.4736297325453,32.17628204222233],[-29.473631400808696,32.17628204625248],[-30.504910282068828,32.1369794858155],[-31.535952961336033,32.09225295782591],[-32.259913068701294,32.354779745051744],[-32.29047154057689,32.49013349359403],[-32.26551293098552,32.69857267617397],[-31.872299521521864,32.7558357461927],[-31.872300065134688,32.7558356660801],[-32.000095461492435,32.80659931912653]]}},{"type":"Feature","properties":{"stroke":"rgb(153, 153, 153)","fill":"none"},"geometry":{"type":"LineString","coordinates":[[60.23307222314486,-17.224183834965547],[60.233075711908604,-17.373892552119813],[60.23307222314486,-17.37389279407444]]}},{"type":"Feature","properties":{"stroke":"rgb(153, 153, 153)","fill":"none"},"geometry":{"type":"LineString","coordinates":[[62.800071612617785,-23.625603465170954],[62.830729917054136,-23.768944773255114],[62.83073010735035,-23.76894625236376],[62.80006844101435,-23.625602739321113],[62.800071612617785,-23.625603465170954]]}},{"type":"Feature","properties":{"stroke":"rgb(153, 153, 153)","fill":"none"},"geometry":{"type":"LineString","coordinates":[[58.81966365242293,-19.715824402431828],[58.571274456207,-19.509185543923923],[58.5712778815387,-19.509184498447752],[58.27534799932654,-19.707207682471356],[58.19261672417806,-19.94607332746617],[58.2080545038133,-19.99369531702364],[58.20805266428331,-19.99369385779449],[58.507327002299355,-20.16491987361013],[58.83948902822608,-19.99014771234742],[58.85374538558826,-19.75091223496593],[58.819666506865985,-19.715825744889152],[58.81966365242292,-19.715824402431828]]}},{"type":"Feature","properties":{"stroke":"rgb(153, 153, 153)","fill":"none"},"geometry":{"type":"LineString","coordinates":[[59.07428504935442,-15.935369026362254],[58.810080335536256,-16.398603078990877],[58.99270126032247,-16.887806437647765],[59.13404376662845,-17.224678277607612],[59.13404313230776,-17.224679760782216],[58.54710683816479,-17.575397440409823],[58.58159009632279,-18.065328489556087],[59.23069838078023,-18.34200757542187],[59.23069533604095,-18.342007996543632],[59.12968281192923,-18.146391549555073],[59.260836542256115,-18.00236113867311],[59.260834195269574,-18.00236128936667],[59.18060290479902,-17.758846349519278],[59.10887709350968,-17.514602985983156],[59.15274829778383,-17.396438310037848],[59.152750010449665,-17.396437705225807],[59.3801443338182,-17.17387635681289],[59.48896204707654,-16.93535151159945],[59.48531470314629,-16.92464970523481],[59.485316732972485,-16.92465109984411],[59.62440537102576,-16.711935585055294],[59.750333884722124,-16.57612834301723],[59.750330839982816,-16.57612794816629],[59.68454690083227,-16.332500066230512],[59.47090769462177,-16.105344524938175],[59.37464160188864,-15.864737543392357],[59.38035048804035,-15.854971297337558],[59.38035036117621,-15.85497224235811],[59.613828073628,-15.632140313463315],[59.819276614012516,-15.403215980225719],[59.635704208201005,-15.193020505962567],[59.478043802311404,-15.16756284335457],[59.47804183591728,-15.167564066802994],[59.70781854090901,-14.952739050056564],[59.526949927011,-14.722390939888777],[59.512336764264354,-14.713563645074649],[59.51233777917744,-14.713564258093625],[59.06767796511488,-15.149015316678184],[59.10896431260365,-15.648768119525812],[59.074282829232054,-15.935369635809353],[59.07428504935442,-15.935369026362267]]}},{"type":"Feature","properties":{"stroke":"rgb(153, 153, 153)","fill":"none"},"geometry":{"type":"LineString","coordinates":[[58.788485522186406,-15.815511157315113],[58.788481716262304,-15.980296088609755],[58.788485522186406,-15.980297307230694]]}},{"type":"Feature","properties":{"stroke":"rgb(153, 153, 153)","fill":"none"},"geometry":{"type":"LineString","coordinates":[[59.9160945657403,-22.416643877396403],[59.69628976248596,-22.575425789694332],[59.69628874757287,-22.575425321504177],[60.00307103206325,-22.49054754222493],[59.91609773734372,-22.41664373091896],[59.9160945657403,-22.416643877396403]]}},{"type":"Feature","properties":{"stroke":"rgb(153, 153, 153)","fill":"none"},"geometry":{"type":"LineString","coordinates":[[59.79657839983366,-17.53882742711681],[60.10472092159778,-17.627918940958004],[60.104722253671206,-17.627918940958004],[59.79657586255094,-17.538827276032002],[59.79657839983366,-17.53882742711681]]}},{"type":"Feature","properties":{"stroke":"rgb(153, 153, 153)","fill":"none"},"geometry":{"type":"LineString","coordinates":[[62.17650900788751,-24.54044196028499]]}},{"type":"Feature","properties":{"stroke":"rgb(153, 153, 153)","fill":"none"},"geometry":{"type":"LineString","coordinates":[[62.607806476159276,-24.19755157543409],[62.41678809700425,-24.36361530995768],[62.64106010367228,-24.497690101540687],[62.64106314841157,-24.497690620612683],[62.570412637544926,-24.266834462336565],[62.6078058418386,-24.19755171996296],[62.607806476159276,-24.19755157543409]]}},{"type":"Feature","properties":{"stroke":"rgb(153, 153, 153)","fill":"none"},"geometry":{"type":"LineString","coordinates":[[63.29892169640199,-25.56112672314208],[63.04461492252949,-25.746096041623254],[63.111852914982926,-25.842999675310494],[63.111852914982926,-25.843000673541013],[63.387623832144456,-25.660589727902998],[63.29892201356234,-25.561125293717797],[63.29892169640199,-25.56112672314208]]}},{"type":"Feature","properties":{"stroke":"rgb(153, 153, 153)","fill":"none"},"geometry":{"type":"LineString","coordinates":[[63.896502525935155,-25.939922737501966],[63.40519451507805,-25.906266987703138],[63.37331990073102,-26.128208657338522],[63.54924874230608,-26.347088425996077],[63.774662526204445,-26.55644532242288],[63.89649967149208,-26.654422568252606],[63.896502525935155,-26.654423417924164],[64.04838775916164,-26.433276862200422],[63.991980792379366,-26.203553025786043],[63.899560268790076,-25.974578672996984],[63.89649967149208,-25.939923734913155],[63.896502525935155,-25.939922737501966]]}},{"type":"Feature","properties":{"stroke":"rgb(153, 153, 153)","fill":"rgb(0, 255, 255)"},"geometry":{"type":"LineString","coordinates":[[-25.470411441990787,4.297630173925024],[-24.3320918936956,4.826791791709282],[-22.952131211196,5.176391620860393],[-21.404622649152383,5.231222354784554],[-19.867172034446877,5.107070239169308],[-19.6338654617155,5.080044222519848],[-18.74342140503068,5.335708523980722],[-17.718581192697044,5.41564435187948],[-16.717385283841725,5.529496703269739],[-16.564807372428856,6.009590734809085],[-16.901155914866834,6.4654725763959595],[-16.9011543100355,6.4654725291630815],[-17.552270238485914,7.162822146391569],[-18.64283003813678,7.711781320577493],[-19.78303336028185,8.235862531749566],[-20.38783830949949,8.934081789157302],[-20.383699493903638,9.41119265993004],[-22.179207493819174,9.843545711498983],[-22.29914564156053,10.832600734984574],[-21.24898017593724,11.700989404266847],[-19.418231570683613,12.103111354403913],[-18.19260442798227,11.7099194192586],[-15.855038208105281,12.22815588617356],[-14.194584883856153,13.194854514658862],[-12.942110765231815,14.29908741074111],[-11.647652546366812,15.38598211393285],[-10.664644882376141,15.941335083481253],[-10.174165243586035,16.644997560215696],[-9.354052031859391,17.27836460698357],[-8.773981624794873,17.961746431541613],[-9.060639070687367,18.67624730821705],[-9.468911624255455,18.979502752112744],[-8.157465529957687,19.375683957383696],[-7.9088356090423755,19.975922988193364],[-9.158435462069505,20.412040694350406],[-9.906444718574528,20.69493258529082],[-11.228152491327544,21.065456600594263],[-11.961209153744951,21.6975909417163],[-12.246808076996832,22.406534589021835],[-12.632161856741204,23.098358788581393],[-12.98850681955466,23.2833499555136],[-12.736349029009832,24.082660140248404],[-10.673328047467235,24.03029381665326],[-8.620349155245647,23.88287225188082],[-6.559639479693626,23.92717407420946],[-5.888207293692696,24.11355605783292],[-4.633520759672334,24.53287798564601],[-3.4244658918351285,24.979118859047816],[-2.037365137141624,25.284339017151574],[-0.8072230710815516,24.931740727287476],[-0.33122486566176224,24.284717044223633],[-0.3312252145381438,24.28471715716781],[0.9972210483272397,23.91288724675003],[2.1696320031781857,23.447535469832328],[2.7382965314521144,22.789663166712714],[2.796043500678322,22.1821532611142],[2.796045175284938,22.182153111749674],[4.045044713560379,21.75766518693154],[4.976964874766462,21.179222012211696],[5.343618087859738,20.48681894739882],[4.071876478473388,20.189530412362657],[3.6320867375770476,20.214548331272667],[2.679946957576562,20.11840338905619],[3.186594745523317,19.42754221738048],[3.948857910912678,18.78644074963672],[5.058086561180485,18.29193007780332],[5.2866061821280175,18.334598096773355],[7.005712716877463,17.779725964746348],[8.75533567121282,17.24514930392513],[10.521030725866915,16.721164155778034],[12.286749567546655,16.195758282499952],[12.357286484265295,16.174602858418556],[11.043227299568537,15.408738153667398],[10.495594466457655,14.450142764282754],[11.099277460966318,13.507308968152605],[12.861594757980662,13.011498902647118],[13.560762311394702,12.968811875185242],[15.748467478778428,12.286421683237565],[18.06125619396239,11.709135079431947],[20.50049673740666,11.274607032508891],[23.065356563214067,11.105385177342784],[23.33042942100614,11.114488565021881],[25.31515723452423,10.81927680493104],[27.174628673228643,10.364142433235003],[29.013754276009056,9.888155376617421],[30.95935060551877,9.532829654578771],[32.58461498984947,9.417578285378477],[32.584618110707225,9.417577458784121],[34.63676926518245,9.26128467642323],[36.692412304274846,9.352709250143059],[37.487834583395355,10.174728470553024],[36.73941546692387,10.912030077311162],[36.73941574602499,10.912030614393238],[36.71132298965237,11.670000677778988],[37.71807713349705,12.18771221030875],[39.066896634939965,11.878022040394752],[39.57134015851148,11.168524135863686],[39.56155616793338,10.920195324677856],[40.62787261799563,10.091878251944603],[42.64527404888012,9.891343640501184],[44.71863049305988,9.955455505855095],[46.788743972745124,10.04549246143099],[47.94587502403575,10.02544531237934],[49.489855881373224,10.033260136811066],[49.60610307563732,10.689679615797267],[48.73409450298998,11.322588330609562],[48.1741353118523,11.70543524793603],[50.62015983635107,12.058976287559837],[52.500643147697176,12.928556583350725],[54.28176805297797,13.846583166580716],[56.56335611954117,14.411921874549826],[57.16330989454304,14.434991286936038],[58.59935107546143,14.208404612799143],[60.09884552626665,14.406140024764726],[61.606522713889284,14.533284911162973],[62.21962537054827,13.992956123807904],[62.21962316564958,13.992955321854335],[63.01406445260933,13.774014173136473],[62.91449989232188,13.273294648429248],[63.17222438603719,12.827080623172208],[64.1898016265445,12.881498055534196],[64.29338453478086,12.89820170527226],[65.74411724242316,12.674865381127141],[65.74395866225228,11.946502521427213],[65.41350930217106,11.20394123929014],[66.11664585084758,10.55728360875234],[66.24814937350946,10.514470364736951],[64.33568745474619,10.832410091602737],[62.40453777880371,10.484422068596169],[60.89917586167591,9.787348199781121],[60.18347976346566,8.96808598269159],[60.18348340700369,8.968086415295486],[60.07329033172922,7.942680790365804],[59.80546428112879,6.92181082156676],[59.40031573155424,5.909865067872339],[58.883875618055605,4.908602829537037],[58.60742892354796,4.436623265439434],[57.189462350212374,4.748863301487328],[56.14058138397322,4.322367380610102],[56.12060028244225,3.5470104372546474],[56.19689320265295,2.770434787384279],[55.98280204295546,2.082554233380866],[55.98280195668786,2.0825547692239383],[55.77814640342537,1.0712921984574306],[54.19428730171162,1.5238725951247052],[53.38157978396511,2.474440606811703],[53.175576212982534,3.2725102494113134],[53.17557507374259,3.272511167559628],[52.6750020455805,4.006597403711301],[51.70771057725947,3.7601855568000153],[51.101569590102166,3.044296380398377],[50.77080588860033,2.8365795828934233],[49.97002870979146,3.165204683485781],[49.40616519619094,3.5970587063337165],[49.20842365211125,4.102554036306702],[49.337214537891995,4.614832944729574],[49.52679713217989,4.920208116995325],[49.526798492163444,4.9202081744588515],[51.37482701155525,5.323410686048721],[52.18823228205364,6.249314791116964],[51.03177845689758,7.004142093028401],[49.01287844339824,6.950950944117777],[49.0128789787649,6.950951551871345],[46.953936936751546,6.832719908174167],[44.94949150582801,7.069665259053778],[43.49470873420262,7.783557785563286],[42.93054391827743,8.742202261828549],[42.9305454051251,8.74220268843383],[42.190703989050576,8.504563723540219],[41.34478978352165,8.798526649972708],[40.555671066193646,9.131529485249601],[40.24636837189937,8.940931796256198],[40.246368209513264,8.940931810030417],[39.455211899375556,9.272927366294933],[38.53523282503678,9.376914424977638],[38.32739765308052,8.880830878903407],[38.26291102659188,8.368503090242791],[38.21719156662021,8.152414329645083],[39.08779750146204,7.871734171946796],[39.96090027728848,7.592741374473926],[40.748774140275074,7.259871848626497],[40.47115576412278,6.861832078139623],[39.54403265308583,6.733923193494392],[39.54402886238541,6.733923185311804],[38.62404564973852,6.1665372161048815],[39.60579170063532,5.582827051206299],[40.71973811098683,5.0431492846371775],[41.00679993631507,4.31198670630064],[40.79635042688536,4.084797366428333],[41.913291767120434,3.2172106239597307],[42.56060809564692,2.233060741252786],[42.902855820441644,1.2100615460616988],[42.94447518628928,0.28348104178056155],[42.944471636630745,0.2834804314358712],[42.11316621449846,0.5610848295644747],[41.765027236355515,1.0472850765111315],[41.636172918506404,0.791826313118823],[41.56063325410737,0.37488776183596073],[41.56063032608311,0.37488866054920345],[41.52936917341826,0.27293032900973496],[41.40658054710531,0.5251597246673982],[41.187105590606436,0.6447797988325686],[41.13012773520899,0.38705650792305774],[41.118519666700514,0.2455463642874448],[41.11851924297431,0.24554725794127744],[40.40916677532551,0.5187130285879891],[40.05963229167881,1.0071876459419773],[39.53099736303943,1.452966068146574],[39.19690858803651,1.6565338337702646],[39.19690714939721,1.6565335233366394],[39.50338062628056,0.7465788478268715],[37.81132227397491,0.15113606115469183],[36.230151106157585,-0.5055403582964867],[36.686203890584856,-1.4456856069091293],[36.90999129654895,-1.565525817032814],[36.42684602110947,-2.015802052203391],[35.62797462327231,-2.346189313642055],[34.797648848540945,-2.656266502800372],[35.253392401635,-2.8635960590783913],[35.25339330998221,-2.8635944385691023],[34.33163722938236,-3.099522150518418],[33.31756461065153,-3.207034294428609],[32.279157864699044,-3.2213238414398933],[31.737741374286706,-3.489567627548099],[31.750634305010728,-3.503931033004242],[30.389072524006128,-4.6045334012598005],[28.79887021545716,-5.62662239970282],[27.086101292834492,-6.596863179245576],[25.23758774393794,-7.501443667049258],[25.134115433318666,-7.54651198455113],[23.85441184847372,-7.967131821505957],[23.14903139037927,-8.65016501881335],[22.511150582020193,-9.349277474211373],[21.207930808714014,-9.728913783337319],[19.939265654642753,-9.717274867679798],[19.939267336861228,-9.71727523625839],[19.41249404301124,-10.429310788914727],[17.927089440388784,-10.587876965197957],[16.831451110765467,-11.109190615088359],[16.484106944050815,-11.446758954377344],[16.576882362450675,-12.207154673560158],[16.80845698598776,-12.95871957265829],[17.08715370730206,-13.704332121321512],[17.27758470550414,-14.453244111311687],[16.972304500004213,-14.768584249479003],[17.651691186628803,-15.952898092096035],[17.132523494191027,-17.168399891378076],[16.410190815829413,-18.355321278303673],[16.430584225804665,-19.568255348078416],[16.87052349384711,-19.98519164704765],[16.174675475045948,-20.571631058930823],[14.913550808100073,-20.99827997702516],[14.192811860455814,-21.62263895308297],[14.490538202275795,-22.31378221848868],[14.49054092224288,-22.31378273447027],[14.780105594303958,-22.439309264090916],[13.257799385917544,-22.591178756370237],[11.868835314216192,-22.907478491851244],[11.209181448395194,-23.527224093826593],[11.34518721688264,-23.854342030278165],[9.612612145985354,-24.322879612533775],[7.794783860154226,-23.918339366936674],[6.550199105031188,-23.15917209074571],[5.647529056344064,-22.297528585694394],[5.4135440142095845,-21.513573284742456],[5.413547939385969,-21.513572476927063],[5.481313250235448,-21.507860974171887],[5.063787518323634,-21.064836505050074],[4.641004853747157,-20.621571280389258],[4.219316392349727,-20.1767850253048],[4.185337462268937,-20.140549659395322],[2.9367715088221242,-18.79710138810375],[1.3851993298996998,-17.513458362101737],[-0.07217622751959867,-16.196480102019468],[-1.0147093666618678,-14.769712780667074],[-1.107669780883139,-14.456608998963945],[-1.6021656451851618,-13.740724521554581],[-2.2550164216753825,-13.053072544775137],[-3.0108253741099067,-12.388721372740665],[-3.782607314256389,-11.72701399460669],[-4.304677023821288,-11.221259612052195],[-4.304675255335212,-11.221259580967871],[-5.542613305280142,-10.103104146601094],[-6.365763327279146,-8.889670041214073],[-6.998827262947733,-7.643940356478149],[-7.661331607340322,-6.398489954184484],[-8.226000658731884,-5.640987093133666],[-8.189827778330164,-5.125172130264546],[-8.352689613824648,-4.614661188184783],[-8.472207524113168,-4.10493655664689],[-8.472209156854596,-4.104937947436113],[-9.089754390061072,-3.4732694143839487],[-9.169286310262013,-2.6967618934128628],[-9.218616636918727,-1.9189863602532797],[-9.368074483469522,-1.144567890507155],[-9.756124126118875,-0.6234952293716574],[-9.756124559994207,-0.6234955779425885],[-10.11733011034239,-0.2675549482067889],[-9.50996409136503,0.1527799815688927],[-9.090971492872583,0.5748297539599404],[-10.091763022292149,0.45318611412229665],[-10.179954866074329,0.43648374749911095],[-10.53900271372273,0.9066508373644953],[-10.334236068073018,1.4123124042314479],[-11.268780731107181,1.5464951957010191],[-11.776846733238143,1.5304139907904772],[-11.95106795181713,0.7730516539374933],[-11.743133667254085,0.002416373443897688],[-12.355796263938865,-0.6877823954730988],[-13.583619094999799,-1.038662824946626],[-13.583619380444091,-1.0386642761167084],[-15.998660304367666,-1.3553442064560675],[-18.304931374528444,-0.7810190116497088],[-20.17257365653748,0.11772285850456132],[-21.622860680318414,1.1907783655528537],[-21.865570042269905,1.7185523619666458],[-20.361529859150384,1.6625940113319357],[-19.013542903604595,2.044792206537694],[-17.987509375485093,2.6245823051581314],[-18.880379169611796,2.7995513275801067],[-20.00579489082224,2.480600557010953],[-20.00579457366189,2.4806004461994102],[-21.542516036741706,2.4783585996547894],[-22.913588300663445,2.838273344173539],[-23.977126039196243,3.402773057751866],[-24.49844645745374,4.120472153226524],[-24.083686154396258,4.369633032310054],[-24.46226242696303,4.1923183468901595],[-24.866114583640645,4.029660513435207],[-25.34284622235076,3.949198603543894],[-25.495202121524393,4.1804148914658175],[-25.47028124767049,4.297691321931614],[-25.470281533114797,4.297692304091811],[-25.470411441990787,4.297630173925024]]}},{"type":"Feature","properties":{"stroke":"rgb(153, 153, 153)","fill":"rgb(153, 255, 255)"},"geometry":{"type":"LineString","coordinates":[[16.70840241297228,-22.663611576312633],[17.089730635078855,-22.820867051272714],[17.334562560901574,-22.893634006627405],[17.334563195222255,-22.89363479486183],[17.045082387967405,-22.702575721446035],[16.708400827170575,-22.663611137665747],[16.70840241297228,-22.663611576312633]]}},{"type":"Feature","properties":{"stroke":"rgb(153, 153, 153)","fill":"rgb(153, 255, 255)"},"geometry":{"type":"LineString","coordinates":[[17.176074366519984,-25.235152112784924],[17.35399656084301,-26.166740200513043],[17.80207276267498,-27.072246503224687],[18.776199036360968,-27.87632416776524],[20.27466271605545,-28.03358203147808],[20.274660876525463,-28.03358222728216],[21.245704605417803,-27.87061641249007],[22.17503198082999,-27.66549160034325],[23.032903131243327,-27.406568813454317],[23.73329624296359,-27.068038420807877],[23.805584125810583,-27.014175307809012],[24.170557277141494,-26.581710036195673],[24.295677031966378,-26.120903440752834],[24.133734961463002,-25.661846568351486],[23.908471955591097,-25.461551739778184],[23.624502316730876,-25.282658704935727],[23.36098964677842,-25.08017449119804],[23.190333595885146,-24.96644649241708],[23.19033568914339,-24.96644545817805],[23.45531313241827,-24.961569671461472],[23.167244323004912,-24.765716408833264],[22.88582795176003,-24.59002572400693],[22.88582928383345,-24.590024715442762],[22.66353026821944,-24.37692997582446],[22.512982182993863,-24.15049528614641],[22.375937199318763,-23.921811946535577],[22.19062834063611,-23.70018795265852],[22.187956264756775,-23.697652529456256],[22.18795880203949,-23.697651107574195],[21.70810852568885,-23.725510463458157],[21.529578969311352,-23.63987217004891],[21.529580618545122,-23.639873476436264],[21.454332678228454,-23.25260907756214],[20.898057225804596,-22.849186367303574],[20.458615714277077,-22.52555452250646],[20.458611844920885,-22.52555592758468],[19.843078851995074,-22.140267551734492],[19.133797321696957,-21.788514526993186],[18.325902712136667,-21.48729479814152],[18.023599873449182,-21.473462697638933],[18.468355279638793,-21.59283695250656],[18.82185426755752,-21.76953336668885],[18.932963464285084,-21.822376411282395],[18.932962005347488,-21.822374881481355],[18.52932935534243,-21.671052258025668],[18.128644837578154,-21.51754597226012],[17.660817475462995,-21.418078240381107],[17.21235275221236,-21.51496631740343],[17.20984718551245,-21.516458837581354],[17.209850674276193,-21.516458601727525],[17.6059725233639,-21.668449567740296],[18.065204840217334,-21.78086350882347],[18.179493569371058,-21.822376411282395],[18.17949052463176,-21.822374881481355],[18.624818405238255,-21.797423034477653],[19.079570832264295,-21.913135385067303],[19.463509283983562,-22.068707725389796],[19.463509854872182,-22.068707402338124],[18.979308519224965,-21.983715952937033],[18.474294107038276,-21.927221228561148],[17.96040713429082,-21.89392450336735],[17.958646894394036,-21.8939355300609],[17.95864543545646,-21.893934706734473],[17.88092675264541,-22.09416777518106],[17.817827702651986,-22.128360559821022],[17.817824213888215,-22.128359972702597],[17.8199923219845,-22.360370360141555],[17.858844463850275,-22.59699376818936],[17.785088826373656,-22.678940989648133],[17.785087177139886,-22.678942539360552],[17.420409936407854,-23.124575411732586],[17.276157483966212,-23.59620252240658],[17.23201669340157,-24.07063571740278],[17.21335973629746,-24.5437348846996],[17.210370309780174,-24.58199836218252],[16.89711915952717,-24.411891436069777],[16.91184332839343,-24.17604762578972],[16.92768548746442,-24.054684596967064],[16.927688595635765,-24.05468369988683],[16.781633150083287,-24.51197097954771],[17.04823813336794,-24.96740890553177],[17.176077538123412,-25.235150822823215],[17.176074366519998,-25.235152112784924]]}},{"type":"Feature","properties":{"stroke":"rgb(153, 153, 153)","fill":"rgb(153, 255, 255)"},"geometry":{"type":"LineString","coordinates":[[17.14489623628347,-21.634511048539594],[17.458239236171448,-21.750538657100826],[17.458236445160424,-21.750538127288863],[17.144892747519712,-21.634510901250994],[17.14489623628347,-21.634511048539594]]}},{"type":"Feature","properties":{"stroke":"rgb(153, 153, 153)","fill":"rgb(255, 221, 85)"},"geometry":{"type":"LineString","coordinates":[[-33.85317139158133,33.02488706451378],[-34.089109570532436,32.600666374654296],[-34.549081267432605,32.211512225501664],[-35.487675671580625,32.079845860020114],[-35.94200219032693,32.14767217154372],[-36.95185431833071,32.212894424924876],[-37.63282334137021,31.91366742477442],[-37.38844336903451,31.498621671493225],[-36.51017087963736,31.280484982163728],[-36.510171650336986,31.280484995197664],[-35.50101622845597,31.215722926271056],[-34.877897251753744,30.87000666446679],[-34.57056293383053,30.443623721402997],[-34.22549248199412,30.021220474993683],[-33.755375618661866,29.751058868327654],[-33.755375989739456,29.75105890168722],[-34.18898930890952,29.341778002877245],[-34.67170933132251,28.94052580865801],[-34.82513762890173,28.496472004209046],[-34.476578413305944,28.16983813758876],[-34.47657810566041,28.169838053779234],[-35.45798549908749,28.31888098986619],[-36.470575393220585,28.421435403269843],[-37.486711536425005,28.517128074301013],[-38.48332646059401,28.64535138665857],[-38.82909705022806,28.708295878472253],[-38.87344160996908,29.16174826488309],[-39.22693068662712,29.582547519323626],[-40.043214187227,29.85235322804678],[-40.86372979613725,29.957390364520503],[-40.863729865912525,29.957390407764088],[-42.390575361915104,30.072522730902367],[-43.77885159212528,30.37600233325535],[-45.084680009242426,30.742263196263977],[-46.446330628761714,31.066097306099905],[-46.946583075056274,31.14738124555714],[-48.33304812307557,31.450600765833762],[-49.65472861052437,31.8021524725478],[-50.97575099026404,32.152824010386986],[-52.21464767288278,32.42788370884637],[-52.21464781401913,32.4278837370996],[-52.64273385304917,32.55174076446983],[-53.03189553914683,32.69645108464729],[-53.383263606019334,32.85715138214278],[-53.56102305744199,32.95002314274057],[-53.561023404732566,32.95002305132838],[-49.45809415426265,33.18590278015655],[-45.30600044247994,33.26839221924123],[-41.14933268389339,33.28170504906944],[-36.997002092980445,33.205746449995914],[-33.85280764672857,33.02488706451378],[-33.85317139158133,33.02488706451378]]}},{"type":"Feature","properties":{"stroke":"rgb(153, 153, 153)","fill":"rgb(227, 128, 28)"},"geometry":{"type":"LineString","coordinates":[[-23.585173833689616,-33.29354979625181],[-23.695959431720485,-33.08680204996897],[-24.05440612097068,-33.04430289012745],[-24.054404693749138,-33.04430039308914],[-23.680850705939815,-33.19138550392519],[-23.58517532434322,-33.29355297490941],[-23.585173833689616,-33.29354979625181]]}},{"type":"Feature","properties":{"stroke":"none","fill":"rgb(153, 255, 255)"},"geometry":{"type":"LineString","coordinates":[[3.670747619070323,-19.363521898083082],[6.5056063609795425,-18.76795389767703],[9.60174940428002,-18.697772250936655],[12.612171936210942,-19.06951939601878],[15.495777905488564,-19.627837060710476],[16.589925518073535,-19.84356314998377],[16.64056023006781,-20.085551519640003],[16.47744466629992,-20.313802659018872],[16.40670998107858,-20.357086310161367],[16.406707235738683,-20.357087962085515],[15.56464927370204,-20.642116623898584],[14.747358789017083,-20.94146475066526],[14.222006469914943,-21.132357192038015],[14.222003686515794,-21.132357588128404],[14.088799126375148,-21.365969053998334],[13.931558957938401,-21.59617396215835],[13.863345697434054,-21.83428703457919],[14.015527158419726,-22.061688519634707],[14.230109916646954,-22.181543440244862],[14.2301100003773,-22.181544919224162],[13.570955578364217,-22.50225533701324],[12.583587860409697,-22.650845919727075],[11.985074579471746,-22.733762061452083],[11.985076769146755,-22.733760652655107],[13.50725162949809,-22.73672567687818],[12.614280183693442,-22.9814882786988],[11.721308737888796,-23.225808248917087],[10.794795603866818,-23.88197125523072],[9.9733186026706,-24.15144591026913],[8.95412384442032,-24.112471755658852],[8.171522772115505,-23.8317953171884],[8.171523769267635,-23.831796163640984],[7.413557129357006,-23.507715338862784],[6.8112617113435565,-23.11998880582885],[6.345828909808696,-22.692664760722028],[5.941504977122707,-22.32042239171419],[5.941508004101018,-22.320423165649768],[5.770571410930396,-22.093477742083248],[5.637165842177008,-21.8609324956833],[5.600565538737748,-21.62119908164213],[5.5178501216063545,-21.385785125054607],[5.452435801118066,-21.319007693052267],[5.452432264145943,-21.319007781617103],[3.670747619070323,-19.363521898083082]]}},{"type":"Feature","properties":{"stroke":"rgb(153, 153, 153)","fill":"none"},"geometry":{"type":"LineString","coordinates":[[-55.27722358360144,23.00814217386753],[-55.10999749494019,23.233553077725627],[-54.86596045222401,23.4439176085269],[-54.624259493650115,23.65444664974511],[-54.56750563274405,23.87681281545532],[-54.567505412317615,23.876812758223707],[-54.04657472703128,24.268097041292823],[-54.04264788554985,24.739452349317606],[-54.09660082418774,25.20915486817466],[-53.603717795073415,25.58292694339089],[-53.331136657788676,25.59969273639455],[-52.434170203432934,25.38271953349147],[-51.405477484072975,25.31698743218135],[-50.544225602641674,25.08047137978858],[-50.361991351815114,24.86758367928118],[-49.42625026482373,25.072322378777333],[-48.530842196836865,25.309628641751264],[-47.92271697529141,25.675769563941447],[-48.29696023181346,26.082032118992437],[-48.29695985915005,26.082031932559826],[-47.26324944117118,26.119869772624128],[-46.267721782298786,26.251106573130983],[-45.345324360354084,26.46390536781942],[-44.538089840755084,26.754813947658928],[-44.09399201896008,26.99324236038277],[-44.09399201261688,26.993242413328673],[-44.10643858012208,27.45485833681486],[-43.992932840562084,27.910999973823582],[-43.480421550797004,28.298423615609735],[-42.48391366824336,28.376811136546685],[-42.164689313581434,28.346414437205826],[-41.526614732939954,28.68983734592584],[-40.73307162884437,28.846750190049324],[-40.31161707319899,28.70025798012326],[-40.311617142974264,28.70025796969944],[-39.298729841245496,28.603441683860776],[-38.261613541433555,28.575508752147012],[-37.22647949375763,28.537645684564048],[-36.23319078867285,28.409187984010394],[-35.913058492757365,28.32980285153909],[-34.914497555193,28.283301803432458],[-34.0424751067807,28.03470986579704],[-33.0843892173793,28.030718577273678],[-32.75305180834116,28.220032630959583],[-32.75305106618596,28.220032678708588],[-31.823282390702644,28.421704745651283],[-30.810835218723334,28.39743657746426],[-30.06710809305779,28.168494557512997],[-30.06710710986073,28.16849466115875],[-29.811266738871677,28.60258092188889],[-29.36524811475688,28.979504012279182],[-28.61722148420834,28.93683901969664],[-28.617220126762078,28.9368390861883],[-28.12249892511181,28.86947160212931],[-27.63785017137047,28.921527779081643],[-27.518130071364087,29.135739165878615],[-27.646504684196287,29.35443633637983],[-27.836729528176235,29.517270695352522],[-27.836727599841357,29.51727069942012],[-27.44452508504981,29.92868479298216],[-26.64727120495562,30.21109326922599],[-25.643371504186785,30.301775791131444],[-24.806880925312424,30.067671708535617],[-24.62558810945734,29.712223982569085],[-24.62558803968207,29.71222397561937],[-24.409744638871608,29.52156776732806],[-23.91185047635747,29.460189845059165],[-23.445311578130713,29.37006585331522],[-23.36065751841032,29.154387973300075],[-23.446536609950773,29.018506072144138],[-23.446535081237926,29.018506123341805],[-23.45038614359889,28.340139375303067],[-22.853807540745695,27.71218201467659],[-21.47325614710955,27.595999469374526],[-20.85646387538998,27.83758241362226],[-19.882808039295714,27.976075456149445],[-19.11785694000992,28.284631075987637],[-18.365869769693628,28.598811310018952],[-17.406994943942095,28.754556259834416],[-16.834017035020217,28.721530807828106],[-16.834017402926218,28.721530896342994],[-16.457512028810974,28.574616452567373],[-16.248071232624554,28.369588724739298],[-15.753657904861242,28.406266641751188],[-15.559976013156097,28.449597022803097],[-15.559975074361498,28.44959704397908],[-14.661480587467388,28.654484640672457],[-13.628378348230875,28.640748935129952],[-12.906085314911996,28.38220578631223],[-12.935607925253388,28.35488603103061],[-13.434676634004374,28.39795556499485],[-13.869915771003553,28.284803093152192],[-13.742583822794886,28.09130950374553],[-13.44601115171807,28.038664513271346],[-13.44600950629022,28.038664581379972],[-14.890280058014074,27.79415496509623],[-16.445095201431013,27.762353620739514],[-18.00352200823976,27.773557437727497],[-19.54006475146698,27.67055145836009],[-19.576149546292683,27.665538342189212],[-20.486070796351544,27.44320023944959],[-21.38906989889326,27.215034339569115],[-22.22159597349559,26.939425418097546],[-22.86739786139017,26.57885337637956],[-23.068515841185317,26.370798616556925],[-22.30624210420743,26.055385501718458],[-21.698170403469657,25.677489463428877],[-21.300752637225525,25.245963177210683],[-21.280494020395512,24.78039152025257],[-21.294272376526134,24.75788859064855],[-21.804244679771756,24.349895047534563],[-22.430485703588197,23.97254974538094],[-22.311483178855045,23.540352555430726],[-21.889307083432165,23.39235005393876],[-21.889306992089995,23.392349932070694],[-22.22125899063247,22.957089355725195],[-23.20598634874182,22.83846920157724],[-24.24175273484914,22.875488804965105],[-25.27322159832558,22.859382542442457],[-25.609949163864307,22.725734487807614],[-24.79899156181111,22.43101791635057],[-24.268572606249343,22.0209045223639],[-24.278253925681607,21.55314237332285],[-25.15963855093228,21.335057344860335],[-25.652974983590696,21.335132854627343],[-26.218200836603696,20.970850646724788],[-26.24518325267905,20.48562316045782],[-26.524300211446175,20.03071797043002],[-26.52429979660046,20.03071764322277],[-26.187650366683528,19.57790538009897],[-26.392028490914583,19.10192610107134],[-27.096830131385325,18.759686336257612],[-28.01059286302557,18.92639833133791],[-28.16052807141267,19.01592489882492],[-29.183987014935965,18.99259469088163],[-30.138580176073717,18.800901966085636],[-30.992088389535706,18.521930890866614],[-31.195667086386845,18.424754490136078],[-31.064611066183726,18.09463769635359],[-32.096430788288245,18.048911765619476],[-33.134169515270884,18.07273603867216],[-33.464083915294765,18.090303545001234],[-34.17832479241779,17.733335772655785],[-34.6404353393727,17.29228560108272],[-34.790757447854794,16.802915640985045],[-34.684399709497235,16.308701762862587],[-34.61299801451028,16.155790033190318],[-34.8131410389746,15.480780271883098],[-36.2614279703503,15.219581665714895],[-37.796057840266265,15.087666148868099],[-38.51021233052405,14.994876486233393],[-39.54485419546089,15.014989843295973],[-40.567260202171504,14.926998107700973],[-41.58484140718308,14.825657857903899],[-42.620445248615226,14.812170315800723],[-43.3853289513284,14.909576106883625],[-43.38532870140605,14.909576568681985],[-44.929412181681,14.807438754461263],[-46.486447447490264,14.787634393397152],[-48.02428856586656,14.90173833013901],[-49.2509745753275,15.136091114986963],[-49.25097426990209,15.136091108868824],[-50.20703559417196,15.325353410285127],[-51.201748547416464,15.469086775688437],[-51.41327269059783,15.848206475366784],[-51.090795735158736,15.993624091620841],[-50.198600120207175,16.606346303901837],[-49.50122399623793,17.270878871780262],[-49.50068482365693,17.991339443311908],[-50.62055123001262,18.34055432321535],[-50.62055158586653,18.340554133708974],[-52.11228813708356,18.48817446357162],[-52.925664664925975,19.102111387004268],[-53.28367823208446,19.816509973147472],[-53.75604296933894,20.51100727835031],[-53.85886808288198,20.595815554118293],[-54.340225558459615,21.010779385902975],[-54.18481401761832,21.48632078123955],[-53.95262489591907,21.954777933105515],[-54.01979400209775,22.098993854570946],[-54.92155667788264,22.304766908322286],[-55.28351443122875,22.747587192188995],[-55.27736399841374,23.00814231971338],[-55.27736388518751,23.00814217386753],[-55.27722358360144,23.00814217386753]]}},{"type":"Feature","properties":{"stroke":"none","fill":"rgb(0, 0, 0)"},"geometry":{"type":"LineString","coordinates":[[-1.7906215273589365,4.087912482978094],[-1.931306718856609,3.84227612979006],[-2.327776968579723,3.681945478831776],[-2.835511030697017,3.686596278833199],[-2.958319479531306,3.7182835284946827],[-2.95832043588435,3.7182831587009915],[-3.281414684187921,3.915790868143499],[-3.347554508957994,4.087913036144668],[-3.347553424269629,4.087912482978094],[-3.206866145856901,4.3334747026862885],[-2.810395896133787,4.493675120270923],[-2.302661834016493,4.48902899995718],[-2.179853385182204,4.457372200221507],[-2.1798545157442075,4.457371463874131],[-1.856762145029863,4.259996282404414],[-1.7906223202597897,4.087913036144668],[-1.7906215273589365,4.087912482978094],[-1.7906215273589365,4.087912482978094]]}},{"type":"Feature","properties":{"stroke":"none","fill":"rgb(0, 0, 0)"},"geometry":{"type":"LineString","coordinates":[[26.550298857631642,4.808990212994605],[26.409614141874503,4.563588431341443],[26.013147856655646,4.4034051973866575],[25.50541379453836,4.40804790835066],[25.382601381199798,4.439706828297695],[25.38259999629824,4.4397075829691754],[25.059518070056004,4.637038543754877],[24.99336635177311,4.8089895972121965],[24.993366960720962,4.808990212994605],[25.13405867937847,5.054302368389583],[25.53052496459731,5.214332599860677],[26.03825902671461,5.209695382166758],[26.161063511044624,5.178072236568964],[26.16106582205438,5.1780727135870785],[26.484146822188418,4.9808992198200555],[26.550298540471314,4.8089895972121965],[26.550298857631642,4.808990212994605],[26.550298857631642,4.808990212994605]]}},{"type":"Feature","properties":{"stroke":"none","fill":"rgb(0, 0, 0)"},"geometry":{"type":"LineString","coordinates":[[1.7065254141699733,5.513284411065837],[1.5658380025499115,5.268148242694434],[1.1693677528267896,5.108127643568827],[0.6616336907095037,5.112773494836523],[0.5388252418752144,5.144397923196726],[0.5388265056445596,5.144397001772071],[0.21573400172286586,5.341518160941864],[0.14959417695280017,5.513283543618401],[0.1495935172592884,5.513284411065837],[0.29027857554961184,5.758319624594038],[0.6867488252727336,5.918163096776431],[1.1944828873900197,5.913527484865018],[1.3172913362243166,5.88194203665187],[1.3172924257846945,5.881942720507614],[1.6403865408809315,5.685003179831248],[1.7065263656509972,5.513283543618401],[1.7065254141699733,5.513284411065837],[1.7065254141699733,5.513284411065837]]}},{"type":"Feature","properties":{"stroke":"none","fill":"rgb(0, 0, 0)"},"geometry":{"type":"LineString","coordinates":[[1.6389727986575278,12.51558109365874],[1.498286814259002,12.275094306523275],[1.1018165645358802,12.11804412235516],[0.5940785379143277,12.122598731121855],[0.47127405358430474,12.153644294863616],[0.47127389013211396,12.153644583172717],[0.1481828134319562,12.347085378427124],[0.08203902415761652,12.515580985378906],[0.08204090174684288,12.51558109365874],[0.22272342275443585,12.75584380853908],[0.6191936724775575,12.912504587601513],[1.1269316990991178,12.90796582666782],[1.249740147933407,12.877010864458105],[1.249739810272249,12.877010793207981],[1.5728353525900218,12.683966670330545],[1.6389712128558211,12.515580985378906],[1.6389727986575278,12.51558109365874],[1.6389727986575278,12.51558109365874]]}},{"type":"Feature","properties":{"stroke":"none","fill":"rgb(0, 0, 0)"},"geometry":{"type":"LineString","coordinates":[[-0.2509415291791243,14.16751727962022],[-0.39162805275021967,13.9286551794143],[-0.7880943379690751,13.772650283142319],[-1.295832364590635,13.777176674458769],[-1.4186408134249247,13.808014588105262],[-1.418640437704538,13.80801464369417],[-1.7417360180815393,14.000161062425772],[-1.8078718783473389,14.167517402525275],[-1.8078734260898015,14.16751727962022],[-1.6671835152462533,14.406128514628927],[-1.2707172300274054,14.561700676660772],[-0.7629792034058376,14.557187986709554],[-0.6401747190758222,14.52645169913654],[-0.6401745175643954,14.52645139830674],[-0.3170834789234814,14.334748515396731],[-0.25093968964913405,14.167517402525275],[-0.2509415291791243,14.16751727962022],[-0.2509415291791243,14.16751727962022]]}},{"type":"Feature","properties":{"stroke":"none","fill":"rgb(0, 0, 0)"},"geometry":{"type":"LineString","coordinates":[[-21.37048731588929,8.0821055556622],[-21.51117266596713,7.83825179044743],[-21.907642915690246,7.679045805568163],[-22.415380942311813,7.683664418073725],[-22.538185426641828,7.715131671001049],[-22.538186252729908,7.715131864268294],[-22.861276666794172,7.911242452397509],[-22.927420456068518,8.08210557134989],[-22.927419212799972,8.0821055556622],[-22.786736057471696,8.32581206365259],[-22.390265807748577,8.484763105070627],[-21.88252381662274,8.480153653473764],[-21.759719332292725,8.448746009005676],[-21.75972030427456,8.448745811325667],[-21.43663205664465,8.252894405642373],[-21.370488267370312,8.08210557134989],[-21.37048731588929,8.0821055556622],[-21.37048731588929,8.0821055556622]]}},{"type":"Feature","properties":{"stroke":"none","fill":"rgb(0, 0, 0)"},"geometry":{"type":"LineString","coordinates":[[-16.688571425372878,23.493532247383975],[-16.8292437718767,23.267517484162298],[-17.22572987961691,23.11982486546416],[-17.73347583524702,23.12412003690173],[-17.856268426064215,23.15331827409313],[-17.85627033389828,23.153318334010148],[-18.17938345324219,23.335196630963818],[-18.2455034554909,23.49353235637095],[-18.245503322283554,23.493532247383975],[-18.104830950406903,23.719160350055155],[-17.708344842666694,23.8661833273062],[-17.200598887036588,23.86191136303017],[-17.077806296219386,23.832870137205802],[-17.077804413758138,23.832870313123273],[-16.754691269041416,23.65167765980988],[-16.688571266792703,23.49353235637095],[-16.688571425372878,23.493532247383975],[-16.688571425372878,23.493532247383975]]}},{"type":"Feature","properties":{"stroke":"none","fill":"rgb(0, 0, 0)"},"geometry":{"type":"LineString","coordinates":[[35.97949928806355,40.531895241319226],[36.49913479200546,40.531895241319226],[37.018770295947334,40.531895241319226],[37.53840579988922,40.531895241319226],[38.003531600124525,40.33429304737048],[38.003531600124525,40.136110505510274],[38.003531600124525,39.937348289345394],[38.003531600124525,39.738007102316104],[37.48389609618263,39.699128145527865],[36.96426059224074,39.699128145527865],[36.444625088298864,39.699128145527865],[35.97949928806355,39.898581973682695],[35.97949928806355,40.097456971420144],[35.97949928806355,40.29575242946728],[35.97949928806355,40.49346766842506],[35.97949928806355,40.531895241319226]]}},{"type":"Feature","properties":{"stroke":"none","fill":"rgb(0, 0, 0)"},"geometry":{"type":"LineString","coordinates":[[-43.82549634773011,-7.334514086048572],[-44.345131851671994,-7.334514086048572],[-44.828957575080054,-7.094111637993583],[-45.486926944483514,-6.915655967643659],[-46.006562448425385,-6.915655967643659],[-46.63158622920605,-7.157815446011777],[-47.28077106035138,-7.334514086048572],[-47.1806490333723,-6.854411768647467],[-46.80345735569142,-6.373825383168441],[-46.42626567801052,-5.892788285733816],[-45.58940945857092,-5.487908527294122],[-43.82549634773011,-7.334514086048572],[-45.208298387269856,-6.604748654528223],[-45.38918679757562,-6.362936853505772],[-45.570075207881374,-6.121011194975766],[-45.898559897439405,-6.1618967767721395],[-46.07628932100595,-6.404380102827714],[-43.82549634773011,-7.334514086048572]]}},{"type":"Feature","properties":{"stroke":"none","fill":"rgb(0, 0, 0)"},"geometry":{"type":"LineString","coordinates":[[-42.74725267705069,-7.334514086048572],[-43.26688818099258,-7.334514086048572],[-43.46024455200936,-6.819260062530782],[-43.46024455200936,-6.303451341025889],[-42.940609048067465,-5.997460695255376],[-42.492278772257315,-6.010063474404122],[-42.49227792797649,-6.010065127101044],[-42.18399892006523,-5.967204025622648],[-42.183998968907915,-5.967203191014554],[-41.71460161425835,-6.034019015018854],[-41.71460182548714,-6.034018422544962],[-41.962706700850724,-6.223676941769761],[-42.2702645507722,-6.284820083461271],[-42.270263658917315,-6.284818214899924],[-42.523990841929184,-6.325764122483549],[-42.52399128278206,-6.325765828371826],[-42.68764557827807,-6.473779591995089],[-42.68764528839352,-6.47378117647494],[-42.7413150548605,-6.729825976929134],[-42.74727370478136,-6.921974015988695],[-42.74727346247086,-6.921972566350597],[-42.74725267705069,-7.334514086048572]]}},{"type":"Feature","properties":{"stroke":"none","fill":"rgb(0, 0, 0)"},"geometry":{"type":"LineString","coordinates":[[-40.877084498363836,-6.40665548427894],[-41.38846582700506,-6.360853550894157],[-41.2861239392951,-6.121905988381579],[-41.14856357006463,-6.061380848115685],[-41.14856287104324,-6.061380888452294],[-40.66243209172556,-5.97737256554701],[-40.35694919729739,-5.968094420618426],[-40.356950144338164,-5.968093976839613],[-39.840560622354275,-5.99171693765953],[-39.64650408499543,-6.024194259058482],[-39.646504483348814,-6.02419248412577],[-39.31792795318274,-6.166623859743474],[-39.31792856149628,-6.166622649883298],[-39.22488500242275,-6.418503198763031],[-39.22278381515859,-6.483477825339436],[-39.222783300724515,-6.483477434894835],[-39.24525533079461,-6.482144286481932],[-39.236008809704096,-6.739982654902257],[-39.197333679984375,-7.153224122194991],[-39.19614234645063,-7.15622303514396],[-39.19614158843742,-7.156224242566001],[-39.068009568379026,-7.33541426456594],[-39.068009865875425,-7.335415270350966],[-39.65324046251689,-7.310707924582653],[-39.841870891016185,-7.231051891266423],[-39.841871843765844,-7.231053782582501],[-39.867245700609224,-7.189555626033775],[-39.867245645423324,-7.189554311800758],[-40.25798525940714,-7.32158450559879],[-40.257985562612426,-7.321585752810931],[-40.70200973787311,-7.3655867914864155],[-40.70200890437573,-7.365588440861808],[-41.20344222045002,-7.309322022470536],[-41.35789336013143,-7.253686755458276],[-41.35789283745119,-7.25368848572441],[-41.590199434706705,-7.029170663157453],[-41.59766261399877,-6.97068207368798],[-41.59766305168005,-6.970680464404],[-41.48855945643286,-6.7686920808484325],[-41.48856038127241,-6.768690833406732],[-41.18281688697486,-6.632721904226127],[-41.182817243463084,-6.6327229795159415],[-40.68713690009665,-6.557345928625593],[-40.61573816040974,-6.5502465002844],[-40.615739018011304,-6.550244728405555],[-40.10869986879217,-6.494151963900802],[-39.9230639385071,-6.4633411879108955],[-39.92306489125676,-6.463341820204429],[-40.02455524787075,-6.282563913590807],[-40.024554901531644,-6.282565473461956],[-40.40768295846639,-6.239092347704844],[-40.40768215858801,-6.239093141566395],[-40.704545038355064,-6.276267848567168],[-40.70454472563497,-6.276266519258563],[-40.87708026427327,-6.406662255109953],[-40.87707930200879,-6.406660643967067],[-40.877084498363836,-6.40665548427894],[-39.92308567667692,-6.693787508328555],[-40.356961090810195,-6.747917985697872],[-40.35696053704824,-6.7479197455347935],[-40.745165349126154,-6.809600388584324],[-40.7451646329781,-6.809598778753556],[-40.88471788175331,-6.934191809102065],[-40.88471794391675,-6.934190602359938],[-40.77307942370544,-7.062520336214256],[-40.77307945224987,-7.062521289769065],[-40.48890177523508,-7.116610643654075],[-40.48890118785412,-7.116611355591623],[-40.12099379653971,-7.0537143372321625],[-40.12099405470823,-7.053715210292374],[-39.9509958533556,-6.936704537715474],[-39.95099529959363,-6.936705813659129],[-39.923085743280595,-6.7642863636342545],[-39.92308567667691,-6.7642850759001805],[-40.877084498363836,-6.40665548427894]]}},{"type":"Feature","properties":{"stroke":"none","fill":"rgb(0, 0, 0)"},"geometry":{"type":"LineString","coordinates":[[-38.54807816969628,-7.334514086048572],[-38.54807816969628,-6.819260062530782],[-38.54807816969628,-6.303451341025889],[-38.54807816969628,-5.78712917114237],[-38.028442665754405,-5.487908527294122],[-37.83508629473762,-5.746267399207521],[-37.83508629473762,-6.0045090923084],[-37.42065496624465,-6.001936235738163],[-37.0536072849763,-5.967188266406146],[-37.05360646035942,-5.967187699074349],[-36.55159400252353,-6.023753046918817],[-36.23912961607233,-6.144292963291517],[-36.239129771480904,-6.144291065243603],[-35.99193881020777,-6.368846553049596],[-35.917544887543364,-6.623341358991929],[-35.91689272659061,-6.652580212265784],[-35.91689340277645,-6.652578423126208],[-35.97282593511236,-6.908261555449433],[-36.18389614255459,-7.141857159351836],[-36.24546885840329,-7.179840259114792],[-36.245469324628985,-7.179838874424397],[-36.66198760623001,-7.329752758893134],[-37.04342247350149,-7.364675359778124],[-37.04342160448216,-7.36467701921412],[-37.4988607597666,-7.307471423034882],[-37.49886133826706,-7.3074725596431955],[-37.885076819190154,-7.138822777071529],[-37.88579835896766,-7.138331456803622],[-37.88579752356732,-7.138332151098493],[-38.54807816969628,-7.334514086048572],[-37.84017872267626,-6.637472887107613],[-37.76369162738951,-6.890985727365267],[-37.70823812388467,-6.944596541789202],[-37.70823807187037,-6.944596686494389],[-37.291160380955596,-7.083284532086901],[-37.216003291218826,-7.0855055617197005],[-37.21600294805133,-7.085506994496571],[-36.8138459601175,-6.9854897054762874],[-36.81384663884064,-6.985489487808335],[-36.65313486819059,-6.744507345542023],[-36.647655923286656,-6.670218690123257],[-36.64765681196994,-6.670218151260338],[-36.725804231496674,-6.416743607849715],[-36.815120548240955,-6.339622703859773],[-36.81511974582529,-6.339624167810265],[-37.24392331255451,-6.238194527274329],[-37.24392296367814,-6.238195064076911],[-37.6701848296297,-6.337102989467843],[-37.67018516391671,-6.337103324590664],[-37.836033919093154,-6.577038048390336],[-37.84018475506596,-6.637502608385585],[-37.840183919031304,-6.637503830980792],[-38.54807816969628,-7.334514086048572]]}},{"type":"Feature","properties":{"stroke":"none","fill":"rgb(0, 0, 0)"},"geometry":{"type":"LineString","coordinates":[[-35.34088783936696,-5.815539536109514],[-35.34088783936696,-5.557211581508471],[-34.821252335425065,-5.487572586752882],[-34.62789596440829,-5.745931607615345],[-35.34088783936696,-5.815539536109514],[-35.34088783936696,-7.334179359985827],[-35.34088783936696,-6.818924962564522],[-35.34088783936696,-6.303115893897403],[-34.821252335425065,-5.9971250550273885],[-34.62789596440829,-6.513243446756513],[-34.62789596440829,-7.028831592037345],[-35.34088783936696,-5.815539536109514]]}},{"type":"Feature","properties":{"stroke":"none","fill":"rgb(0, 0, 0)"},"geometry":{"type":"LineString","coordinates":[[-33.36679255989172,-6.40665548427894],[-33.87817388853294,-6.360853550894157],[-33.77583047845334,-6.121905988381579],[-33.63827010922287,-6.061380848115685],[-33.638270932571125,-6.061380888452294],[-33.152138630883805,-5.97737256554701],[-32.84665771870777,-5.968094420618426],[-32.84665820586605,-5.968093976839613],[-32.33026914376466,-5.99171693765953],[-32.136212606405806,-6.024194259058482],[-32.1362125448767,-6.02419248412577],[-31.807636474593124,-6.166623859743474],[-31.807636623024166,-6.166622649883298],[-31.714591541581008,-6.418503198763031],[-31.712492336568975,-6.483477825339436],[-31.7124913622524,-6.483477434894835],[-31.7349633923225,-6.482144286481932],[-31.725716871231985,-6.739982654902257],[-31.687040219142624,-7.153224122194991],[-31.68584888560888,-7.15622303514396],[-31.685849649965306,-7.156224242566001],[-31.557718089789404,-7.33541426456594],[-31.55771792740331,-7.335415270350966],[-32.14294852404478,-7.310707924582653],[-32.331579412426564,-7.231051891266423],[-32.33157990529373,-7.231053782582501],[-32.35695422201961,-7.189555626033775],[-32.35695370695121,-7.189554311800758],[-32.74769378081752,-7.32158450559879],[-32.74769362414031,-7.321585752810931],[-33.19171627703136,-7.3655867914864155],[-33.191716965903616,-7.365588440861808],[-33.693150741860414,-7.309322022470536],[-33.847601881541806,-7.253686755458276],[-33.84760089897907,-7.25368848572441],[-34.07990597386495,-7.029170663157453],[-34.087371135409164,-6.97068207368798],[-34.087371113207936,-6.970680464404],[-33.97826797784324,-6.7686920808484325],[-33.9782684428003,-6.768690833406732],[-33.67252540838525,-6.632721904226127],[-33.67252530499097,-6.6327229795159415],[-33.17684542150702,-6.557345928625593],[-33.10544668182012,-6.5502465002844],[-33.10544707953918,-6.550244728405555],[-32.59840839020257,-6.494151963900802],[-32.412772459917484,-6.4633411879108955],[-32.41277295278464,-6.463341820204429],[-32.51426376928113,-6.282563913590807],[-32.51426296305954,-6.282565473461956],[-32.89738949762463,-6.239092347704844],[-32.89739022011589,-6.239093141566395],[-33.19425355976545,-6.276267848567168],[-33.194252787162846,-6.276266519258563],[-33.36678680343152,-6.406662255109953],[-33.36678736353668,-6.406660643967067],[-33.36679255989172,-6.40665548427894],[-32.41279373820481,-6.693787508328555],[-32.846667629968444,-6.747917985697872],[-32.84666859857613,-6.7479197455347935],[-33.23487188828441,-6.809600388584324],[-33.234872694505995,-6.809598778753556],[-33.374426403163696,-6.934191809102065],[-33.374426005444626,-6.934190602359938],[-33.26278794511581,-7.062520336214256],[-33.26278751377775,-7.062521289769065],[-32.97860831439333,-7.116610643654075],[-32.97860924938201,-7.116611355591623],[-32.61070231795009,-7.0537143372321625],[-32.61070211623611,-7.053715210292374],[-32.44070239251384,-6.936704537715474],[-32.44070336112152,-6.936705813659129],[-32.41279426469097,-6.7642863636342545],[-32.412793738204805,-6.7642850759001805],[-33.36679255989172,-6.40665548427894]]}},{"type":"Feature","properties":{"stroke":"none","fill":"rgb(0, 0, 0)"},"geometry":{"type":"LineString","coordinates":[[-28.556007064397715,-7.334514086048572],[-29.075642568339607,-7.334514086048572],[-29.268998939356386,-7.0769589810810976],[-29.268998939356386,-6.819260062530782],[-29.301712969293533,-6.395561120869997],[-29.314668969254477,-6.372369995308318],[-29.314669703797833,-6.372368206429358],[-29.46310000919881,-6.273468260500827],[-29.46309838914381,-6.273466672882061],[-29.710481111268447,-6.238186651649711],[-29.71048126350542,-6.2381847413381895],[-30.042865149434405,-6.288588219698194],[-30.042866113601853,-6.288588244897767],[-30.244579126794655,-6.422124709026497],[-30.244578223522016,-6.422126574570032],[-30.298333840218945,-6.677894751180412],[-30.299128723325484,-6.729385371648272],[-30.299129558725834,-6.729385624681702],[-30.286415247648026,-6.735417126508505],[-30.291882982853142,-6.993147447295856],[-30.297350718058254,-7.250735639230856],[-30.818765062667723,-7.334506361603808],[-31.012121433684502,-6.819252329457275],[-31.012121433684502,-6.303443599940743],[-30.49248592974261,-5.997452949713968],[-29.960415354089257,-6.026234860539971],[-29.461839296840324,-5.967196146014448],[-29.461840871224272,-5.967195445044508],[-29.030501232044806,-6.009429215353337],[-29.03050183211219,-6.009427425244786],[-28.734907793523178,-6.117203186399356],[-28.734907175694847,-6.11720127565117],[-28.59535327864388,-6.2659041787402945],[-28.595353864756213,-6.2659057222809365],[-28.556029360769752,-6.50399936444606],[-28.556027849817895,-6.503999147821115],[-28.556007064397715,-7.334514086048572]]}},{"type":"Feature","properties":{"stroke":"none","fill":"rgb(0, 0, 0)"},"geometry":{"type":"LineString","coordinates":[[-42.32063192831439,-9.944509324725916],[-41.80343520621303,-9.919763729965007],[-41.38963714583747,-10.142209393577561],[-41.32223462645676,-10.175399092952503],[-41.32223544917069,-10.175400489093276],[-40.84168120562842,-10.259465237123832],[-40.777969639724965,-10.260229230946347],[-40.77796922234196,-10.260230307396746],[-40.2791933750103,-10.202187745016714],[-40.231208997553935,-10.18475646778614],[-40.2312087450943,-10.184757584416499],[-40.04725798158445,-10.00816799374275],[-40.04725777669886,-10.008168591686395],[-40.12464708722637,-9.897677150049443],[-40.12464709230093,-9.897676123585914],[-40.39486769840709,-9.818372669382057],[-40.3948679470608,-9.81837128294826],[-40.895933464338846,-9.750788849862852],[-40.99618983062177,-9.738424518470902],[-40.996190152222354,-9.738423131703643],[-41.49050602803042,-9.660362909707024],[-41.843664068581745,-9.557221381737037],[-41.84366369560117,-9.557219434218764],[-42.13392921336178,-9.348218229019],[-42.18619723768406,-9.188274516329194],[-42.18619702708959,-9.188276264452629],[-42.04828997432979,-8.944390991102882],[-42.02507978406926,-8.926010707276639],[-42.025078842737365,-8.926011173115295],[-41.63987863773936,-8.75828770563043],[-41.560759025982705,-8.740003844297783],[-41.5607585381901,-8.740003708986071],[-41.057199586863845,-8.681039142144732],[-40.82874701044097,-8.67610117588032],[-40.82874800378716,-8.676101922728158],[-40.31274497466438,-8.701596986468557],[-39.838875708038664,-8.802431495730572],[-39.77451198118246,-8.827695536170433],[-39.77451149338986,-8.827696202548355],[-39.47877582050704,-9.035308250386642],[-39.40280006063809,-9.2320726511087],[-39.4028006283551,-9.232070889438862],[-39.89638022003383,-9.114642321038424],[-40.36061834600113,-9.044978870184531],[-40.360618770995984,-9.044977095070642],[-40.836360840895374,-8.983003388911438],[-40.83636066391991,-8.983005325845424],[-41.33332730940987,-9.043996954212531],[-41.348891953181806,-9.04936029525926],[-41.34889275052291,-9.0493585602255],[-41.4681442416841,-9.163254633482774],[-41.46814390232254,-9.163255287980306],[-41.35650578363622,-9.274614312333277],[-41.356505410655664,-9.274614886558163],[-40.878015887281464,-9.370700113447711],[-40.66637677347621,-9.39719419275655],[-40.66637749787043,-9.397195887312332],[-40.16602065380915,-9.46596614357642],[-39.8556951174127,-9.529110583216058],[-39.85569414817069,-9.529109210589978],[-39.46952464978829,-9.696475300986258],[-39.44465134998565,-9.71532264491379],[-39.44465207184258,-9.715322858565681],[-39.29932649913843,-9.958196383087362],[-39.29622427454558,-10.006927476781838],[-39.29622338649662,-10.006926104876687],[-39.41729627050872,-10.252947827123624],[-39.473834065931975,-10.301408104658929],[-39.47383480174396,-10.301409409201623],[-39.84822400911208,-10.474666556181981],[-39.976218029534174,-10.505254482189526],[-39.97621840695498,-10.505253273221902],[-40.47979134441798,-10.564474187960055],[-40.785603292700735,-10.571927445793328],[-40.78560266789486,-10.571928669452316],[-41.3014170145244,-10.545855829948138],[-41.7768760473632,-10.446771381242216],[-41.869042842679065,-10.411763504187928],[-41.86904269361369,-10.411762534229],[-42.17705310858066,-10.208495675111855],[-42.31588806593457,-9.963186476258377],[-42.32067916934731,-9.944521029980946],[-42.32067869550975,-9.944519552933858],[-42.32063192831439,-9.944509324725916]]}},{"type":"Feature","properties":{"stroke":"none","fill":"rgb(0, 0, 0)"},"geometry":{"type":"LineString","coordinates":[[-37.104011104241785,-10.118342344828287],[-36.5915448136676,-10.160645818989558],[-36.653636377980995,-10.396026988673553],[-36.826171603899205,-10.46942349868107],[-36.82617239299414,-10.469423719312065],[-37.30704218506931,-10.560280190640023],[-37.56576969836544,-10.569750677070942],[-37.565769605754625,-10.569751814757895],[-38.077482140519706,-10.532361586731048],[-38.51360139746727,-10.398236148776181],[-38.60607940636849,-10.344124770407316],[-38.606079884646284,-10.344125669496755],[-38.82024985615142,-10.113095389716857],[-38.872496075700205,-9.887398305741174],[-38.87249700751729,-9.887397701332544],[-38.80994412729632,-9.634158694186366],[-38.58302184952243,-9.405768476273721],[-38.52235105839561,-9.370641487337519],[-38.52235101589613,-9.370640162856322],[-38.10002629406253,-9.225112860551391],[-37.63683938419777,-9.183613240267116],[-37.636840153628754,-9.183612035209832],[-37.12767413603828,-9.226868461123058],[-36.70351777073152,-9.370782189985349],[-36.68788176588268,-9.379396210120564],[-36.68788179633009,-9.379394965714946],[-36.444841795990925,-9.603538971238764],[-36.35987255818091,-9.855346073374816],[-36.35549772771673,-9.97855423495345],[-36.35549694623366,-9.978554696872632],[-36.90861594783582,-9.635734520588114],[-37.36108674867948,-9.76156640603311],[-37.813557549523146,-9.887350766478184],[-37.97942607410776,-10.215758606593514],[-37.96920954659876,-10.221282689774075],[-37.969209414660064,-10.221281354961329],[-37.55816776142385,-10.30797128293067],[-37.55816733833195,-10.307971105835819],[-37.276529377939724,-10.263070804029402],[-37.27653009155049,-10.26307094622433],[-37.10399613427364,-10.118348272308825],[-37.103995515176656,-10.118347456188355],[-37.104011104241785,-10.118342344828287],[-37.063411982318804,-9.763752785615878],[-37.223262298540895,-9.531938956305032],[-37.2232622560414,-9.531938258746745],[-37.593705577718204,-9.45254811325568],[-37.59370521044654,-9.45254705542225],[-37.97937255330008,-9.536314293900691],[-37.979373485117165,-9.536313636354178],[-38.129076199115744,-9.76375392242879],[-38.12907527744778,-9.763752785615878],[-37.104011104241785,-10.118342344828287]]}},{"type":"Feature","properties":{"stroke":"none","fill":"rgb(0, 0, 0)"},"geometry":{"type":"LineString","coordinates":[[-35.23903928059434,-9.619604048438015],[-35.75042060923556,-9.57416133993059],[-35.648079514426456,-9.337054917694013],[-35.51051716294386,-9.276987360585021],[-35.510517653273745,-9.276987400617836],[-35.024385684604795,-9.193608317372417],[-34.71890477242875,-9.184399248330907],[-34.718904926568676,-9.184398807854032],[-34.20251619748564,-9.20784573130171],[-34.00845966012679,-9.24008015023725],[-34.00845926557932,-9.240078388607449],[-33.67988352831411,-9.381432433173867],[-33.67988334372679,-9.38143123254834],[-33.586836613049854,-9.63135851080698],[-33.58473740803782,-9.69581931467519],[-33.58473808295503,-9.695818927330498],[-33.60721011302512,-9.694496362556135],[-33.59796359193461,-9.950255824095516],[-33.55928529061147,-10.360027557652604],[-33.55809593932986,-10.363004613195141],[-33.558096370667926,-10.363005810246321],[-33.42996514351039,-10.540641241558545],[-33.42996464810593,-10.54064223853085],[-34.01519524474741,-10.516151085089676],[-34.20382646614755,-10.437188044963044],[-34.20382662599635,-10.437189919897637],[-34.22920127574059,-10.396050366110947],[-34.229200427653836,-10.396049063208464],[-34.61994083453851,-10.526932567177159],[-34.61994034484294,-10.526933803477808],[-35.063963330752344,-10.570548957195916],[-35.06396368660624,-10.570550592071452],[-35.56539581332925,-10.514777292363714],[-35.71984695301066,-10.459626612070544],[-35.719847619681694,-10.459628327312348],[-35.95215500983807,-10.237035740247874],[-35.95962215363441,-10.179040703941364],[-35.95962303026559,-10.179039108191816],[-35.85052097832063,-9.978729795412034],[-35.85052035985795,-9.978728558218286],[-35.544776426610504,-9.84386770481216],[-35.54477722204863,-9.843868771409584],[-35.049096439732274,-9.76909830558768],[-34.977699682297505,-9.762055725742414],[-34.97769899659685,-9.762053968045752],[-34.47066139067995,-9.706408651082713],[-34.28502546039487,-9.675842355486148],[-34.28502486984232,-9.675842982771924],[-34.38651478750638,-9.49648102828691],[-34.3865148801172,-9.496482576076735],[-34.76964249810203,-9.453345238592114],[-34.769642137173555,-9.453346026338565],[-35.066504577990706,-9.490233707615747],[-35.06650470422051,-9.490232388594645],[-35.23903980390891,-9.619610766015295],[-35.23903928059434,-9.619609167544336],[-35.23903928059434,-9.619604048438015],[-34.28504045890743,-9.904437866159077],[-34.71891468368943,-9.95812615449188],[-34.71891531927875,-9.958127899906742],[-35.10711894200539,-10.019301226189546],[-35.107119415208615,-10.01929962964744],[-35.24667345688468,-10.142856688022347],[-35.24667272614725,-10.142855491386687],[-35.135034998836794,-10.270102515770178],[-35.13503423448037,-10.27010346122087],[-34.8508553681143,-10.323731705892422],[-34.85085597008464,-10.32373241174216],[-34.482949371671076,-10.261371320313636],[-34.48294883693874,-10.261372185961246],[-34.312949446234825,-10.14534836948703],[-34.31295008182415,-10.145349634741578],[-34.285041318411956,-9.974360262532072],[-34.28504045890743,-9.974358985371458],[-35.23903928059434,-9.619604048438015]]}},{"type":"Feature","properties":{"stroke":"none","fill":"rgb(255, 221, 85)"},"geometry":{"type":"LineString","coordinates":[[55.16142970467203,-1.8895865472676256],[55.71746570103787,0.6879032054390481],[55.35254894081573,3.27208115260997],[53.97731791191266,5.762548601460711],[51.514147620682486,8.024717882292341],[48.70080148416253,9.613461064965891],[50.22601675063563,9.757306584904375],[51.45308632588489,10.214865855841058],[52.405748773442156,10.820809797111142],[53.493917977017006,11.341820157150217],[53.493919372522484,11.341820408827573],[54.3279624567555,11.64524522477797],[55.14605377130343,11.958221695204735],[55.80474029808206,12.336695176740962],[55.80473845855207,12.336694504944012],[56.80970248599581,12.461002189795256],[57.77899999347847,12.32622716391266],[58.7101906858985,12.130826651581135],[58.99717114056945,12.139042120019209],[59.78757643785345,12.466481086958812],[60.7364171032925,12.665613036664972],[61.61998617039705,12.501250912419454],[61.40119310863296,12.018096258548047],[61.36873561700982,11.989638566022158],[62.35878739950464,12.098742330709266],[62.81774220105902,11.677503304935716],[62.774441885400044,11.169621998933547],[62.745350353051975,10.812422988968681],[62.7453539940527,10.812422515207581],[63.76968310883879,10.896231867680447],[64.80475967120277,10.879456413514024],[65.65730252787453,10.615786626520563],[65.76612024113287,10.118515957568695],[65.53943781586743,9.747132694125296],[65.53943409874822,9.747132656021424],[65.29370991207925,9.522035641278675],[65.10289039245849,9.286025908015617],[65.14437496516089,9.031996629362743],[65.16299227722227,8.996159542617365],[65.1629945506276,8.996159510691033],[63.62265550340675,8.988811718513542],[62.21182322614093,8.66953800522013],[61.03633978047919,8.1667847000434],[60.18059360435564,7.525531497196855],[59.89545059909506,6.914661670803992],[59.89544944716867,6.914661179404287],[59.80976180375967,5.883922090417829],[59.571534742054126,4.857070237697184],[59.2046198716789,3.838080684896186],[58.7032765904481,2.832271456772218],[58.59345072849189,2.648109171572228],[57.1505388472697,2.9347898118995963],[56.01628624603693,2.6138604625578368],[55.93327745558941,1.8389662485746945],[56.00353541329512,1.373374495196702],[56.011172035526016,0.8556555454500315],[55.86760940682772,0.34149690670860106],[55.89001678497316,-0.17473521932894892],[55.908712326535806,-0.21073701204392128],[55.79257719897551,-0.4637544386276178],[55.62105688615095,-0.7081853724994581],[55.21865970254115,-0.8495538878169921],[54.72422258775222,-0.7775472814393426],[54.686163346740855,-0.7679836699158608],[54.68616587641173,-0.7679839905913044],[55.16142970467203,-1.8895865472676256]]}},{"type":"Feature","properties":{"stroke":"none","fill":"rgb(255, 221, 85)"},"geometry":{"type":"LineString","coordinates":[[3.6811403291491436,17.114799755235214],[3.11697012149814,17.53102074460635],[2.6056561120232278,17.96137903106305],[2.2466702501920333,18.422072633213617],[2.7698024469018434,18.597721209343202],[2.7698035823358595,18.597721201834386],[4.30558400530882,18.489441447591748],[5.038375045940017,18.972206974730344],[4.198550318972891,19.587517513805587],[3.128261029664853,20.11966617678706],[2.4887379346087366,20.399140267132445],[4.717021839782411,19.114181242022312],[3.82380850558182,19.997732983890767],[2.930595171381229,20.876353955573563],[2.037381837180631,21.749866245348855],[0.47029878553339066,22.473691372761177],[-0.9241204440462698,23.177047911824644],[-2.909663118600831,23.231837704036725],[-4.6500804940165485,22.716104377149946],[-5.808698938505139,22.217719118778966],[-5.808697865234559,22.217719379880634],[3.6811403291491436,17.114799755235214]]}},{"type":"Feature","properties":{"stroke":"none","fill":"rgb(255, 221, 85)"},"geometry":{"type":"LineString","coordinates":[[-18.528081109327157,25.878275501060735],[-15.877536858409023,25.13802421527354],[-13.2269926074909,24.393257812186356],[-10.57644835657276,23.644075345193258],[-7.925904105654627,22.890579465637213],[-5.387208702321325,22.69976458244808],[-4.559677903101735,22.989152765125127],[-3.7022824932010363,23.258908915267735],[-3.285249127346982,23.38010715369669],[-4.697987563639611,23.6804609526883],[-6.151200391573286,23.938336651598583],[-7.559887872027933,24.241159002799012],[-8.598476985176916,24.747766814217503],[-8.534606988167946,25.15006682518272],[-9.789196020756048,25.56608842010358],[-11.152390814689294,25.90161202031884],[-12.644455784488741,26.102393840195173],[-13.282204806382612,26.163915464154208],[-14.742824286120646,25.92823741442601],[-16.292893917923987,25.86301651382358],[-17.85151498544207,25.872908048219514],[-18.52792521867597,25.878275501060735],[-18.528081109327157,25.878275501060735]]}}]}