{
  "type": "FeatureCollection",
  "features": [
    {
      "type": "Feature",
      "properties": {
        "stroke": "rgb(153, 153, 153)",
        "fill": "rgb(255, 221, 85)"
      },
      "geometry": {
        "type": "Polygon",
        "coordinates": [
          [
            74.23979786389256,
            10.579561574897953
          ],
          [
            74.4389812188859,
            10.809541732609137
          ],
          [
            74.65344504198498,
            11.037149045794987
          ],
          [
            74.64957568581548,
            11.081847890190105
          ],
          [
            74.64957722594609,
            11.081847355283248
          ],
          [
            74.97095426012231,
            11.281117918792338
          ],
          [
            75.29401378424049,
            11.479692726961613
          ],
          [
            75.37732387701267,
            11.570682360257134
          ],
          [
            75.3773267492167,
            11.570683123992088
          ],
          [
            75.59485622641827,
            11.801552245512546
          ],
          [
            75.83407441419179,
            12.026984087248122
          ],
          [
            76.11704487111135,
            12.239659484308547
          ],
          [
            76.46206774889649,
            12.428853643320194
          ],
          [
            76.6181661401029,
            12.494494561296335
          ],
          [
            76.61816436907955,
            12.49449430140353
          ],
          [
            77.05193048151288,
            12.632106229675726
          ],
          [
            77.55036381660804,
            12.700475694284727
          ],
          [
            78.06819150660186,
            12.697320435801766
          ],
          [
            78.56192293963039,
            12.621497466104914
          ],
          [
            78.6059289370498,
            12.610509423446768
          ],
          [
            78.60592606230846,
            12.6105085717537
          ],
          [
            78.72926466495225,
            12.371474610737078
          ],
          [
            79.0551786321463,
            12.243685528534634
          ],
          [
            79.05517693724143,
            12.243686462569755
          ],
          [
            79.56871672851781,
            12.213771329071234
          ],
          [
            80.08785270492142,
            12.224404478375627
          ],
          [
            80.59928168502023,
            12.188931882996686
          ],
          [
            80.6948341669844,
            12.168237343846211
          ],
          [
            80.69483480637965,
            12.168237776301282
          ],
          [
            81.14601061115708,
            12.106339660679538
          ],
          [
            81.58502395622324,
            12.241417015010036
          ],
          [
            81.79365995804243,
            12.260600050060194
          ],
          [
            81.79365604301515,
            12.260600152252447
          ],
          [
            82.29603401038395,
            12.195812280675131
          ],
          [
            82.77310659646147,
            12.097260797150502
          ],
          [
            83.09879062240769,
            11.905987247309685
          ],
          [
            83.13384476918088,
            11.823296593843523
          ],
          [
            83.13384797123169,
            11.823295895942792
          ],
          [
            83.13870525141837,
            11.569133929901597
          ],
          [
            83.25129717274368,
            11.322489284229356
          ],
          [
            83.57177976908503,
            11.16878645750582
          ],
          [
            83.57178118488879,
            11.168785677147863
          ],
          [
            84.08593632812298,
            11.13694082208104
          ],
          [
            84.58535286027758,
            11.077435652711557
          ],
          [
            84.7867893223388,
            10.886684075742558
          ],
          [
            84.78679292020573,
            10.88668366184914
          ],
          [
            84.77373024526679,
            10.631846765559915
          ],
          [
            84.83847852903736,
            10.380428003619691
          ],
          [
            85.01236961541662,
            10.250112010265479
          ],
          [
            85.01237188882193,
            10.250111601750099
          ],
          [
            84.91068800984789,
            10.044394457560214
          ],
          [
            84.41374532835903,
            9.971422498996642
          ],
          [
            84.3940576001442,
            9.968826087000147
          ],
          [
            84.39405760268149,
            9.968825984001572
          ],
          [
            83.87739547440633,
            9.955753979723832
          ],
          [
            83.36801217851188,
            10.004805323571345
          ],
          [
            83.22721677379545,
            10.024146052448321
          ],
          [
            83.22721607857997,
            10.024146650362512
          ],
          [
            82.72558804825704,
            9.958886963471182
          ],
          [
            82.22562441451291,
            9.890215849345887
          ],
          [
            81.87465478031974,
            9.884668543439947
          ],
          [
            81.87465682536964,
            9.884668840027219
          ],
          [
            81.35518578555728,
            9.878486982222194
          ],
          [
            80.83688235505079,
            9.893150439716056
          ],
          [
            80.33826665275913,
            9.962027720223112
          ],
          [
            80.24648044985338,
            9.984281358420393
          ],
          [
            80.24648290086853,
            9.984281845299627
          ],
          [
            79.75270937178215,
            10.059420989680053
          ],
          [
            79.24765531455273,
            10.017924221296644
          ],
          [
            79.10391031865792,
            9.970076502872613
          ],
          [
            79.10390835480109,
            9.970076286888549
          ],
          [
            78.65498571291174,
            9.841426402222297
          ],
          [
            78.17329051485306,
            9.746902353019655
          ],
          [
            77.65855513819137,
            9.73332561122378
          ],
          [
            77.34608876948805,
            9.79027784879626
          ],
          [
            77.34608537206647,
            9.79027777572126
          ],
          [
            76.90175505968887,
            9.922563185681076
          ],
          [
            76.41695961928946,
            10.01281989012758
          ],
          [
            75.90095560126075,
            10.027176957660616
          ],
          [
            75.82287865412762,
            10.0211073172278
          ],
          [
            75.82287781936161,
            10.021107045105635
          ],
          [
            75.31470849654042,
            10.065653723828252
          ],
          [
            74.87119147462126,
            10.196706216009819
          ],
          [
            74.51481425660106,
            10.38182097573658
          ],
          [
            74.35828769893328,
            10.495180236949933
          ],
          [
            74.35828515150139,
            10.495180778510294
          ],
          [
            74.23975695020849,
            10.579604423700381
          ],
          [
            74.23975629305227,
            10.579604957635985
          ],
          [
            74.23979786389256,
            10.579561574897953
          ]
        ]
      }
    },
    {
      "type": "Feature",
      "properties": {
        "stroke": "rgb(153, 153, 153)",
        "fill": "rgb(0, 170, 212)"
      },
      "geometry": {
        "type": "LineString",
        "coordinates": [
          [
            -28.444963558015864,
            32.59041497826271
          ],
          [
            -1.4239173530376732,
            32.59041497826271
          ],
          [
            25.59712885194051,
            32.59041497826271
          ],
          [
            52.618175056918716,
            32.59041497826271
          ],
          [
            79.63922126189692,
            32.59041497826271
          ],
          [
            104.42063844488557,
            20.792941289956953
          ],
          [
            104.42063844488557,
            7.998974440971426
          ],
          [
            104.42063844488557,
            -5.207617780769114
          ],
          [
            104.42063844488557,
            -18.14362799016757
          ],
          [
            77.39959223990738,
            -29.108857329720298
          ],
          [
            50.37854603492917,
            -29.108857329720298
          ],
          [
            23.35749982995098,
            -29.108857329720298
          ],
          [
            -3.6635463750272024,
            -29.108857329720298
          ],
          [
            -28.444963558015864,
            -16.9555447623004
          ],
          [
            -28.444963558015864,
            -3.9655257437028264
          ],
          [
            -28.444963558015864,
            9.230997230117174
          ],
          [
            -28.444963558015864,
            21.95332377216623
          ],
          [
            -28.444963558015864,
            32.59041497826271
          ]
        ]
      }
    },
    {
      "type": "Feature",
      "properties": {
        "stroke": "rgb(153, 153, 153)",
        "fill": "rgb(255, 221, 85)"
      },
      "geometry": {
        "type": "LineString",
        "coordinates": [
          [
            -20.27722358360144,
            23.00814217386753
          ],
          [
            -20.10999749494019,
            23.233553077725627
          ],
          [
            -19.86596045222401,
            23.4439176085269
          ],
          [
            -19.624259493650115,
            23.65444664974511
          ],
          [
            -19.56750563274405,
            23.87681281545532
          ],
          [
            -19.567505412317615,
            23.876812758223707
          ],
          [
            -19.046574727031278,
            24.268097041292823
          ],
          [
            -19.042647885549847,
            24.739452349317606
          ],
          [
            -19.09660082418774,
            25.20915486817466
          ],
          [
            -18.603717795073415,
            25.58292694339089
          ],
          [
            -18.331136657788676,
            25.59969273639455
          ],
          [
            -17.434170203432934,
            25.38271953349147
          ],
          [
            -16.405477484072975,
            25.31698743218135
          ],
          [
            -15.544225602641674,
            25.08047137978858
          ],
          [
            -15.361991351815114,
            24.86758367928118
          ],
          [
            -14.426250264823729,
            25.072322378777333
          ],
          [
            -13.530842196836865,
            25.309628641751264
          ],
          [
            -12.922716975291408,
            25.675769563941447
          ],
          [
            -13.296960231813458,
            26.082032118992437
          ],
          [
            -13.29695985915005,
            26.082031932559826
          ],
          [
            -12.263249441171183,
            26.119869772624128
          ],
          [
            -11.267721782298786,
            26.251106573130983
          ],
          [
            -10.345324360354084,
            26.46390536781942
          ],
          [
            -9.538089840755084,
            26.754813947658928
          ],
          [
            -9.09399201896008,
            26.99324236038277
          ],
          [
            -9.09399201261688,
            26.993242413328673
          ],
          [
            -9.10643858012208,
            27.45485833681486
          ],
          [
            -8.992932840562084,
            27.910999973823582
          ],
          [
            -8.480421550797004,
            28.298423615609735
          ],
          [
            -7.4839136682433605,
            28.376811136546685
          ],
          [
            -7.164689313581434,
            28.346414437205826
          ],
          [
            -6.526614732939954,
            28.68983734592584
          ],
          [
            -5.733071628844371,
            28.846750190049324
          ],
          [
            -5.311617073198988,
            28.70025798012326
          ],
          [
            -5.311617142974264,
            28.70025796969944
          ],
          [
            -4.298729841245496,
            28.603441683860776
          ],
          [
            -3.2616135414335545,
            28.575508752147012
          ],
          [
            -2.2264794937576298,
            28.537645684564048
          ],
          [
            -1.2331907886728501,
            28.409187984010394
          ],
          [
            -0.9130584927573651,
            28.32980285153909
          ],
          [
            0.08550244480699831,
            28.283301803432458
          ],
          [
            0.9575248932193006,
            28.03470986579704
          ],
          [
            1.9156107826207034,
            28.030718577273678
          ],
          [
            2.246948191658838,
            28.220032630959583
          ],
          [
            2.246948933814039,
            28.220032678708588
          ],
          [
            3.1767176092973557,
            28.421704745651283
          ],
          [
            4.189164781276666,
            28.39743657746426
          ],
          [
            4.93289190694221,
            28.168494557512997
          ],
          [
            4.9328928901392715,
            28.16849466115875
          ],
          [
            5.1887332611283234,
            28.60258092188889
          ],
          [
            5.634751885243119,
            28.979504012279182
          ],
          [
            6.38277851579166,
            28.93683901969664
          ],
          [
            6.382779873237922,
            28.9368390861883
          ],
          [
            6.87750107488819,
            28.86947160212931
          ],
          [
            7.36214982862953,
            28.921527779081643
          ],
          [
            7.481869928635913,
            29.135739165878615
          ],
          [
            7.353495315803713,
            29.35443633637983
          ],
          [
            7.163270471823765,
            29.517270695352522
          ],
          [
            7.163272400158643,
            29.51727069942012
          ],
          [
            7.555474914950189,
            29.92868479298216
          ],
          [
            8.352728795044381,
            30.21109326922599
          ],
          [
            9.356628495813215,
            30.301775791131444
          ],
          [
            10.193119074687576,
            30.067671708535617
          ],
          [
            10.37441189054266,
            29.712223982569085
          ],
          [
            10.374411960317929,
            29.71222397561937
          ],
          [
            10.590255361128392,
            29.52156776732806
          ],
          [
            11.088149523642532,
            29.460189845059165
          ],
          [
            11.554688421869287,
            29.37006585331522
          ],
          [
            11.63934248158968,
            29.154387973300075
          ],
          [
            11.553463390049227,
            29.018506072144138
          ],
          [
            11.553464918762074,
            29.018506123341805
          ],
          [
            11.549613856401109,
            28.340139375303067
          ],
          [
            12.146192459254305,
            27.71218201467659
          ],
          [
            13.526743852890451,
            27.595999469374526
          ],
          [
            14.14353612461002,
            27.83758241362226
          ],
          [
            15.117191960704286,
            27.976075456149445
          ],
          [
            15.882143059990081,
            28.284631075987637
          ],
          [
            16.634130230306372,
            28.598811310018952
          ],
          [
            17.593005056057905,
            28.754556259834416
          ],
          [
            18.165982964979783,
            28.721530807828106
          ],
          [
            18.165982597073782,
            28.721530896342994
          ],
          [
            18.542487971189026,
            28.574616452567373
          ],
          [
            18.751928767375446,
            28.369588724739298
          ],
          [
            19.246342095138758,
            28.406266641751188
          ],
          [
            19.440023986843904,
            28.449597022803097
          ],
          [
            19.440024925638504,
            28.44959704397908
          ],
          [
            20.338519412532612,
            28.654484640672457
          ],
          [
            21.371621651769125,
            28.640748935129952
          ],
          [
            22.093914685088002,
            28.38220578631223
          ],
          [
            22.064392074746614,
            28.35488603103061
          ],
          [
            21.565323365995624,
            28.39795556499485
          ],
          [
            21.130084228996445,
            28.284803093152192
          ],
          [
            21.257416177205116,
            28.09130950374553
          ],
          [
            21.553988848281932,
            28.038664513271346
          ],
          [
            21.55399049370978,
            28.038664581379972
          ],
          [
            20.109719941985926,
            27.79415496509623
          ],
          [
            18.554904798568987,
            27.762353620739514
          ],
          [
            16.99647799176024,
            27.773557437727497
          ],
          [
            15.459935248533021,
            27.67055145836009
          ],
          [
            15.423850453707317,
            27.665538342189212
          ],
          [
            14.513929203648456,
            27.44320023944959
          ],
          [
            13.610930101106739,
            27.215034339569115
          ],
          [
            12.778404026504411,
            26.939425418097546
          ],
          [
            12.13260213860983,
            26.57885337637956
          ],
          [
            11.931484158814683,
            26.370798616556925
          ],
          [
            12.693757895792569,
            26.055385501718458
          ],
          [
            13.301829596530343,
            25.677489463428877
          ],
          [
            13.699247362774475,
            25.245963177210683
          ],
          [
            13.719505979604488,
            24.78039152025257
          ],
          [
            13.705727623473866,
            24.75788859064855
          ],
          [
            13.195755320228244,
            24.349895047534563
          ],
          [
            12.569514296411803,
            23.97254974538094
          ],
          [
            12.688516821144955,
            23.540352555430726
          ],
          [
            13.110692916567835,
            23.39235005393876
          ],
          [
            13.110693007910005,
            23.392349932070694
          ],
          [
            12.778741009367529,
            22.957089355725195
          ],
          [
            11.79401365125818,
            22.83846920157724
          ],
          [
            10.75824726515086,
            22.875488804965105
          ],
          [
            9.72677840167442,
            22.859382542442457
          ],
          [
            9.390050836135693,
            22.725734487807614
          ],
          [
            10.20100843818889,
            22.43101791635057
          ],
          [
            10.731427393750657,
            22.0209045223639
          ],
          [
            10.721746074318393,
            21.55314237332285
          ],
          [
            9.840361449067721,
            21.335057344860335
          ],
          [
            9.347025016409304,
            21.335132854627343
          ],
          [
            8.781799163396304,
            20.970850646724788
          ],
          [
            8.754816747320952,
            20.48562316045782
          ],
          [
            8.475699788553825,
            20.03071797043002
          ],
          [
            8.47570020339954,
            20.03071764322277
          ],
          [
            8.812349633316472,
            19.57790538009897
          ],
          [
            8.607971509085417,
            19.10192610107134
          ],
          [
            7.903169868614675,
            18.759686336257612
          ],
          [
            6.989407136974432,
            18.92639833133791
          ],
          [
            6.839471928587329,
            19.01592489882492
          ],
          [
            5.8160129850640345,
            18.99259469088163
          ],
          [
            4.861419823926283,
            18.800901966085636
          ],
          [
            4.007911610464294,
            18.521930890866614
          ],
          [
            3.8043329136131554,
            18.424754490136078
          ],
          [
            3.9353889338162737,
            18.09463769635359
          ],
          [
            2.903569211711755,
            18.048911765619476
          ],
          [
            1.8658304847291163,
            18.07273603867216
          ],
          [
            1.535916084705235,
            18.090303545001234
          ],
          [
            0.82167520758221,
            17.733335772655785
          ],
          [
            0.3595646606272993,
            17.29228560108272
          ],
          [
            0.2092425521452057,
            16.802915640985045
          ],
          [
            0.31560029050276484,
            16.308701762862587
          ],
          [
            0.387001985489718,
            16.155790033190318
          ],
          [
            0.18685896102540056,
            15.480780271883098
          ],
          [
            -1.2614279703502973,
            15.219581665714895
          ],
          [
            -2.796057840266265,
            15.087666148868099
          ],
          [
            -3.5102123305240482,
            14.994876486233393
          ],
          [
            -4.544854195460893,
            15.014989843295973
          ],
          [
            -5.567260202171504,
            14.926998107700973
          ],
          [
            -6.584841407183077,
            14.825657857903899
          ],
          [
            -7.620445248615226,
            14.812170315800723
          ],
          [
            -8.385328951328397,
            14.909576106883625
          ],
          [
            -8.385328701406053,
            14.909576568681985
          ],
          [
            -9.929412181681002,
            14.807438754461263
          ],
          [
            -11.486447447490264,
            14.787634393397152
          ],
          [
            -13.024288565866563,
            14.90173833013901
          ],
          [
            -14.250974575327497,
            15.136091114986963
          ],
          [
            -14.250974269902088,
            15.136091108868824
          ],
          [
            -15.207035594171963,
            15.325353410285127
          ],
          [
            -16.201748547416464,
            15.469086775688437
          ],
          [
            -16.41327269059783,
            15.848206475366784
          ],
          [
            -16.090795735158736,
            15.993624091620841
          ],
          [
            -15.198600120207175,
            16.606346303901837
          ],
          [
            -14.501223996237933,
            17.270878871780262
          ],
          [
            -14.500684823656933,
            17.991339443311908
          ],
          [
            -15.620551230012623,
            18.34055432321535
          ],
          [
            -15.62055158586653,
            18.340554133708974
          ],
          [
            -17.11228813708356,
            18.48817446357162
          ],
          [
            -17.925664664925975,
            19.102111387004268
          ],
          [
            -18.283678232084462,
            19.816509973147472
          ],
          [
            -18.756042969338942,
            20.51100727835031
          ],
          [
            -18.858868082881983,
            20.595815554118293
          ],
          [
            -19.340225558459615,
            21.010779385902975
          ],
          [
            -19.184814017618322,
            21.48632078123955
          ],
          [
            -18.952624895919072,
            21.954777933105515
          ],
          [
            -19.019794002097747,
            22.098993854570946
          ],
          [
            -19.92155667788264,
            22.304766908322286
          ],
          [
            -20.283514431228753,
            22.747587192188995
          ],
          [
            -20.27736399841374,
            23.00814231971338
          ],
          [
            -20.277363885187512,
            23.00814217386753
          ],
          [
            -20.27722358360144,
            23.00814217386753
          ]
        ]
      }
    },
    {
      "type": "Feature",
      "properties": {
        "stroke": "none",
        "fill": "rgb(255, 221, 85)"
      },
      "geometry": {
        "type": "LineString",
        "coordinates": [
          [
            0.44739825277385137,
            32.76533628548165
          ],
          [
            21.752453914391275,
            32.76533628548165
          ],
          [
            43.05750957600869,
            32.76533628548165
          ],
          [
            64.36256523762611,
            32.76533628548165
          ],
          [
            85.66762089924353,
            32.76533628548165
          ],
          [
            104.78500760050183,
            28.29497188778162
          ],
          [
            104.78500760050183,
            23.628719320064032
          ],
          [
            104.78500760050183,
            18.79017031542809
          ],
          [
            104.78500760050183,
            13.808575257201808
          ],
          [
            83.47995193888443,
            8.775491137029105
          ],
          [
            62.174896277266996,
            8.775491137029105
          ],
          [
            40.86984061564958,
            8.775491137029105
          ],
          [
            19.564784954032163,
            8.775491137029105
          ],
          [
            0.44739825277385137,
            13.864787259907956
          ],
          [
            0.44739825277385137,
            18.84496796138879
          ],
          [
            0.44739825277385137,
            23.681746975809315
          ],
          [
            0.44739825277385137,
            28.345934635556446
          ],
          [
            0.44739825277385137,
            32.76533628548165
          ]
        ]
      }
    },
    {
      "type": "Feature",
      "properties": {
        "stroke": "rgb(153, 153, 153)",
        "fill": "rgb(255, 221, 85)"
      },
      "geometry": {
        "type": "LineString",
        "coordinates": [
          [
            45.25972580905345,
            13.938598534774052
          ],
          [
            45.570412591079176,
            14.410160862521918
          ],
          [
            45.58492267671477,
            14.912121648180038
          ],
          [
            46.02336513316572,
            15.354103818762674
          ],
          [
            46.134791997691586,
            15.40045789373889
          ],
          [
            46.5767623554881,
            15.85208000912197
          ],
          [
            47.36246367013365,
            16.149735176792134
          ],
          [
            48.0785958638138,
            15.959905998659902
          ],
          [
            48.07859252728701,
            15.959906108346953
          ],
          [
            48.39868993873651,
            16.15312155212637
          ],
          [
            48.58989797977591,
            16.384729271321614
          ],
          [
            48.95360953069936,
            16.553366119081943
          ],
          [
            49.2141488224478,
            16.584089740115594
          ],
          [
            49.21415199405122,
            16.584089922346948
          ],
          [
            50.20349086352979,
            16.44197574216337
          ],
          [
            51.065873619804684,
            16.16538716506868
          ],
          [
            51.86771046683734,
            15.847902572253979
          ],
          [
            52.55644793599785,
            15.6115892414896
          ],
          [
            52.55644755540545,
            15.611589943473412
          ],
          [
            53.44149972770014,
            15.352614059606323
          ],
          [
            54.3933454873774,
            15.15160962123921
          ],
          [
            55.257385406438004,
            14.87715897358023
          ],
          [
            55.58389404927282,
            14.67720284510425
          ],
          [
            55.58389596492128,
            14.677203025974952
          ],
          [
            56.34064655372407,
            14.388854968516132
          ],
          [
            57.36459871710078,
            14.470084993398016
          ],
          [
            58.169496161431425,
            14.270618948307611
          ],
          [
            58.169498305435326,
            14.270619206290569
          ],
          [
            58.67057778538028,
            13.833507799828645
          ],
          [
            59.46684846841501,
            13.512510632001558
          ],
          [
            60.404192071465204,
            13.296223834100442
          ],
          [
            60.56356299919641,
            13.268610247980305
          ],
          [
            61.0813294011258,
            13.288501981267467
          ],
          [
            61.588199201311795,
            13.245585902098957
          ],
          [
            61.796319817575636,
            13.03137870904717
          ],
          [
            61.713096943897455,
            12.861339820170873
          ],
          [
            61.71310066101664,
            12.861338952018867
          ],
          [
            62.12271745429085,
            12.711328479670732
          ],
          [
            62.635208921534556,
            12.681557082534082
          ],
          [
            63.152132704554376,
            12.706965781350338
          ],
          [
            63.6658848841566,
            12.689647564911704
          ],
          [
            63.99351944620467,
            12.51299579149763
          ],
          [
            63.99352107006562,
            12.512996026621904
          ],
          [
            64.38173163352917,
            12.34646429974538
          ],
          [
            64.72608054558808,
            12.156507980078471
          ],
          [
            65.123641033986,
            12.127873614492179
          ],
          [
            65.1833861133653,
            12.336844163923915
          ],
          [
            65.18338244699174,
            12.3368441354422
          ],
          [
            65.54775577199791,
            12.278094086403605
          ],
          [
            65.93929021390235,
            12.111618738519423
          ],
          [
            66.41944718430351,
            12.063076731654418
          ],
          [
            66.63654343823917,
            12.224238006001713
          ],
          [
            66.63654313376524,
            12.224237044023369
          ],
          [
            67.62826418188436,
            12.219392839728206
          ],
          [
            68.54990834801738,
            11.985085906931616
          ],
          [
            69.55364946861535,
            11.896326018761876
          ],
          [
            69.69387058475775,
            11.915967455966053
          ],
          [
            70.72689693386769,
            11.967690835350748
          ],
          [
            71.72570621115125,
            11.889403057753126
          ],
          [
            71.89702036975368,
            11.582526210719221
          ],
          [
            71.89702119437057,
            11.58252701912639
          ],
          [
            71.78554643863308,
            11.076745627178097
          ],
          [
            71.8733839952839,
            10.57003494291435
          ],
          [
            72.28275870641244,
            10.103829516626334
          ],
          [
            72.44715930239384,
            9.997249373139038
          ],
          [
            72.5670691657759,
            9.506795304570952
          ],
          [
            71.78265235051451,
            9.202031179683138
          ],
          [
            70.99576168458736,
            9.226940796371197
          ],
          [
            70.99576537633375,
            9.22694086956665
          ],
          [
            70.49098514265701,
            9.17278883257471
          ],
          [
            69.9778672837383,
            9.20627186244459
          ],
          [
            69.49901067073839,
            9.304399398853194
          ],
          [
            69.06912361450644,
            9.447607067225528
          ],
          [
            68.97921658662564,
            9.4862426298237
          ],
          [
            68.97921587618646,
            9.486243065543318
          ],
          [
            68.02561851606015,
            9.335938957764844
          ],
          [
            67.04836821300782,
            9.505369296251445
          ],
          [
            66.06122250729253,
            9.65772500678987
          ],
          [
            65.82902956063955,
            9.658373933917888
          ],
          [
            65.33125419370302,
            9.616527305897232
          ],
          [
            64.89248664790175,
            9.74956493032873
          ],
          [
            64.49275361116277,
            9.912648019379011
          ],
          [
            64.00066348290284,
            9.965269885845403
          ],
          [
            63.605822644435534,
            9.849480095391568
          ],
          [
            63.60582102057458,
            9.849480614943076
          ],
          [
            63.11313784053482,
            9.928613201706508
          ],
          [
            62.65827440738916,
            10.051863930733921
          ],
          [
            62.22323349560357,
            10.191608621278164
          ],
          [
            61.78314180537544,
            10.327348229679167
          ],
          [
            61.33849886424305,
            10.432209268333953
          ],
          [
            61.33849542622494,
            10.432208777153043
          ],
          [
            60.78861419270565,
            10.852993039466945
          ],
          [
            59.85409331669714,
            11.068418542915623
          ],
          [
            58.83193310925138,
            11.157288774594495
          ],
          [
            58.78017394966783,
            11.160003869675062
          ],
          [
            58.31755453797419,
            11.05095499999889
          ],
          [
            57.84872812078248,
            11.086817894730585
          ],
          [
            57.725313102794566,
            11.13437755149042
          ],
          [
            57.725313876665794,
            11.134377710689854
          ],
          [
            56.695541047146556,
            11.098963631604159
          ],
          [
            55.66708520691683,
            11.087577868425173
          ],
          [
            55.20794010915739,
            11.206830297290503
          ],
          [
            55.20793967781931,
            11.206831160856124
          ],
          [
            54.78315933442779,
            11.352960935173385
          ],
          [
            54.37683729158873,
            11.511509940681766
          ],
          [
            53.9191035573501,
            11.629568734641223
          ],
          [
            53.40581126024345,
            11.657654263579536
          ],
          [
            53.38261891025215,
            11.656808518961324
          ],
          [
            53.38261604312264,
            11.656808847327984
          ],
          [
            52.51284631801421,
            11.922576238549315
          ],
          [
            51.49757641899323,
            12.029748397807747
          ],
          [
            50.53709596901152,
            12.213881669788792
          ],
          [
            50.34794470010201,
            12.28880582486914
          ],
          [
            49.49893502232393,
            12.580730135496214
          ],
          [
            48.67752145319605,
            12.89097225219304
          ],
          [
            47.81416342887023,
            13.171830931089296
          ],
          [
            46.83467714540849,
            13.325938913730708
          ],
          [
            46.79535265030249,
            13.32610983259808
          ],
          [
            46.290041477527254,
            13.353438059611701
          ],
          [
            45.83339401745918,
            13.472774055827543
          ],
          [
            45.444381000271726,
            13.639058360449738
          ],
          [
            45.22862474878,
            13.863113346707046
          ],
          [
            45.2597223202897,
            13.938595674372184
          ],
          [
            45.259725809053435,
            13.938596015159852
          ],
          [
            45.25972580905345,
            13.938598534774052
          ]
        ]
      }
    },
    {
      "type": "Feature",
      "properties": {
        "stroke": "none",
        "fill": "rgb(255, 221, 85)"
      },
      "geometry": {
        "type": "LineString",
        "coordinates": [
          [
            20.23511921022,
            20.921370492071087
          ],
          [
            24.027125903251942,
            21.714203312385127
          ],
          [
            27.81667660174538,
            22.50520866296354
          ],
          [
            31.60245309217187,
            23.29554106379337
          ],
          [
            35.380455189720934,
            24.088973437471402
          ],
          [
            37.82426138314898,
            24.62755288928493
          ],
          [
            38.246046451586494,
            24.765245208354614
          ],
          [
            38.64040362053263,
            24.91847611104485
          ],
          [
            38.98380105156624,
            25.094651231859952
          ],
          [
            39.23580873012132,
            25.29935289190431
          ],
          [
            39.26209339344479,
            25.331394416354065
          ],
          [
            39.26209282255618,
            25.331394398452147
          ],
          [
            39.510969113624974,
            25.786024439493552
          ],
          [
            39.8594648971524,
            26.22435862381914
          ],
          [
            40.44322229318989,
            26.444952538244756
          ],
          [
            40.44322432301609,
            26.44495260208666
          ],
          [
            40.95963861966292,
            26.431241677978722
          ],
          [
            41.45887278462101,
            26.367405578123886
          ],
          [
            41.9433986387299,
            26.28339763467563
          ],
          [
            42.42607703384803,
            26.197198436483156
          ],
          [
            42.850699228406754,
            26.156598723727186
          ],
          [
            42.85069561277886,
            26.156598862395757
          ],
          [
            43.36610064178613,
            26.133367202311884
          ],
          [
            43.87306559007465,
            26.082336761573114
          ],
          [
            44.37538413935637,
            26.022657947366692
          ],
          [
            44.82011429958275,
            25.964665838382217
          ],
          [
            44.820114172718604,
            25.964665966593863
          ],
          [
            45.333033933287844,
            25.95731302762472
          ],
          [
            45.81282616929596,
            26.044244957567635
          ],
          [
            46.22756089020025,
            26.18398832924895
          ],
          [
            46.49749605707339,
            26.30773065725735
          ],
          [
            46.497497579443035,
            26.307730756684947
          ],
          [
            46.836445314313806,
            26.48398257343218
          ],
          [
            47.16924958993259,
            26.66229768983078
          ],
          [
            47.50438499406333,
            26.839453607065586
          ],
          [
            47.86697062577352,
            27.004972357306073
          ],
          [
            48.32142175047488,
            27.085156358667412
          ],
          [
            48.32141819827905,
            27.085156182325477
          ],
          [
            49.26068417359275,
            26.88863224029535
          ],
          [
            50.183961715485836,
            26.675842901875175
          ],
          [
            51.11759454253743,
            26.47193321320799
          ],
          [
            52.07893925445044,
            26.295836018978004
          ],
          [
            52.66920636650259,
            26.23905867708219
          ],
          [
            52.66920845976084,
            26.239058794334102
          ],
          [
            53.70751796435253,
            26.254272891147522
          ],
          [
            54.73606102367623,
            26.319122992267825
          ],
          [
            55.73902510143687,
            26.43976837198425
          ],
          [
            56.69748365423983,
            26.618427995564236
          ],
          [
            56.91826797549365,
            26.669735511245378
          ],
          [
            58.34257055993062,
            26.951136305845843
          ],
          [
            59.81244223481532,
            27.1819583774569
          ],
          [
            61.300542700342746,
            27.38810917353112
          ],
          [
            62.79968827477203,
            27.577527674738754
          ],
          [
            63.463596783145675,
            27.655977612057526
          ],
          [
            64.48270755733748,
            27.74524236966632
          ],
          [
            65.51324872681427,
            27.804207538422535
          ],
          [
            66.54968114963928,
            27.837073557029832
          ],
          [
            67.58842091395059,
            27.83310167203428
          ],
          [
            68.49055179005676,
            27.763998677867406
          ],
          [
            68.49055064827951,
            27.76399869889876
          ],
          [
            69.48212981154815,
            27.626404661863166
          ],
          [
            70.46487491752151,
            27.476942550074327
          ],
          [
            71.40084680209358,
            27.277941967650083
          ],
          [
            72.13408979621178,
            26.958953333593964
          ],
          [
            72.21841480207759,
            26.704528022385567
          ],
          [
            72.21841575355862,
            26.704528079005446
          ],
          [
            72.03678500335938,
            26.246940490852545
          ],
          [
            71.8251994103618,
            25.790139145807633
          ],
          [
            71.59699461545591,
            25.33318235795455
          ],
          [
            71.46234419236112,
            25.0631349295859
          ],
          [
            71.46234609532317,
            25.063134958292164
          ],
          [
            71.15691085423634,
            24.61313366775465
          ],
          [
            70.84790153325821,
            24.162362218884564
          ],
          [
            71.13794466579901,
            23.728639621029153
          ],
          [
            71.61355831430441,
            23.578501593032342
          ],
          [
            71.61356002697025,
            23.578501400613035
          ],
          [
            72.43316406948423,
            23.289590435279642
          ],
          [
            73.00490108856899,
            22.89283664677412
          ],
          [
            73.36076292103382,
            22.443293658012234
          ],
          [
            73.49516018674382,
            22.244225371928625
          ],
          [
            74.1608553861868,
            21.88060455387806
          ],
          [
            75.04252149124079,
            21.627266882623434
          ],
          [
            76.01398361805596,
            21.457276971891883
          ],
          [
            77.02920594302567,
            21.355529679404913
          ],
          [
            77.99364296827085,
            21.31126821497995
          ],
          [
            77.99364474436877,
            21.3112686652082
          ],
          [
            79.53996614353713,
            21.223474265498684
          ],
          [
            81.05710263835283,
            21.05754764729342
          ],
          [
            82.5413416767193,
            20.835637987175183
          ],
          [
            83.99032041409046,
            20.567288141946154
          ],
          [
            84.37424909727119,
            20.48595847898158
          ],
          [
            85.41276075986474,
            20.504496766674375
          ],
          [
            86.45167496236405,
            20.516961014488725
          ],
          [
            87.49089046718801,
            20.520801742452637
          ],
          [
            88.52949543835409,
            20.506002213757053
          ],
          [
            88.74698186294219,
            20.4966583631823
          ],
          [
            90.15697994507713,
            20.19558577903354
          ],
          [
            91.461769662075,
            19.795214218022007
          ],
          [
            92.77089654674647,
            19.397178212506205
          ],
          [
            93.31509757809533,
            19.299095017860207
          ],
          [
            93.83405765737342,
            19.29996301489291
          ],
          [
            94.35324913683684,
            19.290626406583932
          ],
          [
            94.8704662931728,
            19.310091636924394
          ],
          [
            95.35519830150383,
            19.394463678938674
          ],
          [
            95.46638678831685,
            19.431106059694734
          ],
          [
            95.46638856441474,
            19.43110600739574
          ],
          [
            95.85863484099028,
            19.59145289281529
          ],
          [
            96.2065359488769,
            19.772724611777388
          ],
          [
            96.48479657472127,
            19.978488075225556
          ],
          [
            96.63556667218612,
            20.145119682264873
          ],
          [
            96.63556844828398,
            20.145119548383356
          ],
          [
            96.767537090393,
            20.380548683269996
          ],
          [
            96.87134367025153,
            20.618803638108872
          ],
          [
            96.96420028931072,
            20.857677535945996
          ],
          [
            97.050499618304,
            21.09670846872021
          ],
          [
            97.12766472945455,
            21.32456964318109
          ],
          [
            97.12766327051696,
            21.324570019567332
          ],
          [
            97.6457620057389,
            21.318127577469454
          ],
          [
            98.14115060155312,
            21.248351040704353
          ],
          [
            98.54710790999917,
            21.10022863920387
          ],
          [
            98.55925515108865,
            21.0931974544164
          ],
          [
            98.55925908387685,
            21.09319721788211
          ],
          [
            99.29583625780387,
            20.75159084717117
          ],
          [
            100.06056534485045,
            20.422457714647887
          ],
          [
            100.80688327405774,
            20.08352763773223
          ],
          [
            101.49899850085804,
            19.71966288934872
          ],
          [
            101.88856654864358,
            19.43820549362584
          ],
          [
            101.88856375763254,
            19.43820560569023
          ],
          [
            102.3646717956787,
            19.002440695790476
          ],
          [
            102.85751517975031,
            18.569678115399977
          ],
          [
            103.35029513175354,
            18.135799570862986
          ],
          [
            103.83073754646225,
            17.697740153104462
          ],
          [
            104.26589739337598,
            17.251457664309118
          ],
          [
            104.26589618816669,
            17.251457777800912
          ],
          [
            104.53980499352969,
            16.773186722055417
          ],
          [
            104.70057357076853,
            16.28152501167142
          ],
          [
            104.81150040029961,
            15.785381224303864
          ],
          [
            104.85516284963678,
            15.585335289823503
          ],
          [
            104.61024630543488,
            15.10198923433859
          ],
          [
            104.2405642110778,
            14.632992356825659
          ],
          [
            103.92017676283898,
            14.155074844833461
          ],
          [
            103.8953960738561,
            14.072602979185334
          ],
          [
            103.74675348796386,
            13.832863531988878
          ],
          [
            103.46877037741851,
            13.620231326895873
          ],
          [
            103.12860798187086,
            13.429634524265415
          ],
          [
            102.99071459428153,
            13.364431830984715
          ],
          [
            102.99071066149328,
            13.364431091017677
          ],
          [
            102.16257931703407,
            12.461850455914156
          ],
          [
            100.47652975556679,
            11.179438556732684
          ],
          [
            98.79048019409949,
            9.891328982185799
          ],
          [
            97.1044306326322,
            8.598150117515287
          ]
        ]
      }
    },
    {
      "type": "Feature",
      "properties": {
        "stroke": "rgb(153, 153, 153)",
        "fill": "rgb(255, 221, 85)"
      },
      "geometry": {
        "type": "LineString",
        "coordinates": [
          [
            -2.8075975765790986,
            31.69322676801739
          ],
          [
            -2.4924342983416565,
            32.09875720891421
          ],
          [
            -1.5271964432335423,
            32.22270505948504
          ],
          [
            -0.8992883453707137,
            32.15846387452174
          ],
          [
            -0.8992881519029154,
            32.1584638493703
          ],
          [
            -0.3950331357521222,
            32.108428833037095
          ],
          [
            0.12122064604573524,
            32.12259535239469
          ],
          [
            0.5771188148064041,
            32.2225812758873
          ],
          [
            0.794823620147838,
            32.416641697555455
          ],
          [
            0.7385514465108187,
            32.61182595959044
          ],
          [
            0.7385509929715255,
            32.611825969600666
          ],
          [
            1.1516369336379668,
            32.74048808582138
          ],
          [
            1.1798245590120118,
            32.73782374619293
          ],
          [
            1.1798254629189842,
            32.73782384695369
          ],
          [
            0.965188279977113,
            32.9252008354129
          ],
          [
            1.359890360794914,
            32.936075451824394
          ],
          [
            1.3598895577449213,
            32.936075394574715
          ],
          [
            0.8865206217074686,
            33.01745480840717
          ],
          [
            0.3784416477185104,
            33.061876077249735
          ],
          [
            0.6834626773989996,
            33.175412089930255
          ],
          [
            0.7124749196616236,
            33.180113039237064
          ],
          [
            0.7124756833837225,
            33.18011294932342
          ],
          [
            2.2651948225708054,
            33.23497422019684
          ],
          [
            3.8213103233889676,
            33.20482006188397
          ],
          [
            5.375699282596667,
            33.156368034345014
          ],
          [
            6.494977951194034,
            33.14586116428987
          ],
          [
            6.494979571249054,
            33.14586106120697
          ],
          [
            7.012781854162245,
            33.161027102654245
          ],
          [
            7.281424592642708,
            33.093720287538254
          ],
          [
            7.022201516312567,
            32.991428144765116
          ],
          [
            7.022201753548497,
            32.99142821606643
          ],
          [
            6.648634207768893,
            32.83996179150723
          ],
          [
            6.199721495535524,
            32.76575765689033
          ],
          [
            6.05900538090453,
            32.89748230824603
          ],
          [
            6.059005383441811,
            32.89748239153044
          ],
          [
            5.142653827974659,
            33.09963042447018
          ],
          [
            4.121528356143905,
            33.15448560022868
          ],
          [
            3.2741135857480153,
            32.92756093940627
          ],
          [
            3.234786419517647,
            32.90036617052311
          ],
          [
            3.010170767082041,
            32.722180546089504
          ],
          [
            2.78143076409944,
            32.744136689935736
          ],
          [
            2.7814304241035543,
            32.744136651620025
          ],
          [
            2.8110297529943225,
            32.31535560059712
          ],
          [
            3.5921084556586784,
            32.072783790448064
          ],
          [
            4.147759498659713,
            32.1675841737765
          ],
          [
            4.1477600181683485,
            32.1675841285084
          ],
          [
            4.663014225381019,
            32.14806378362436
          ],
          [
            5.18033644108019,
            32.16833381858346
          ],
          [
            5.697284011125653,
            32.16750264926986
          ],
          [
            5.886981576037414,
            32.09704199911265
          ],
          [
            5.886980049861844,
            32.09704193978235
          ],
          [
            6.361053032381005,
            32.177786211723095
          ],
          [
            6.844314209627139,
            32.107189121294745
          ],
          [
            7.2572252585663115,
            31.973687978690613
          ],
          [
            7.713313723532025,
            31.871781155267094
          ],
          [
            8.177065575255561,
            31.902382166311106
          ],
          [
            8.177065679284144,
            31.902382122055112
          ],
          [
            8.636202744006457,
            32.00487968327291
          ],
          [
            9.08473486382971,
            32.115813802421854
          ],
          [
            9.58366376195885,
            32.15950964503036
          ],
          [
            9.957278644553789,
            32.016636433471
          ],
          [
            9.977862350734096,
            31.999680070266216
          ],
          [
            9.977862518194755,
            31.99968002709848
          ],
          [
            10.44616545336191,
            31.91064416796428
          ],
          [
            10.852681756910314,
            31.773389352928035
          ],
          [
            11.335308613472922,
            31.700694859549262
          ],
          [
            11.658154054360399,
            31.72111015490352
          ],
          [
            11.658155883741248,
            31.72111012878969
          ],
          [
            12.122445078664928,
            31.62491554444576
          ],
          [
            12.501459616078346,
            31.694542657128533
          ],
          [
            12.547459759146573,
            31.749587729717387
          ],
          [
            12.547460085187392,
            31.749587773608788
          ],
          [
            13.536841445271275,
            31.867950911695836
          ],
          [
            14.575315587796375,
            31.85648698379915
          ],
          [
            15.605753680162096,
            31.895730180642822
          ],
          [
            16.10483322945358,
            31.994986087920292
          ],
          [
            16.104832781623173,
            31.994986120272564
          ],
          [
            16.447695452410475,
            31.83509010597644
          ],
          [
            16.640227637876738,
            31.630128394118067
          ],
          [
            16.858723361820434,
            31.429797478629883
          ],
          [
            17.224547993520865,
            31.275621326759985
          ],
          [
            17.30861927111327,
            31.257503289865234
          ],
          [
            17.30862039005494,
            31.257503299448373
          ],
          [
            17.209074533347174,
            31.065652343290992
          ],
          [
            17.279880579645404,
            30.866408015627474
          ],
          [
            17.328061200063242,
            30.847148525340724
          ],
          [
            17.32805995425741,
            30.847148525113276
          ],
          [
            18.065177514855204,
            30.58309438924234
          ],
          [
            19.075777227843744,
            30.682635321920593
          ],
          [
            20.075038458614316,
            30.632434154623567
          ],
          [
            20.103952816314973,
            30.623405421552125
          ],
          [
            20.9390387326322,
            30.40531770456759
          ],
          [
            21.171041522630674,
            29.968812793260213
          ],
          [
            21.47968610921578,
            29.6977023494932
          ],
          [
            21.479687813001117,
            29.697702386758788
          ],
          [
            21.957095678156406,
            29.305228312130446
          ],
          [
            22.273641521755657,
            28.87564791807665
          ],
          [
            22.71745984599948,
            28.70288344363712
          ],
          [
            22.7174595833907,
            28.702883450864103
          ],
          [
            22.674686809408676,
            28.477928506987475
          ],
          [
            22.222213972339038,
            28.432080982063273
          ],
          [
            21.750671869720993,
            28.527533661019586
          ],
          [
            21.27929627628238,
            28.62317749912281
          ],
          [
            20.832274632586767,
            28.65688139874248
          ],
          [
            20.83227393863993,
            28.656881323312373
          ],
          [
            20.32515903313591,
            28.61930908907066
          ],
          [
            19.852645626971217,
            28.524714780567603
          ],
          [
            19.38677276546216,
            28.423675910386518
          ],
          [
            18.890730026443048,
            28.361132726328684
          ],
          [
            18.571702403169525,
            28.46038842898405
          ],
          [
            18.571703605841527,
            28.46038837904448
          ],
          [
            17.912980195852445,
            28.746261152210042
          ],
          [
            16.898606274796943,
            28.669091804386596
          ],
          [
            16.125365397078358,
            28.4061329309788
          ],
          [
            16.1253635803839,
            28.40613297418437
          ],
          [
            15.493344126033314,
            28.056816396190186
          ],
          [
            14.527031890267473,
            27.890433594739886
          ],
          [
            13.628294629818178,
            27.667874428847366
          ],
          [
            13.488109470778031,
            27.59759028523204
          ],
          [
            12.526749188829548,
            27.492664299256017
          ],
          [
            11.81488280174607,
            27.813510284172292
          ],
          [
            11.535730162440498,
            28.251932087312593
          ],
          [
            11.53162983488642,
            28.340485290352103
          ],
          [
            11.454144629026654,
            28.791404823321635
          ],
          [
            11.471414009635556,
            29.244296827150727
          ],
          [
            11.128765869909348,
            29.48765395285788
          ],
          [
            11.128766821390368,
            29.487653990959753
          ],
          [
            10.34160958219599,
            29.64382139120798
          ],
          [
            10.171651284054587,
            30.086598208970045
          ],
          [
            9.607272384898714,
            30.26822709358656
          ],
          [
            9.607274065848511,
            30.268227076907962
          ],
          [
            8.60835606599981,
            30.295174923026078
          ],
          [
            7.852416284924317,
            29.994296072105676
          ],
          [
            7.309727188640647,
            29.610312915443714
          ],
          [
            7.201673463899937,
            29.530015779355438
          ],
          [
            7.262188817914879,
            29.314030627394246
          ],
          [
            7.50785725413899,
            29.114415842311
          ],
          [
            7.4700834574352015,
            28.911491612921843
          ],
          [
            7.097170292096411,
            28.868867349315522
          ],
          [
            7.097169567702181,
            28.86886739198411
          ],
          [
            6.0821739438702025,
            28.946285612177363
          ],
          [
            5.159328532942762,
            28.776484025168727
          ],
          [
            5.252514205856539,
            28.42996997926937
          ],
          [
            5.252515492258869,
            28.429969877550064
          ],
          [
            5.164732152265525,
            28.207587233803746
          ],
          [
            4.699644262602327,
            28.1856444523476
          ],
          [
            4.264563705774027,
            28.309963877154797
          ],
          [
            3.856606304922746,
            28.451425525017033
          ],
          [
            3.655675317156213,
            28.510984304335068
          ],
          [
            3.655675588645451,
            28.51098430711976
          ],
          [
            3.212493295848045,
            28.393729543104342
          ],
          [
            2.729533420926593,
            28.309487835059393
          ],
          [
            2.2530852442719294,
            28.218524756964218
          ],
          [
            1.8332620821344818,
            28.085506087177297
          ],
          [
            1.6877647753514466,
            27.996236198075877
          ],
          [
            1.687763971667131,
            27.996236293563456
          ],
          [
            0.7236151766659944,
            28.024531175580044
          ],
          [
            0.21698126448418975,
            28.416568614599935
          ],
          [
            0.18496789248764856,
            28.86697022848704
          ],
          [
            0.19100586611290993,
            28.875960272770747
          ],
          [
            0.715369007780204,
            29.267655853506838
          ],
          [
            1.1256456436306124,
            29.680936589486112
          ],
          [
            0.8690867141712673,
            30.096325898850893
          ],
          [
            0.48602892347592075,
            30.215724326646136
          ],
          [
            0.17038842802730159,
            30.639556766444038
          ],
          [
            -0.11779733426207173,
            31.065864453402327
          ],
          [
            -0.9967338781247719,
            31.24414588075019
          ],
          [
            -1.2344842300756795,
            31.2274546756277
          ],
          [
            -1.6491604526578953,
            31.36102436129278
          ],
          [
            -2.0821616269955143,
            31.483480258546674
          ],
          [
            -2.516274844781435,
            31.605069661190946
          ],
          [
            -2.807576707428616,
            31.693215728244713
          ],
          [
            -2.807576791158951,
            31.693215723441693
          ],
          [
            -2.8075975765790986,
            31.69322676801739
          ]
        ]
      }
    },
    {
      "type": "Feature",
      "properties": {
        "stroke": "rgb(153, 153, 153)",
        "fill": "rgb(255, 221, 85)"
      },
      "geometry": {
        "type": "LineString",
        "coordinates": [
          [
            -18.72870978185461,
            33.082157129479015
          ],
          [
            -17.747352165157373,
            32.581434269050355
          ],
          [
            -16.41366022089042,
            32.24317562539454
          ],
          [
            -15.028011465886536,
            31.941149379012185
          ],
          [
            -14.180236288750471,
            31.68878674263397
          ],
          [
            -12.85588930903014,
            31.340595577863958
          ],
          [
            -11.44050082522972,
            31.061553235414006
          ],
          [
            -10.04932257789244,
            30.760849835668523
          ],
          [
            -9.401408376748897,
            30.574819484769336
          ],
          [
            -8.102380299182371,
            30.211622158107616
          ],
          [
            -6.612830807343521,
            30.015152875574447
          ],
          [
            -5.114034109290181,
            29.83092169821328
          ],
          [
            -3.8875552451774666,
            29.529281701395234
          ],
          [
            -3.8875560444215225,
            29.529281659345322
          ],
          [
            -3.9413496036444684,
            29.08423996332212
          ],
          [
            -3.798080348262289,
            28.635695392440297
          ],
          [
            -4.682581073870786,
            28.55092295719611
          ],
          [
            -4.828356124308314,
            28.570495974109807
          ],
          [
            -5.714585145423946,
            28.802900950315394
          ],
          [
            -6.6411532258628085,
            28.6980546246738
          ],
          [
            -6.823912908298546,
            28.381580425283776
          ],
          [
            -6.82391235009635,
            28.381580380116517
          ],
          [
            -7.855595855005689,
            28.374256391192603
          ],
          [
            -8.734179557988178,
            28.144207683985766
          ],
          [
            -9.117947536023756,
            27.725821867080292
          ],
          [
            -9.010279529004293,
            27.299060720054406
          ],
          [
            -9.010278732931837,
            27.29906074025968
          ],
          [
            -9.306576667034214,
            26.861390376610174
          ],
          [
            -10.023317412120136,
            26.52970953934594
          ],
          [
            -10.93392836286413,
            26.307648540674354
          ],
          [
            -11.91837424117017,
            26.159487616691596
          ],
          [
            -12.808346973800113,
            26.07073220997068
          ],
          [
            -12.808346594793498,
            26.070732025085697
          ],
          [
            -13.143535898738506,
            25.97610460908246
          ],
          [
            -12.962767388573397,
            25.75721705281043
          ],
          [
            -12.949556669212967,
            25.527479964074896
          ],
          [
            -13.2582627056143,
            25.370301574169805
          ],
          [
            -13.258262603171502,
            25.370301521340334
          ],
          [
            -14.128010519700524,
            25.11381653293633
          ],
          [
            -15.104995200966634,
            24.96528296800428
          ],
          [
            -15.961410387186078,
            25.183721094598468
          ],
          [
            -16.06839944493884,
            25.28209971881366
          ],
          [
            -17.09918644159061,
            25.332866393225117
          ],
          [
            -18.072038127153135,
            25.49401827682113
          ],
          [
            -18.892752952403065,
            25.777219852750164
          ],
          [
            -19.387813485488785,
            26.182677945001956
          ],
          [
            -19.435896975551948,
            26.603753648386483
          ],
          [
            -19.435897328234248,
            26.6037535944084
          ],
          [
            -19.607294388744087,
            27.05681947631525
          ],
          [
            -20.32412582186523,
            27.376652447938145
          ],
          [
            -21.338349091758396,
            27.45855355277791
          ],
          [
            -22.257414347862465,
            27.408359441111738
          ],
          [
            -22.25741418753791,
            27.408359460312443
          ],
          [
            -22.983837899069755,
            27.735280108734123
          ],
          [
            -23.85571564307613,
            27.984362116193207
          ],
          [
            -24.7613154604203,
            28.209038755190104
          ],
          [
            -25.608041398198928,
            28.472831668114907
          ],
          [
            -26.16554089131678,
            28.749286372846825
          ],
          [
            -26.16554084913446,
            28.74928643348494
          ],
          [
            -27.101743212699688,
            28.876503181414435
          ],
          [
            -27.96700512825676,
            28.627105745398538
          ],
          [
            -28.907553971065504,
            28.738889726881503
          ],
          [
            -28.964037855613498,
            28.761963250184714
          ],
          [
            -29.544516625013344,
            29.540888601299912
          ],
          [
            -29.305635420102917,
            30.434060941606866
          ],
          [
            -29.003769113724204,
            31.315854512622927
          ],
          [
            -28.855411262245454,
            32.195396222276365
          ],
          [
            -29.50191256574375,
            32.571374801431105
          ],
          [
            -27.451076497754585,
            33.08227719956459
          ],
          [
            -24.864105888277578,
            33.1736334714187
          ],
          [
            -22.26635529612193,
            33.167334347626095
          ],
          [
            -19.671778041854516,
            33.1112274075054
          ],
          [
            -18.727790027012638,
            33.08227894096214
          ],
          [
            -18.72870978185461,
            33.082157129479015
          ]
        ]
      }
    },
    {
      "type": "Feature",
      "properties": {
        "stroke": "rgb(153, 153, 153)",
        "fill": "rgb(255, 221, 85)"
      },
      "geometry": {
        "type": "LineString",
        "coordinates": [
          [
            -29.517174260494528,
            27.651608553726792
          ],
          [
            -29.784357487739115,
            28.32663795582579
          ],
          [
            -29.038439663736384,
            28.881235294496292
          ],
          [
            -27.504631375385408,
            28.94964276801947
          ],
          [
            -26.512174104748972,
            28.876790017253914
          ],
          [
            -25.314650737363444,
            28.439282807513877
          ],
          [
            -24.098019701862405,
            28.010434014658514
          ],
          [
            -22.779944931049002,
            27.644189652265034
          ],
          [
            -21.312526788745643,
            27.418113203686456
          ],
          [
            -19.959050977035254,
            27.39490869360215
          ],
          [
            -19.95905076453782,
            27.394908735806588
          ],
          [
            -19.53543477543556,
            26.72749303151024
          ],
          [
            -19.191034324821132,
            26.04722204168462
          ],
          [
            -18.9857354444729,
            25.35190917888492
          ],
          [
            -18.965748396185518,
            24.64660013220391
          ],
          [
            -19.032072989055884,
            24.288212192254587
          ],
          [
            -19.437041726160494,
            23.851733069139367
          ],
          [
            -19.854313729798882,
            23.416221607634885
          ],
          [
            -20.14822621850918,
            22.95886386477052
          ],
          [
            -20.24516207300823,
            22.73593951229279
          ],
          [
            -19.736214120913687,
            22.325730272074505
          ],
          [
            -18.975071919107236,
            21.999148253713045
          ],
          [
            -18.959139567564065,
            21.549992275332862
          ],
          [
            -19.33756636721916,
            21.30432733960446
          ],
          [
            -19.33756670182332,
            21.304327298270085
          ],
          [
            -18.616460702929757,
            20.398098566796854
          ],
          [
            -18.11391221240026,
            19.450956985775967
          ],
          [
            -17.15828828015178,
            18.59041402263911
          ],
          [
            -15.256413494879936,
            18.26949176106122
          ],
          [
            -14.911779151199873,
            18.279973871607428
          ],
          [
            -14.435527204820254,
            17.362372881463063
          ],
          [
            -15.39170121203648,
            16.48522856361166
          ],
          [
            -16.32936098430237,
            15.601641050185396
          ],
          [
            -15.41710575541157,
            14.774378134467064
          ],
          [
            -14.950388069142747,
            14.645080583385333
          ],
          [
            -13.928376915957024,
            13.786536965831647
          ],
          [
            -12.21606192907349,
            13.218953769648724
          ],
          [
            -10.451927897976503,
            12.686331792868284
          ],
          [
            -9.381323430578831,
            11.844680599680286
          ],
          [
            -9.364826037271392,
            11.410664059950397
          ],
          [
            -9.209555336237258,
            10.927837170787534
          ],
          [
            -8.279611480410779,
            10.714783416701048
          ],
          [
            -7.4578074076121155,
            10.439521575595897
          ],
          [
            -7.641669222235471,
            9.947004485441601
          ],
          [
            -7.7227778448150275,
            9.863773247432885
          ],
          [
            -9.201987097581977,
            9.622245061469648
          ],
          [
            -10.595189224350129,
            9.280621181775388
          ],
          [
            -11.719465150582373,
            8.755079285731526
          ],
          [
            -12.253310428961242,
            8.039166076534508
          ],
          [
            -12.202555854144805,
            7.358022244415364
          ],
          [
            -12.202555524298042,
            7.358021524687047
          ],
          [
            -13.1549358307727,
            6.836245949752641
          ],
          [
            -14.650069326878693,
            7.035158291391462
          ],
          [
            -16.117322446691716,
            7.292369695254987
          ],
          [
            -17.04841641630812,
            7.215395023660038
          ],
          [
            -18.59048626206556,
            7.328507296564335
          ],
          [
            -20.135025410409433,
            7.433123757252912
          ],
          [
            -21.67655996007815,
            7.547921552731206
          ],
          [
            -23.207536539307455,
            7.692887752712726
          ],
          [
            -24.360727081884626,
            7.836939124120591
          ],
          [
            -24.36072722777837,
            7.836938466726833
          ],
          [
            -25.851305610363568,
            7.987913559645139
          ],
          [
            -26.79908874428807,
            8.589204306855114
          ],
          [
            -27.372449227872202,
            9.304135531078202
          ],
          [
            -27.931468922542244,
            10.02052219164313
          ],
          [
            -28.475201148039808,
            10.469663060819599
          ],
          [
            -28.47520114799024,
            10.469663685940205
          ],
          [
            -29.601534868798055,
            11.285224052217563
          ],
          [
            -29.844111239471502,
            12.292984100568926
          ],
          [
            -29.868289388228206,
            13.30547971003247
          ],
          [
            -30.0947288637162,
            14.303079463687967
          ],
          [
            -30.861471309192197,
            14.481288681353506
          ],
          [
            -29.517174260494528,
            27.651608553726792
          ]
        ]
      }
    },
    {
      "type": "Feature",
      "properties": {
        "stroke": "rgb(153, 153, 153)",
        "fill": "rgb(255, 221, 85)"
      },
      "geometry": {
        "type": "LineString",
        "coordinates": [
          [
            -39.75628008436708,
            9.914846176365684
          ],
          [
            -39.44138119891953,
            9.946042709564793
          ],
          [
            -39.44138096897828,
            9.946043552339217
          ],
          [
            -39.938694561557824,
            9.997742432563532
          ],
          [
            -40.099239144305315,
            9.976215370481986
          ],
          [
            -40.09923951696871,
            9.97621523003256
          ],
          [
            -39.756279790993744,
            9.914846863136228
          ],
          [
            -39.75628008436705,
            9.914846176365684
          ]
        ]
      }
    },
    {
      "type": "Feature",
      "properties": {
        "stroke": "rgb(153, 153, 153)",
        "fill": "rgb(255, 221, 85)"
      },
      "geometry": {
        "type": "LineString",
        "coordinates": [
          [
            -37.25111731986321,
            9.359710437080693
          ],
          [
            -37.534364451606876,
            9.40236067344311
          ],
          [
            -37.56445801240969,
            9.390446777945924
          ],
          [
            -37.56445752874018,
            9.390447012436987
          ],
          [
            -37.25111747051439,
            9.35970949903334
          ],
          [
            -37.25111731986321,
            9.359710437080693
          ]
        ]
      }
    },
    {
      "type": "Feature",
      "properties": {
        "stroke": "rgb(153, 153, 153)",
        "fill": "rgb(255, 221, 85)"
      },
      "geometry": {
        "type": "LineString",
        "coordinates": [
          [
            -31.614734935706352,
            10.176606552828689
          ],
          [
            -31.98322171259936,
            9.996646217545674
          ],
          [
            -32.34949606775314,
            9.815449123489966
          ],
          [
            -32.7925294201511,
            9.684960212045116
          ],
          [
            -33.3058177527535,
            9.668460029559542
          ],
          [
            -33.30614829329717,
            9.668487364574979
          ],
          [
            -33.306148501037185,
            9.668487973755306
          ],
          [
            -33.02808787491854,
            9.504312483512168
          ],
          [
            -32.53589615623666,
            9.582316394088002
          ],
          [
            -32.07574060545089,
            9.701115977011948
          ],
          [
            -31.94782141504693,
            9.733485685299545
          ],
          [
            -31.9478212937331,
            9.733484904450584
          ],
          [
            -31.43747870911865,
            9.77276397969542
          ],
          [
            -31.070676579333664,
            9.811258922927799
          ],
          [
            -31.07067656307919,
            9.811259875340852
          ],
          [
            -30.708575112707692,
            9.990164429363293
          ],
          [
            -30.37392759038393,
            10.18339381714929
          ],
          [
            -30.144686077610928,
            10.222596448422472
          ],
          [
            -30.144686095054738,
            10.222597103351248
          ],
          [
            -30.615647504243867,
            10.298806569511731
          ],
          [
            -31.08995868920516,
            10.196051233260949
          ],
          [
            -31.59153215946526,
            10.171765238436132
          ],
          [
            -31.614734916280284,
            10.17660581982634
          ],
          [
            -31.614734935706352,
            10.176606552828689
          ]
        ]
      }
    },
    {
      "type": "Feature",
      "properties": {
        "stroke": "none",
        "fill": "rgb(0, 255, 255)"
      },
      "geometry": {
        "type": "LineString",
        "coordinates": [
          [
            28.683353233307216,
            16.14270352955601
          ],
          [
            29.419382956768295,
            16.702360352636163
          ],
          [
            29.40956287968651,
            17.446576962272893
          ],
          [
            29.443891522177914,
            18.187211950762972
          ],
          [
            30.13253384323591,
            18.813444951750714
          ],
          [
            30.156831668284834,
            18.818406796175054
          ],
          [
            31.84878360060941,
            19.37542424153201
          ],
          [
            33.287387230300695,
            20.078781271710092
          ],
          [
            35.23770131989412,
            20.359397241161627
          ],
          [
            37.28985163072285,
            20.220928395479106
          ],
          [
            37.38236335059679,
            20.20991226253439
          ],
          [
            39.18508686246512,
            19.014927382301977
          ],
          [
            41.432944926682005,
            17.9951587807947
          ],
          [
            44.05258627252015,
            17.193036089154248
          ],
          [
            46.795214469884826,
            16.484250464951604
          ],
          [
            48.12218994606774,
            16.06211571737058
          ],
          [
            51.0901284569409,
            15.05069321321965
          ],
          [
            54.222982809800264,
            14.158441450715008
          ],
          [
            57.53218624168752,
            13.428137648300353
          ],
          [
            60.95757343577051,
            12.833374345855564
          ],
          [
            61.93981763138649,
            12.564971169620884
          ],
          [
            64.49494994652946,
            12.335300110826033
          ],
          [
            67.0711958286061,
            12.175315758590413
          ],
          [
            69.66544056007768,
            12.105884562876877
          ],
          [
            72.25913818995976,
            12.031555741764452
          ],
          [
            73.1852495721929,
            12.001665010235252
          ],
          [
            75.25990318948405,
            11.939809498519203
          ],
          [
            77.33658981725227,
            11.897314445069775
          ],
          [
            79.41242011209778,
            11.849422035506242
          ],
          [
            81.4259521868128,
            11.607785852396006
          ],
          [
            82.92217988609787,
            11.338918861773763
          ],
          [
            82.92217964505599,
            11.338918684665682
          ],
          [
            85.19539491963855,
            10.325111289915842
          ],
          [
            86.67986389925284,
            8.977118667701788
          ],
          [
            87.80980311983765,
            7.541014001465654
          ],
          [
            88.73469025046518,
            6.064215038844857
          ],
          [
            89.51894848555568,
            4.630055937134502
          ],
          [
            89.51895236759826,
            4.630055772883521
          ]
        ]
      }
    },
    {
      "type": "Feature",
      "properties": {
        "stroke": "none",
        "fill": "rgb(0, 255, 255)"
      },
      "geometry": {
        "type": "LineString",
        "coordinates": [
          [
            -12.269640467856938,
            7.102205820594934
          ],
          [
            -13.193985206726012,
            6.909936801389177
          ],
          [
            -14.200357767034511,
            7.027466356967711
          ],
          [
            -15.134216570829615,
            7.252708292652571
          ],
          [
            -15.171077267666867,
            7.262918194078075
          ],
          [
            -15.67395805818704,
            7.327591859887988
          ],
          [
            -16.185886565824127,
            7.371045521039343
          ],
          [
            -16.70459635801849,
            7.378988942516242
          ],
          [
            -17.213536620560546,
            7.330776235581845
          ],
          [
            -17.272223177299225,
            7.320460818831439
          ],
          [
            -17.2722234278559,
            7.320460524629431
          ],
          [
            -17.701803444736377,
            7.4674645426087904
          ],
          [
            -19.255510947294354,
            7.530474304054864
          ],
          [
            -20.809218449852324,
            7.593474906662589
          ],
          [
            -22.290291616034594,
            7.687923472318005
          ],
          [
            -22.797923629997705,
            7.742897979353529
          ],
          [
            -23.305555643960815,
            7.797865315394824
          ],
          [
            -23.813187657923933,
            7.8528254307934295
          ],
          [
            -24.541116734110233,
            10.14746569859126
          ],
          [
            -24.57648506784699,
            12.436352490051258
          ],
          [
            -23.88341166992045,
            14.68011515057527
          ],
          [
            -22.621033228498547,
            16.844422713599705
          ],
          [
            -21.407482768225442,
            18.71379714082031
          ],
          [
            -20.406073116293904,
            20.358597843069074
          ],
          [
            -19.689518207345728,
            22.019659613287967
          ],
          [
            -18.8436624782548,
            23.647974242594643
          ],
          [
            -17.592675048732474,
            25.20012376716372
          ],
          [
            -16.78361016349934,
            25.932316651274103
          ],
          [
            -15.495484004869347,
            26.660215676646907
          ],
          [
            -13.859684941561838,
            27.2277110835622
          ],
          [
            -11.971578879626712,
            27.608410337019855
          ],
          [
            -9.94441783035058,
            27.804950149324096
          ],
          [
            -8.636764732698417,
            27.8453161072166
          ],
          [
            -6.567124037591427,
            27.929500597367632
          ],
          [
            -4.518460508269939,
            28.08154224107981
          ],
          [
            -2.5076540302419374,
            28.31296459346182
          ],
          [
            -0.5017080344514326,
            28.55217797946137
          ],
          [
            1.3818081226627612,
            28.76536782268102
          ],
          [
            1.3818077833011913,
            28.765367748787522
          ],
          [
            10.663864311946941,
            28.72398790893814
          ],
          [
            19.183052748940266,
            27.068987281347884
          ],
          [
            26.56359194946316,
            24.49158139497227
          ],
          [
            33.34859124725211,
            21.532198464209102
          ],
          [
            38.43701556939725,
            19.168331012668002
          ]
        ]
      }
    },
    {
      "type": "Feature",
      "properties": {
        "stroke": "rgb(153, 153, 153)",
        "fill": "rgb(0, 255, 255)"
      },
      "geometry": {
        "type": "LineString",
        "coordinates": [
          [
            -16.771762474009464,
            15.558327001924146
          ],
          [
            -14.81591048733359,
            15.219465084504073
          ],
          [
            -12.830502605924273,
            14.924039357019533
          ],
          [
            -10.77831364117889,
            14.776471382574863
          ],
          [
            -8.718684293040994,
            14.882061286926614
          ],
          [
            -8.555805521184269,
            14.903482958570306
          ],
          [
            -6.483324328541656,
            14.85179762969844
          ],
          [
            -4.418124851901581,
            14.959725371950189
          ],
          [
            -2.3764031695603833,
            15.147250712572989
          ],
          [
            -0.7721843561576947,
            15.299919411673022
          ],
          [
            -0.772185307638722,
            15.299919573677984
          ],
          [
            0.44952322706365067,
            15.67389227142692
          ],
          [
            0.3238325836236058,
            16.413920787982715
          ],
          [
            0.17355804919278484,
            17.152489974628182
          ],
          [
            0.898858159001982,
            17.661811921006827
          ],
          [
            0.8988585459375997,
            17.661811664337474
          ],
          [
            1.4574865447113012,
            18.04483276847447
          ],
          [
            2.4841385354972516,
            18.090232166706937
          ],
          [
            3.519369713527837,
            18.047671692702558
          ],
          [
            4.039365987358483,
            18.3232356175746
          ],
          [
            4.011475214549513,
            18.35398341823344
          ],
          [
            4.481414160444853,
            18.74259482000722
          ],
          [
            5.422857060912325,
            18.947418273425097
          ],
          [
            6.441504717573057,
            19.035774200904996
          ],
          [
            6.960200634002476,
            18.99351985622248
          ],
          [
            6.960198845218152,
            18.993519766328124
          ],
          [
            7.847317932430492,
            18.755830440343118
          ],
          [
            8.52124401363076,
            19.079427291111738
          ],
          [
            8.688054495380175,
            19.562008925728154
          ],
          [
            8.70899897144924,
            20.050245170865022
          ],
          [
            8.684347683885836,
            20.378042189691524
          ],
          [
            8.684349447297336,
            20.378042540232148
          ],
          [
            8.759597939473004,
            20.862117632024216
          ],
          [
            9.22736583402408,
            21.28334310649853
          ],
          [
            10.18454781645147,
            21.455625314299148
          ],
          [
            10.515752817390137,
            21.472254764104783
          ],
          [
            10.873309072637628,
            21.877867814158733
          ],
          [
            10.330754769499205,
            22.28514377069657
          ],
          [
            9.66206579844227,
            22.65235572819115
          ],
          [
            9.99465599083037,
            22.901692187081167
          ],
          [
            10.496266485992315,
            22.867923072351545
          ],
          [
            11.504275785546309,
            22.778658261952703
          ],
          [
            12.467099257552768,
            22.941900210981437
          ],
          [
            12.983063630538773,
            23.33866652118184
          ],
          [
            12.54533082035249,
            23.752675373714744
          ],
          [
            12.318368380564547,
            23.834265833644004
          ],
          [
            12.988332456716282,
            24.196250050252296
          ],
          [
            13.503400851736814,
            24.605799303938717
          ],
          [
            13.735756482615486,
            25.062227988184418
          ],
          [
            13.503285881112923,
            25.514548729560705
          ],
          [
            13.43974179807114,
            25.56557638113027
          ],
          [
            12.702119035302239,
            25.893792010021265
          ],
          [
            12.212835776066928,
            26.301521147825568
          ],
          [
            12.299111318034576,
            26.75370282585962
          ],
          [
            13.017221799346473,
            27.08030817295484
          ],
          [
            13.70456376300325,
            27.22559787940778
          ],
          [
            13.704563639945047,
            27.22559796922916
          ],
          [
            14.997519434749165,
            27.603073794498286
          ],
          [
            16.506128280875743,
            27.768575087663457
          ],
          [
            18.06243011339469,
            27.793189320720177
          ],
          [
            19.61494584433386,
            27.733601089705505
          ],
          [
            20.03112590043753,
            27.708461640183117
          ],
          [
            21.436298574462818,
            27.992454446911058
          ],
          [
            22.97606842416745,
            27.940793456093626
          ],
          [
            24.41805774050705,
            27.680886207268735
          ],
          [
            25.779333714372633,
            27.40804602292448
          ],
          [
            25.7793338450427,
            27.40804602819942
          ],
          [
            26.276601485211803,
            27.004993092291222
          ],
          [
            26.65212725886585,
            26.572843131783962
          ],
          [
            27.168297786074,
            26.171787277590585
          ],
          [
            28.10893985667852,
            26.03870476403778
          ],
          [
            28.69396985858733,
            26.151006068109425
          ],
          [
            28.69396938665275,
            26.15100624589816
          ],
          [
            29.1844940076598,
            25.755899675875114
          ],
          [
            30.126920105186734,
            25.56584810785862
          ],
          [
            31.14920717676919,
            25.483562884064924
          ],
          [
            32.18106852616856,
            25.42820952207496
          ],
          [
            32.48907482756589,
            25.298516200248653
          ],
          [
            32.48907532614194,
            25.298516294796492
          ],
          [
            31.311149247272557,
            24.836987800104765
          ],
          [
            30.151833050032092,
            24.36388504507817
          ],
          [
            28.82645169784535,
            23.99435399831929
          ],
          [
            27.453805525727617,
            23.841128244348926
          ],
          [
            27.453807292945037,
            23.84112841971433
          ],
          [
            25.914654138689414,
            23.84628810540569
          ],
          [
            24.414216135867463,
            24.038792090639983
          ],
          [
            22.887675836918547,
            24.170901427144802
          ],
          [
            21.611402799149293,
            23.836926562684383
          ],
          [
            21.393818045974733,
            23.541973771208625
          ],
          [
            21.73510722594905,
            23.363356863071143
          ],
          [
            21.98495821418015,
            23.15440546983567
          ],
          [
            22.288397406656102,
            22.9625824161235
          ],
          [
            22.75489665984013,
            22.862330009856212
          ],
          [
            23.147224002599,
            22.836201175687194
          ],
          [
            23.14722412692585,
            22.836201257464587
          ],
          [
            22.540032421809606,
            22.47549778321207
          ],
          [
            22.935852492832108,
            22.03634470852522
          ],
          [
            23.148032761470485,
            21.575471106255474
          ],
          [
            23.035325817507,
            21.436012102110343
          ],
          [
            24.22493880840853,
            20.96707126427033
          ],
          [
            25.408351262614318,
            20.493205905913115
          ],
          [
            26.73081870416113,
            20.109477104674422
          ],
          [
            27.781677958032006,
            19.938061696044453
          ],
          [
            27.781676510512217,
            19.9380613236608
          ],
          [
            27.094125875648825,
            19.577449111385217
          ],
          [
            26.27317615352078,
            19.277298688453147
          ],
          [
            25.655768045222395,
            18.891036900042455
          ],
          [
            25.83634328580425,
            18.421351043830562
          ],
          [
            26.049679412323506,
            18.275265567945123
          ],
          [
            26.136495904238707,
            17.59101200493162
          ],
          [
            25.12693092686515,
            17.025807438759674
          ],
          [
            24.489454497941814,
            16.36586698529732
          ],
          [
            24.70101742539273,
            16.046822542332407
          ],
          [
            23.453953733620722,
            15.627640770141026
          ],
          [
            22.8659067439609,
            14.935093316951534
          ],
          [
            22.35654327058781,
            14.223822049554547
          ],
          [
            21.3213001990444,
            13.675339617837079
          ],
          [
            20.85597451397473,
            13.578771816276415
          ],
          [
            20.36600135614624,
            12.86259299908302
          ],
          [
            19.41214559280308,
            12.266263143276362
          ],
          [
            18.097159170817562,
            11.864310694236636
          ],
          [
            16.583154634376765,
            11.697651547609722
          ],
          [
            15.972959683432798,
            11.698632590722063
          ],
          [
            14.813689336159978,
            12.132120168344006
          ],
          [
            13.700706300346575,
            11.625999159182355
          ],
          [
            12.977219951241821,
            10.950043080948499
          ],
          [
            12.374068200305608,
            10.319386366390813
          ],
          [
            12.374068110232066,
            10.319385424829136
          ],
          [
            12.742652126979351,
            9.858083884344222
          ],
          [
            13.614759812233515,
            9.583986204209243
          ],
          [
            14.527915974720134,
            9.340797559313645
          ],
          [
            15.06857920932081,
            8.92283114113344
          ],
          [
            14.870865416771018,
            8.4499214909256
          ],
          [
            14.870864743122453,
            8.449921048945074
          ],
          [
            15.30165241547272,
            8.013301347024555
          ],
          [
            16.300640095448525,
            7.879326929173975
          ],
          [
            17.083808091864242,
            7.587640773065741
          ],
          [
            17.06466350073466,
            7.235630041382622
          ],
          [
            17.06466191366432,
            7.235630261447083
          ],
          [
            17.958686965604535,
            6.605791705901995
          ],
          [
            18.46554883678198,
            5.877373109572943
          ],
          [
            17.81590137974355,
            5.272240684411316
          ],
          [
            17.192450676793708,
            5.287086111860559
          ],
          [
            16.241779100521885,
            5.408031211642449
          ],
          [
            15.32122913756794,
            5.170562690233371
          ],
          [
            14.352494589691904,
            4.9981206864599725
          ],
          [
            13.415563295085985,
            5.189290034671811
          ],
          [
            13.340496613173276,
            5.224199938490208
          ],
          [
            12.307278196834925,
            5.279536011188441
          ],
          [
            11.295413806983607,
            5.218405670092526
          ],
          [
            11.019694428377601,
            4.744453740581812
          ],
          [
            11.031028579453945,
            4.691622074129203
          ],
          [
            10.524103642845503,
            4.635202580928708
          ],
          [
            10.03182321838053,
            4.552774809506939
          ],
          [
            9.560166145138606,
            4.444376957191739
          ],
          [
            9.078526450139726,
            4.396945639390496
          ],
          [
            8.984496337816015,
            4.455987973889927
          ],
          [
            8.984496110729214,
            4.455988503411303
          ],
          [
            8.482074711423223,
            4.415394035729561
          ],
          [
            7.962700864763292,
            4.422208886182934
          ],
          [
            7.716378285334297,
            4.4138793965967595
          ],
          [
            7.716377626909431,
            4.413879721405233
          ],
          [
            7.052593406061842,
            4.811012597327723
          ],
          [
            6.535907493298346,
            5.2592433908699805
          ],
          [
            6.125351359896751,
            5.733851637076793
          ],
          [
            5.822304653343725,
            6.154282906272235
          ],
          [
            5.822306215041245,
            6.154282577964007
          ],
          [
            4.448294691756416,
            6.379725841165639
          ],
          [
            3.8702798801569323,
            7.095236690124524
          ],
          [
            2.9496545916218295,
            7.669928167758498
          ],
          [
            2.2142690569711405,
            7.612683712088709
          ],
          [
            2.6544080472239955,
            7.5033366532065084
          ],
          [
            3.163390928186974,
            7.451586836811194
          ],
          [
            2.7339082513907584,
            7.446755598668213
          ],
          [
            2.4029593637712807,
            7.453808010128897
          ],
          [
            2.402959101162523,
            7.453807210115747
          ],
          [
            0.8571832900945395,
            7.358444573866163
          ],
          [
            -0.6677890474148,
            7.198370805444217
          ],
          [
            -2.198856810242347,
            7.054539906754159
          ],
          [
            -3.318228644690109,
            7.052578193911953
          ],
          [
            -3.318227797237668,
            7.052579012879645
          ],
          [
            -3.7647785123773545,
            7.18430888206908
          ],
          [
            -4.219124577715519,
            7.309041093325747
          ],
          [
            -4.7209217946854665,
            7.344122470482065
          ],
          [
            -5.016033545938036,
            7.247250081606263
          ],
          [
            -5.0160328792670015,
            7.247250240048597
          ],
          [
            -6.035545464530081,
            7.18887571431541
          ],
          [
            -6.992497505709693,
            6.994892662178765
          ],
          [
            -7.971615090274149,
            7.06567905437426
          ],
          [
            -7.971615698587669,
            7.065679895333413
          ],
          [
            -8.99555337788589,
            7.015079971733451
          ],
          [
            -9.978288572598558,
            6.851089257103216
          ],
          [
            -10.6834371071931,
            6.957725995029114
          ],
          [
            -10.683437503009209,
            6.957726372510371
          ],
          [
            -12.020583125807057,
            6.981412345373617
          ],
          [
            -12.290061383562843,
            7.733192094971875
          ],
          [
            -12.048371327375698,
            8.492784946915169
          ],
          [
            -11.424073901778613,
            9.061719929482285
          ],
          [
            -11.424073986777572,
            9.061720721236348
          ],
          [
            -10.522327582586861,
            9.316275197093017
          ],
          [
            -9.600015397484007,
            9.551363854521673
          ],
          [
            -8.601580765854145,
            9.688503808973985
          ],
          [
            -7.947348359625124,
            9.709214066321858
          ],
          [
            -7.947348720553592,
            9.709214887834591
          ],
          [
            -7.576589902358172,
            10.181017449678937
          ],
          [
            -7.935349787445858,
            10.640197703987525
          ],
          [
            -8.896196954072728,
            10.805709093498162
          ],
          [
            -9.20330773358112,
            10.799011935309021
          ],
          [
            -9.359863568954403,
            11.558682771223518
          ],
          [
            -9.819034435991611,
            12.284091608327957
          ],
          [
            -10.823770647161844,
            12.853805167287605
          ],
          [
            -12.259700218721662,
            13.101875261718414
          ],
          [
            -12.259699840666528,
            13.101875959271979
          ],
          [
            -13.473951560533408,
            13.570755343619956
          ],
          [
            -14.404514870152397,
            14.176372155128057
          ],
          [
            -15.26211544314917,
            14.80597771323088
          ],
          [
            -16.27991866039998,
            15.373420065716415
          ],
          [
            -16.77169492139395,
            15.558339506581813
          ],
          [
            -16.771762474009464,
            15.558327001924146
          ]
        ]
      }
    },
    {
      "type": "Feature",
      "properties": {
        "stroke": "rgb(153, 153, 153)",
        "fill": "none"
      },
      "geometry": {
        "type": "LineString",
        "coordinates": [
          [
            82.08109761837567,
            3.5335868859011446
          ],
          [
            81.80205677809056,
            3.5493925261615358
          ],
          [
            81.80205335275888,
            3.5493925894202496
          ],
          [
            82.26514259309639,
            3.435729472797415
          ],
          [
            82.36274075926491,
            3.4247526944479985
          ],
          [
            82.36274006151217,
            3.4247534852866988
          ],
          [
            82.08109444677224,
            3.5335875975737783
          ],
          [
            82.08109761837567,
            3.5335868859011446
          ]
        ]
      }
    },
    {
      "type": "Feature",
      "properties": {
        "stroke": "rgb(153, 153, 153)",
        "fill": "none"
      },
      "geometry": {
        "type": "LineString",
        "coordinates": [
          [
            82.2058101393217,
            2.5018031509781844
          ],
          [
            82.43385603689636,
            2.2772342517099395
          ],
          [
            82.45835667329743,
            2.267582296064444
          ],
          [
            82.45835299423746,
            2.2675824227257593
          ],
          [
            82.76620835902814,
            2.4565403773542975
          ],
          [
            82.86367173205143,
            2.470419705149025
          ],
          [
            82.86366868731213,
            2.47042043334492
          ],
          [
            82.5044083549212,
            2.5965814636523135
          ],
          [
            82.20580982216137,
            2.501802992678505
          ],
          [
            82.2058101393217,
            2.5018031509781844
          ]
        ]
      }
    },
    {
      "type": "Feature",
      "properties": {
        "stroke": "rgb(153, 153, 153)",
        "fill": "none"
      },
      "geometry": {
        "type": "LineString",
        "coordinates": [
          [
            82.54876957192337,
            2.7844719853996676
          ],
          [
            82.80027137973332,
            2.690341837096113
          ],
          [
            82.80027315583125,
            2.690342675959306
          ],
          [
            82.54877115772507,
            2.7844728558496996
          ],
          [
            82.54876957192337,
            2.7844719853996676
          ]
        ]
      }
    },
    {
      "type": "Feature",
      "properties": {
        "stroke": "rgb(153, 153, 153)",
        "fill": "none"
      },
      "geometry": {
        "type": "LineString",
        "coordinates": [
          [
            82.5851440571993,
            2.190537891141044
          ],
          [
            82.86227622654768,
            1.9722267792526547
          ],
          [
            83.12029409357912,
            1.7487826968341231
          ],
          [
            83.12192746933918,
            1.7460962264476958
          ],
          [
            83.12192753277125,
            1.7460969074694128
          ],
          [
            83.16404636272512,
            1.4884037769201144
          ],
          [
            83.13907791481995,
            1.3900527752170926
          ],
          [
            83.13907550440132,
            1.3900519039946182
          ],
          [
            83.03136233374923,
            1.1362172114072164
          ],
          [
            83.2629131702607,
            1.1530769639265266
          ],
          [
            83.27002549092467,
            1.1582810112002861
          ],
          [
            83.2700236513947,
            1.1582815339808201
          ],
          [
            83.2461195301644,
            0.9867129712954122
          ],
          [
            83.24612041821338,
            0.9867123217438081
          ],
          [
            83.60781711291767,
            1.1243555223825963
          ],
          [
            83.72036938920024,
            1.3772239893775389
          ],
          [
            83.75712827281039,
            1.635945722350477
          ],
          [
            83.7402949876714,
            1.7839816344419157
          ],
          [
            83.7402937824621,
            1.7839813493688759
          ],
          [
            83.45468417090672,
            1.9978447615094335
          ],
          [
            83.10334187331198,
            2.1888106935768223
          ],
          [
            82.96863594715735,
            2.3428072436015834
          ],
          [
            82.9686350591084,
            2.342807132778794
          ],
          [
            82.62603934598668,
            2.326217369444579
          ],
          [
            82.58514151991656,
            2.1905385244807505
          ],
          [
            82.58514405719929,
            2.190537891141044
          ]
        ]
      }
    },
    {
      "type": "Feature",
      "properties": {
        "stroke": "rgb(153, 153, 153)",
        "fill": "none"
      },
      "geometry": {
        "type": "LineString",
        "coordinates": [
          [
            82.70466022310592,
            1.064321973664423
          ],
          [
            82.79975599417794,
            0.9540074926838574
          ],
          [
            82.79975352032727,
            0.9540067005400864
          ],
          [
            82.91689916640755,
            1.196233828325066
          ],
          [
            82.89068586416094,
            1.2361464925182322
          ],
          [
            82.89068973351712,
            1.2361462232147133
          ],
          [
            82.70466339470934,
            1.0643215776059785
          ],
          [
            82.70466022310592,
            1.064321973664423
          ]
        ]
      }
    },
    {
      "type": "Feature",
      "properties": {
        "stroke": "rgb(153, 153, 153)",
        "fill": "none"
      },
      "geometry": {
        "type": "LineString",
        "coordinates": [
          [
            82.99045975027397,
            1.752065055578682
          ],
          [
            83.05489563110791,
            1.5488790090497853
          ],
          [
            83.05489455276276,
            1.548878264603495
          ],
          [
            82.99045657867055,
            1.752065055578682
          ],
          [
            82.99045975027397,
            1.752065055578682
          ]
        ]
      }
    },
    {
      "type": "Feature",
      "properties": {
        "stroke": "rgb(153, 153, 153)",
        "fill": "none"
      },
      "geometry": {
        "type": "LineString",
        "coordinates": [
          [
            84.39867196595648,
            1.1266159402701468
          ],
          [
            84.749102744729,
            1.3095148296639165
          ],
          [
            84.73079466400083,
            1.56435195141078
          ],
          [
            84.5118192350402,
            1.7991082608280782
          ],
          [
            84.33735726004579,
            1.9396623544294933
          ],
          [
            84.33735497649135,
            1.9396624652814292
          ],
          [
            84.42516310066245,
            1.6841855932091399
          ],
          [
            84.44263070648496,
            1.4249766561287187
          ],
          [
            84.40763206277158,
            1.1661088466402176
          ],
          [
            84.39867228311684,
            1.126614989749612
          ],
          [
            84.39867196595648,
            1.1266159402701468
          ]
        ]
      }
    },
    {
      "type": "Feature",
      "properties": {
        "stroke": "rgb(153, 153, 153)",
        "fill": "none"
      },
      "geometry": {
        "type": "LineString",
        "coordinates": [
          [
            85.86924044211203,
            1.6275085545089656
          ],
          [
            85.9006802296305,
            1.8671141551971238
          ],
          [
            85.57100791238659,
            2.0660960538570645
          ],
          [
            85.46444203755478,
            2.11193309063112
          ],
          [
            85.4644443845413,
            2.1119328214478643
          ],
          [
            85.50073310966081,
            1.8577012156489277
          ],
          [
            85.80817248694723,
            1.6516219284536646
          ],
          [
            85.86924171075339,
            1.6275076833815767
          ],
          [
            85.86924044211203,
            1.6275085545089656
          ]
        ]
      }
    },
    {
      "type": "Feature",
      "properties": {
        "stroke": "rgb(153, 153, 153)",
        "fill": "none"
      },
      "geometry": {
        "type": "LineString",
        "coordinates": [
          [
            87.24627452755803,
            0.8125384659362211
          ],
          [
            87.18939784630962,
            0.5568900464585109
          ],
          [
            87.216657777684,
            0.4844176853594647
          ],
          [
            87.21665530383336,
            0.48441838251771313
          ],
          [
            87.26602378487917,
            0.7413484344666871
          ],
          [
            87.24627262459597,
            0.8125377529796869
          ],
          [
            87.24627452755803,
            0.8125384659362211
          ]
        ]
      }
    },
    {
      "type": "Feature",
      "properties": {
        "stroke": "rgb(153, 153, 153)",
        "fill": "none"
      },
      "geometry": {
        "type": "LineString",
        "coordinates": [
          [
            87.50089592448956,
            -0.01557633915894392
          ],
          [
            87.74893212124509,
            0.18542662868121773
          ],
          [
            87.48683081481346,
            0.404255923168979
          ],
          [
            87.27797280075504,
            0.4688425187901567
          ],
          [
            87.27797229329849,
            0.46884258216831926
          ],
          [
            87.37875049934972,
            0.21418129752933113
          ],
          [
            87.50089687597057,
            -0.015575705356110716
          ],
          [
            87.50089592448956,
            -0.01557633915894392
          ]
        ]
      }
    },
    {
      "type": "Feature",
      "properties": {
        "stroke": "rgb(153, 153, 153)",
        "fill": "rgb(0, 255, 255)"
      },
      "geometry": {
        "type": "LineString",
        "coordinates": [
          [
            73.30965031183659,
            9.375591340933973
          ],
          [
            73.63339395081194,
            9.520662437054181
          ],
          [
            74.07590398864599,
            9.3899035398751
          ],
          [
            74.44921756891625,
            9.211972949139739
          ],
          [
            74.73719123022707,
            9.035558625694419
          ],
          [
            74.73719296826575,
            9.03555766174982
          ],
          [
            75.2222086828657,
            8.944741213183315
          ],
          [
            75.64314388845145,
            8.987943116033705
          ],
          [
            75.39495006300606,
            9.149867998396736
          ],
          [
            75.3949475891554,
            9.149868866921388
          ],
          [
            75.69943192010554,
            9.14982302345915
          ],
          [
            76.02575819574385,
            8.952496882824617
          ],
          [
            76.07046987492367,
            8.852178944791333
          ],
          [
            76.07047374427984,
            8.852178655462254
          ],
          [
            76.42476969270533,
            8.666460010991505
          ],
          [
            76.86161841843895,
            8.528196580713404
          ],
          [
            77.35169457852868,
            8.447082695968579
          ],
          [
            77.68949412953022,
            8.587980292225447
          ],
          [
            77.6018389400759,
            8.773164702624852
          ],
          [
            77.60183957439659,
            8.773164068720865
          ],
          [
            78.41922457286338,
            8.48359752436223
          ],
          [
            78.72883649849089,
            7.99634952561441
          ],
          [
            78.81611902454361,
            7.483899770995528
          ],
          [
            78.82875096275379,
            7.37630909035322
          ],
          [
            79.1275308351106,
            7.170201325325115
          ],
          [
            79.59211523273126,
            7.058026938921433
          ],
          [
            80.10007923609632,
            7.00487732153462
          ],
          [
            80.61573437774909,
            6.97313759361048
          ],
          [
            81.11837008737258,
            6.933367992969357
          ],
          [
            81.11836892022254,
            6.9333685170663095
          ],
          [
            82.15749044409401,
            6.931620082371272
          ],
          [
            83.19623020840535,
            6.9479271086700845
          ],
          [
            84.23515233991318,
            6.96054923173269
          ],
          [
            85.2738366011647,
            6.947185892461559
          ],
          [
            86.28245406201725,
            6.8876822876271
          ],
          [
            86.28245459484664,
            6.887682549386279
          ],
          [
            86.76998501036434,
            6.803071026681764
          ],
          [
            87.20330532729585,
            6.661501828118693
          ],
          [
            87.5260556200808,
            6.464276008527899
          ],
          [
            87.12928010352874,
            6.36198856593249
          ],
          [
            86.93189536483354,
            6.369494159614401
          ],
          [
            86.93189504767321,
            6.369494059461813
          ],
          [
            86.95164652511673,
            5.866615591161
          ],
          [
            86.48419182640313,
            5.4067278387388376
          ],
          [
            86.0676889365935,
            5.094720573675376
          ],
          [
            86.06768924106744,
            5.094721391838719
          ],
          [
            85.55044006422338,
            5.0754380497381035
          ],
          [
            85.13024225643223,
            4.929204492921595
          ],
          [
            85.0899946090627,
            4.909822371030566
          ],
          [
            85.0899950404008,
            4.909823334664795
          ],
          [
            84.60412082350132,
            4.869969051039348
          ],
          [
            84.39839476781779,
            4.635800749986358
          ],
          [
            84.29875091744489,
            4.381818482405079
          ],
          [
            84.13427156420741,
            4.137340891332766
          ],
          [
            84.11079376990855,
            4.118184504291594
          ],
          [
            84.11079389677269,
            4.118185190824321
          ],
          [
            84.18952089574228,
            3.8629724333414894
          ],
          [
            84.35610936525245,
            3.617752878508917
          ],
          [
            84.57276159470966,
            3.3823430330495086
          ],
          [
            84.8468198460257,
            3.1625744555572277
          ],
          [
            85.00015101325023,
            3.0954361389330836
          ],
          [
            85.00015006176923,
            3.095435402262944
          ],
          [
            85.18858390129924,
            3.2142166657973257
          ],
          [
            85.5078612883419,
            3.0097746301119654
          ],
          [
            85.86514241333612,
            2.8225920125438506
          ],
          [
            86.31778572408946,
            2.8423998709594898
          ],
          [
            86.46598682278602,
            2.999592343776977
          ],
          [
            86.46598985483891,
            2.9995923406122866
          ],
          [
            86.38579283037166,
            3.254855829554613
          ],
          [
            86.40755002981649,
            3.5135617042961456
          ],
          [
            86.49152615930636,
            3.7691088226483354
          ],
          [
            86.63715825923465,
            4.017458267448483
          ],
          [
            86.72103131161344,
            4.100005561410604
          ],
          [
            86.72103215652864,
            4.1000051315276345
          ],
          [
            87.65950876288545,
            4.091348588361892
          ],
          [
            88.04289218400663,
            3.6146633114418427
          ],
          [
            88.2767662200215,
            3.1414967945829586
          ],
          [
            88.27676889178025,
            3.14149642120122
          ],
          [
            88.7129251220118,
            2.394714878553302
          ],
          [
            89.16536227854297,
            1.649901471844131
          ],
          [
            89.55180629696218,
            0.8957606784350841
          ],
          [
            89.74214214706174,
            0.34088688226176894
          ],
          [
            89.74214101289638,
            0.34088617558406953
          ],
          [
            89.85884922382138,
            0.08856005148246837
          ],
          [
            90.00728026376572,
            -0.16017564123056838
          ],
          [
            89.84018433770873,
            -0.3273237314594669
          ],
          [
            89.53073892126068,
            -0.23382705564725553
          ],
          [
            89.53073770082769,
            -0.23382616516163704
          ],
          [
            88.69798686991483,
            -0.2727382096927569
          ],
          [
            88.80816044363422,
            -0.7852017198787651
          ],
          [
            89.08661929469218,
            -1.195657589393096
          ],
          [
            89.08661562831864,
            -1.195656860678491
          ],
          [
            88.77607967506503,
            -1.0604699067629924
          ],
          [
            88.48743997703653,
            -0.8446424524046627
          ],
          [
            88.31531705956262,
            -0.7147011559181513
          ],
          [
            88.31532064981769,
            -0.7147017960092464
          ],
          [
            88.01502171897437,
            -0.21822770392238347
          ],
          [
            87.78289999384774,
            0.2878423435773952
          ],
          [
            87.44054126293338,
            0.7770996993559172
          ],
          [
            87.06357240972433,
            1.0781301244702
          ],
          [
            87.06357068437208,
            1.0781305807274737
          ],
          [
            86.90126560482793,
            1.3171798496076004
          ],
          [
            86.96328630965935,
            1.574296944274237
          ],
          [
            86.9405141971209,
            1.6264484713930638
          ],
          [
            86.82761304446237,
            1.50543537593305
          ],
          [
            86.82760939838711,
            1.5054357149005635
          ],
          [
            86.53016421794143,
            1.656906037304793
          ],
          [
            86.26011011594014,
            1.8785501655295787
          ],
          [
            86.0172366552278,
            2.020584295585061
          ],
          [
            86.01723782998974,
            2.020585112682408
          ],
          [
            85.71319089359824,
            2.2242001501141977
          ],
          [
            85.57786650477719,
            2.474408946216289
          ],
          [
            85.31113465735584,
            2.5338820308312173
          ],
          [
            85.2166843075793,
            2.4435494016328256
          ],
          [
            85.21668737261686,
            2.4435500126964484
          ],
          [
            84.84626481542762,
            2.264671062016283
          ],
          [
            84.47857290221506,
            2.0881953017241317
          ],
          [
            84.07094257296623,
            2.2266028262872295
          ],
          [
            84.05785177986002,
            2.235746418040046
          ],
          [
            84.05784823527605,
            2.235745621322993
          ],
          [
            83.78377767052689,
            2.1076974072443524
          ],
          [
            83.4257274317039,
            2.29423633970435
          ],
          [
            83.1409253738107,
            2.5109704913995303
          ],
          [
            82.99368368514797,
            2.6696668501602328
          ],
          [
            82.99368668675348,
            2.6696669558904325
          ],
          [
            82.79990664534029,
            2.910253981346005
          ],
          [
            82.62837840350718,
            3.1549052265835047
          ],
          [
            82.5078654026464,
            3.4068024647747532
          ],
          [
            82.48993791432832,
            3.664939117023982
          ],
          [
            82.52195525082915,
            3.7487462509808895
          ],
          [
            82.52195637991997,
            3.748746258570253
          ],
          [
            82.37920138100233,
            3.803982792837005
          ],
          [
            82.36593614970816,
            3.9696235502259145
          ],
          [
            82.36593581986142,
            3.969622862302763
          ],
          [
            81.98938753395194,
            3.8616780645704334
          ],
          [
            82.19471713920828,
            3.723876905805237
          ],
          [
            82.19471592131256,
            3.723877087322609
          ],
          [
            81.91587769574016,
            3.581703322807087
          ],
          [
            81.41367015257808,
            3.645971621805717
          ],
          [
            81.56239456583856,
            3.586230104044999
          ],
          [
            81.68770461686847,
            3.552160090620669
          ],
          [
            81.68770236376145,
            3.552159855298972
          ],
          [
            82.13468661552136,
            3.4241338629547853
          ],
          [
            82.43236538329009,
            3.215316165324679
          ],
          [
            82.27506971179352,
            2.989595888842741
          ],
          [
            82.05155888994571,
            2.9393096156480727
          ],
          [
            82.0515563399766,
            2.939309886558815
          ],
          [
            82.21486474991865,
            2.70686970382517
          ],
          [
            82.04043449095843,
            2.463018998034535
          ],
          [
            82.31182859540367,
            2.2855285092942306
          ],
          [
            82.311831371191,
            2.2855277670681713
          ],
          [
            82.33123880831945,
            2.0286562787342373
          ],
          [
            82.53380118959393,
            2.032892173354554
          ],
          [
            82.55352063384294,
            2.0481551573634587
          ],
          [
            82.55352423678444,
            2.0481560168844943
          ],
          [
            82.86384617023941,
            1.848446594217166
          ],
          [
            82.91456010888703,
            1.5918327237503267
          ],
          [
            82.78003654992895,
            1.3429152134663551
          ],
          [
            82.3683544973141,
            1.2667063254720514
          ],
          [
            82.36024312157355,
            1.2700864392321145
          ],
          [
            82.36024581109328,
            1.2700867351453498
          ],
          [
            82.24469368006132,
            1.3272902738271994
          ],
          [
            82.19443169490069,
            1.068975260894771
          ],
          [
            82.09654015541602,
            0.8143498504222536
          ],
          [
            81.79404055045254,
            0.6212671476133689
          ],
          [
            81.4952596504962,
            0.6926029087851474
          ],
          [
            81.49526055123158,
            0.6926032332685166
          ],
          [
            81.30323492157676,
            0.740358200267285
          ],
          [
            81.27764008199662,
            0.8835713459772339
          ],
          [
            81.27764239853578,
            0.8835717674060344
          ],
          [
            81.56483670047012,
            1.099873557305228
          ],
          [
            81.67435216648032,
            1.2432335222914124
          ],
          [
            81.4869579785506,
            1.1355181850022358
          ],
          [
            81.48695677587861,
            1.1355186792713998
          ],
          [
            81.1443930934141,
            1.0600481039575713
          ],
          [
            81.29858852256996,
            1.266037034702143
          ],
          [
            81.29858890569966,
            1.2660378787214732
          ],
          [
            81.01853594079464,
            1.0493386501621067
          ],
          [
            80.77133324141725,
            1.2160714229343468
          ],
          [
            80.74194040674452,
            1.4750528278407258
          ],
          [
            80.747340061563,
            1.7345267405387776
          ],
          [
            80.74902101137434,
            1.8477002836028618
          ],
          [
            80.74902239673071,
            1.8477006934601172
          ],
          [
            80.52440012833037,
            1.6186558218256621
          ],
          [
            80.52983942819156,
            1.3599815490096836
          ],
          [
            80.59990807669521,
            1.1028201961927582
          ],
          [
            80.58316993965876,
            0.8449038676720305
          ],
          [
            80.4108963710225,
            0.6991702066172366
          ],
          [
            80.41089557431573,
            0.6991707719272955
          ],
          [
            79.96799781176978,
            0.7470759447220304
          ],
          [
            79.95584264167178,
            0.5311845572066848
          ],
          [
            79.95584556715878,
            0.5311845033357727
          ],
          [
            79.67461656663194,
            0.7398630830846351
          ],
          [
            79.63007139663155,
            0.9977751336033035
          ],
          [
            79.66676684817334,
            1.2566035807788274
          ],
          [
            79.6781211884084,
            1.5131611284076822
          ],
          [
            79.6603839962954,
            1.5166339461656189
          ],
          [
            79.66038081961742,
            1.5166338036099267
          ],
          [
            79.66125618723524,
            1.2571342629726387
          ],
          [
            79.57528194759226,
            1.0412114810019928
          ],
          [
            79.41373632751609,
            1.2357445173641664
          ],
          [
            79.4137358276714,
            1.235743928064583
          ],
          [
            79.30371340495905,
            1.3884924944326258
          ],
          [
            79.43382050615813,
            1.1372528791126975
          ],
          [
            79.52679606034549,
            0.8819890072676294
          ],
          [
            79.50901129418122,
            0.6248102922960527
          ],
          [
            79.49897316936449,
            0.613709487310807
          ],
          [
            79.49897163938299,
            0.6137090151547675
          ],
          [
            79.22597740519335,
            0.504466896382145
          ],
          [
            79.10920689636534,
            0.7568950821761727
          ],
          [
            79.03757623317851,
            0.723870768578345
          ],
          [
            79.03464250001724,
            0.6749745413492435
          ],
          [
            79.03464094212563,
            0.6749746687347841
          ],
          [
            78.88024884564777,
            0.42800903971733056
          ],
          [
            78.62908164199838,
            0.4468047082906669
          ],
          [
            78.62188210224039,
            0.5101035597258639
          ],
          [
            78.62187887227947,
            0.5101027985587744
          ],
          [
            78.35249403695681,
            0.7316619540619252
          ],
          [
            78.15451462262078,
            0.9714761985155035
          ],
          [
            77.99997031708898,
            1.21925556315342
          ],
          [
            77.85466330651101,
            1.4684317727621854
          ],
          [
            77.7314306557196,
            1.6528454513502393
          ],
          [
            77.73143147272464,
            1.6528460652496957
          ],
          [
            77.54069042618431,
            1.8941273282464668
          ],
          [
            77.3868835184471,
            2.141897250530093
          ],
          [
            77.2602810390245,
            2.3934582737715626
          ],
          [
            77.15100344327061,
            2.6470050821879276
          ],
          [
            77.06749512528481,
            2.8543876837904474
          ],
          [
            77.06749318933808,
            2.8543873160078466
          ],
          [
            77.11246053273806,
            3.1073757131631297
          ],
          [
            76.76379031102265,
            3.2923948282625437
          ],
          [
            76.36749053498323,
            3.4118836851042076
          ],
          [
            76.36749220197797,
            3.4118844057261204
          ],
          [
            76.1487846923131,
            3.8861403116855207
          ],
          [
            75.60481506114957,
            4.317258036778378
          ],
          [
            76.000575664608,
            4.621967714345365
          ],
          [
            76.00057237628957,
            4.621966936671234
          ],
          [
            76.0316890941348,
            4.878518128239908
          ],
          [
            75.854729481449,
            5.119755031289595
          ],
          [
            75.50977003573223,
            5.31134531352931
          ],
          [
            75.06013181921708,
            5.4389583805527
          ],
          [
            74.6094073285314,
            5.494276283313151
          ],
          [
            74.60940420513633,
            5.494275856830819
          ],
          [
            73.73708159554229,
            5.756214977590136
          ],
          [
            73.52533742237382,
            6.243801941955871
          ],
          [
            73.78256238855087,
            6.5082755636456495
          ],
          [
            73.782560191264,
            6.508275688959594
          ],
          [
            74.20826292827157,
            6.424575118476699
          ],
          [
            74.43469955427213,
            6.654586852233568
          ],
          [
            74.65192267234451,
            6.887949709795227
          ],
          [
            75.10027638947552,
            6.974128448285314
          ],
          [
            75.17518173319101,
            6.960584620385835
          ],
          [
            75.17518334182827,
            6.960584188801574
          ],
          [
            75.69355652477441,
            6.943446370061966
          ],
          [
            76.16438105211921,
            7.012835014696183
          ],
          [
            75.98835706244165,
            7.174117842308542
          ],
          [
            75.98836094194694,
            7.174118208293977
          ],
          [
            75.62802326915796,
            7.357550806414049
          ],
          [
            75.26262283941466,
            7.536719797334034
          ],
          [
            74.76493483112264,
            7.534601150526508
          ],
          [
            74.76493111146615,
            7.534601333999018
          ],
          [
            73.98162014804888,
            7.8697113751660135
          ],
          [
            73.18731585913307,
            8.19905401201934
          ],
          [
            73.00899245697772,
            8.677078201322704
          ],
          [
            73.11966117888534,
            8.787080069699483
          ],
          [
            73.45655327325431,
            8.979571950719366
          ],
          [
            73.86044111047038,
            9.14068321601776
          ],
          [
            73.72141387465928,
            9.319994607831818
          ],
          [
            73.30966838997605,
            9.375558229374754
          ],
          [
            73.30966590090168,
            9.375558043024503
          ],
          [
            73.30965031183659,
            9.375591340933973
          ]
        ]
      }
    },
    {
      "type": "Feature",
      "properties": {
        "stroke": "rgb(153, 153, 153)",
        "fill": "none"
      },
      "geometry": {
        "type": "LineString",
        "coordinates": [
          [
            90.94088296058486,
            -1.9544514442526622
          ],
          [
            91.15704993471917,
            -2.1262017165256366
          ],
          [
            91.15705133022468,
            -2.126201368174062
          ],
          [
            90.94088137478315,
            -1.954451127535584
          ],
          [
            90.94088296058486,
            -1.9544514442526622
          ]
        ]
      }
    },
    {
      "type": "Feature",
      "properties": {
        "stroke": "rgb(153, 153, 153)",
        "fill": "none"
      },
      "geometry": {
        "type": "LineString",
        "coordinates": [
          [
            91.63199818082757,
            -2.781878991049339
          ],
          [
            91.90231330579013,
            -3.0031466608100184
          ],
          [
            92.0102905441428,
            -3.1106251051519624
          ],
          [
            92.01029282769727,
            -3.11062339640555
          ],
          [
            91.83635981272084,
            -2.866753199290577
          ],
          [
            91.55193834723777,
            -2.6508137286233833
          ],
          [
            91.50572808544312,
            -2.626287819538781
          ],
          [
            91.50572675336969,
            -2.626289085813093
          ],
          [
            91.63199754650688,
            -2.781879307577314
          ],
          [
            91.63199818082757,
            -2.781878991049339
          ]
        ]
      }
    },
    {
      "type": "Feature",
      "properties": {
        "stroke": "rgb(153, 153, 153)",
        "fill": "none"
      },
      "geometry": {
        "type": "LineString",
        "coordinates": [
          [
            93.22727917792918,
            -2.8778159396894845
          ],
          [
            93.38547399899463,
            -3.109391009799512
          ],
          [
            93.60089723212751,
            -3.2060138873524306
          ],
          [
            93.60089710526339,
            -3.206013159619879
          ],
          [
            93.41614340404296,
            -2.9684614142571606
          ],
          [
            93.22728234953259,
            -2.877814990184132
          ],
          [
            93.22727917792918,
            -2.8778159396894845
          ]
        ]
      }
    },
    {
      "type": "Feature",
      "properties": {
        "stroke": "rgb(153, 153, 153)",
        "fill": "none"
      },
      "geometry": {
        "type": "LineString",
        "coordinates": [
          [
            94.44842261219259,
            -4.874694738600444
          ],
          [
            93.97971354432732,
            -4.95177481556609
          ],
          [
            93.97971138763702,
            -4.951772952825947
          ],
          [
            94.35473186143457,
            -5.129985537279872
          ],
          [
            94.7989307780885,
            -5.135966736722353
          ],
          [
            94.64843026691418,
            -4.9048810434962995
          ],
          [
            94.44842102639089,
            -4.874695527988392
          ],
          [
            94.44842261219259,
            -4.874694738600444
          ]
        ]
      }
    },
    {
      "type": "Feature",
      "properties": {
        "stroke": "rgb(153, 153, 153)",
        "fill": "none"
      },
      "geometry": {
        "type": "LineString",
        "coordinates": [
          [
            95.29542848361788,
            -3.9687889371553466
          ],
          [
            94.91888874835121,
            -3.7968345933333976
          ],
          [
            94.47955031393477,
            -3.660298087125974
          ],
          [
            94.41672877924037,
            -3.6255686652309476
          ],
          [
            94.41672484645214,
            -3.6255670838949983
          ],
          [
            94.33035016016166,
            -3.8657330880772807
          ],
          [
            94.67492901346834,
            -4.052167802551903
          ],
          [
            95.1660518026859,
            -4.039234880759917
          ],
          [
            95.29542943509891,
            -3.968789727509025
          ],
          [
            95.29542848361788,
            -3.9687889371553466
          ]
        ]
      }
    },
    {
      "type": "Feature",
      "properties": {
        "stroke": "rgb(153, 153, 153)",
        "fill": "none"
      },
      "geometry": {
        "type": "LineString",
        "coordinates": [
          [
            98.92768065617167,
            -9.791050366195586
          ],
          [
            98.57831648762848,
            -9.980298131309198
          ],
          [
            98.29896165860507,
            -10.194647694264471
          ],
          [
            98.39349922747559,
            -10.422578732590381
          ],
          [
            98.39349535811942,
            -10.422578171579632
          ],
          [
            98.74362045775455,
            -10.233991224988449
          ],
          [
            98.98431344111728,
            -10.009966344820072
          ],
          [
            98.92768446209578,
            -9.791048804767582
          ],
          [
            98.92768065617167,
            -9.791050366195586
          ]
        ]
      }
    },
    {
      "type": "Feature",
      "properties": {
        "stroke": "rgb(153, 153, 153)",
        "fill": "none"
      },
      "geometry": {
        "type": "LineString",
        "coordinates": [
          [
            99.64997400665092,
            -10.391682651182618
          ],
          [
            99.64997749541466,
            -10.545365140556344
          ],
          [
            99.64997400665092,
            -10.545363863205164
          ]
        ]
      }
    },
    {
      "type": "Feature",
      "properties": {
        "stroke": "rgb(153, 153, 153)",
        "fill": "none"
      },
      "geometry": {
        "type": "LineString",
        "coordinates": [
          [
            108.26033430696799,
            -9.314881394884253
          ],
          [
            108.1110621577973,
            -9.550518127861597
          ],
          [
            108.25254738625705,
            -9.68563574360179
          ],
          [
            108.25253977440886,
            -9.685634056726983
          ],
          [
            108.5668850009768,
            -9.517054575473392
          ],
          [
            108.30232570189652,
            -9.318902047252523
          ],
          [
            108.26033367264732,
            -9.314879674909504
          ],
          [
            108.26033430696799,
            -9.314881394884253
          ]
        ]
      }
    },
    {
      "type": "Feature",
      "properties": {
        "stroke": "rgb(153, 153, 153)",
        "fill": "none"
      },
      "geometry": {
        "type": "LineString",
        "coordinates": [
          [
            111.32618378022514,
            -17.013295327838623
          ],
          [
            111.48311091140457,
            -16.848885980899297
          ],
          [
            111.48311370241558,
            -16.848885556282564
          ],
          [
            111.21425408969343,
            -16.947848813872827
          ],
          [
            111.32617997430104,
            -17.01329638845356
          ],
          [
            111.32618378022514,
            -17.013295327838623
          ]
        ]
      }
    },
    {
      "type": "Feature",
      "properties": {
        "stroke": "rgb(153, 153, 153)",
        "fill": "none"
      },
      "geometry": {
        "type": "LineString",
        "coordinates": [
          [
            111.73669582833925,
            -18.146736354497115
          ],
          [
            111.61057765275851,
            -17.911092606443344
          ],
          [
            111.51533440212752,
            -17.849465413128918
          ],
          [
            111.51533110366002,
            -17.849466378400663
          ],
          [
            111.6957669205556,
            -18.080919002367263
          ],
          [
            111.73669646265994,
            -18.14673786019407
          ],
          [
            111.73669582833925,
            -18.146736354497115
          ]
        ]
      }
    },
    {
      "type": "Feature",
      "properties": {
        "stroke": "rgb(153, 153, 153)",
        "fill": "none"
      },
      "geometry": {
        "type": "LineString",
        "coordinates": [
          [
            111.63796508259023,
            -17.23906103044236
          ],
          [
            111.54027906300706,
            -17.073859057950813
          ],
          [
            111.54027360784917,
            -17.073857179755922
          ],
          [
            111.63796444826959,
            -17.239059214451586
          ],
          [
            111.63796508259023,
            -17.23906103044236
          ]
        ]
      }
    },
    {
      "type": "Feature",
      "properties": {
        "stroke": "rgb(153, 153, 153)",
        "fill": "none"
      },
      "geometry": {
        "type": "LineString",
        "coordinates": [
          [
            112.07965526094085,
            -15.783037401104544
          ],
          [
            112.09686374676417,
            -15.553854401047358
          ],
          [
            111.89154999952491,
            -15.482784477663495
          ],
          [
            111.8915472085139,
            -15.482785027385846
          ],
          [
            112.0400444715376,
            -15.722392549754902
          ],
          [
            112.07965779822362,
            -15.783037858535225
          ],
          [
            112.07965526094085,
            -15.783037401104544
          ]
        ]
      }
    },
    {
      "type": "Feature",
      "properties": {
        "stroke": "rgb(153, 153, 153)",
        "fill": "none"
      },
      "geometry": {
        "type": "LineString",
        "coordinates": [
          [
            112.76557412614414,
            -19.820876182440475
          ],
          [
            112.6137558137498,
            -19.588741615449898
          ],
          [
            112.27466383435562,
            -19.40602021602391
          ],
          [
            112.2345113350886,
            -19.392909293839555
          ],
          [
            112.23450664111556,
            -19.392909742222017
          ],
          [
            112.050558336867,
            -19.540748374602764
          ],
          [
            112.05055567272014,
            -19.540747866899245
          ],
          [
            112.51247065860834,
            -19.589133475290307
          ],
          [
            112.75105452569834,
            -19.805346269392405
          ],
          [
            112.76558046935101,
            -19.820875735249487
          ],
          [
            112.76557412614414,
            -19.820876182440475
          ]
        ]
      }
    },
    {
      "type": "Feature",
      "properties": {
        "stroke": "rgb(153, 153, 153)",
        "fill": "none"
      },
      "geometry": {
        "type": "LineString",
        "coordinates": [
          [
            112.17318965165042,
            -18.518844151803055
          ],
          [
            112.53655898656508,
            -18.36535945493228
          ],
          [
            112.57384118473914,
            -18.121323613768602
          ],
          [
            112.42104919009559,
            -17.90925695532984
          ],
          [
            112.42105578703071,
            -17.909256834711478
          ],
          [
            112.30482578285712,
            -18.14983956836982
          ],
          [
            112.21196123478938,
            -18.392361883009368
          ],
          [
            112.17318838300905,
            -18.51884430204906
          ],
          [
            112.17318965165042,
            -18.518844151803055
          ]
        ]
      }
    },
    {
      "type": "Feature",
      "properties": {
        "stroke": "rgb(153, 153, 153)",
        "fill": "none"
      },
      "geometry": {
        "type": "LineString",
        "coordinates": [
          [
            112.39143656330599,
            -16.879195422970493
          ],
          [
            112.71447008027613,
            -16.721689592311392
          ],
          [
            112.74856481701552,
            -16.48003413844704
          ],
          [
            112.28690622354759,
            -16.41290623130244
          ],
          [
            112.26568819668375,
            -16.414828944717147
          ],
          [
            112.26568477135206,
            -16.414827303199186
          ],
          [
            112.38096012289694,
            -16.657458016433168
          ],
          [
            112.39144227219217,
            -16.87919436159889
          ],
          [
            112.39143656330599,
            -16.879195422970493
          ]
        ]
      }
    },
    {
      "type": "Feature",
      "properties": {
        "stroke": "rgb(153, 153, 153)",
        "fill": "none"
      },
      "geometry": {
        "type": "LineString",
        "coordinates": [
          [
            112.54732721448855,
            -21.09537710186542
          ],
          [
            112.60760290311964,
            -21.24160011122693
          ],
          [
            112.60760493294582,
            -21.24159827992382
          ],
          [
            112.88548293655388,
            -21.046855382845298
          ],
          [
            112.8908112302955,
            -20.994100947075392
          ],
          [
            112.89080628259414,
            -20.994099881962576
          ],
          [
            112.54732658016789,
            -21.095377988855976
          ],
          [
            112.54732721448855,
            -21.09537710186543
          ]
        ]
      }
    },
    {
      "type": "Feature",
      "properties": {
        "stroke": "rgb(153, 153, 153)",
        "fill": "none"
      },
      "geometry": {
        "type": "LineString",
        "coordinates": [
          [
            112.95783926260265,
            -18.23798904444423
          ],
          [
            113.35614888372783,
            -18.371701627373163
          ],
          [
            113.36158818358905,
            -18.371821927146424
          ],
          [
            113.3615960491655,
            -18.37182180684669
          ],
          [
            113.32392539300487,
            -18.12846527323461
          ],
          [
            112.98167766821015,
            -17.955500519548742
          ],
          [
            112.8473126894229,
            -18.136988200693576
          ],
          [
            112.95784306852674,
            -18.237989345426048
          ],
          [
            112.95783926260265,
            -18.23798904444423
          ]
        ]
      }
    },
    {
      "type": "Feature",
      "properties": {
        "stroke": "rgb(153, 153, 153)",
        "fill": "none"
      },
      "geometry": {
        "type": "LineString",
        "coordinates": [
          [
            112.92146477732672,
            -17.53882742711681
          ],
          [
            113.17452701401818,
            -17.747132327381195
          ],
          [
            113.17452726774647,
            -17.747133655391103
          ],
          [
            113.48786557366134,
            -17.61257940918666
          ],
          [
            113.48786747662339,
            -17.612578533251952
          ],
          [
            113.04664796421996,
            -17.48437191821802
          ],
          [
            112.86221922548569,
            -17.389747454457325
          ],
          [
            112.86222632987739,
            -17.38974884557589
          ],
          [
            112.92146477732672,
            -17.538827276032002
          ],
          [
            112.92146477732672,
            -17.53882742711681
          ]
        ]
      }
    },
    {
      "type": "Feature",
      "properties": {
        "stroke": "rgb(153, 153, 153)",
        "fill": "none"
      },
      "geometry": {
        "type": "LineString",
        "coordinates": [
          [
            112.8902866470902,
            -16.789742500285765
          ],
          [
            112.91991069165209,
            -16.624890047757905
          ],
          [
            112.9199058708149,
            -16.624889865565237
          ],
          [
            112.89028791573158,
            -16.789741286716502
          ],
          [
            112.8902866470902,
            -16.789742500285765
          ]
        ]
      }
    },
    {
      "type": "Feature",
      "properties": {
        "stroke": "rgb(153, 153, 153)",
        "fill": "rgb(255, 221, 85)"
      },
      "geometry": {
        "type": "LineString",
        "coordinates": [
          [
            88.62330861300404,
            -0.547759589662457
          ],
          [
            89.0172642569575,
            -0.14218164431549718
          ],
          [
            90.03299403847404,
            -0.2171958010730529
          ],
          [
            89.77951156432977,
            0.25987215041812456
          ],
          [
            89.75964753302415,
            0.2786855726735383
          ],
          [
            89.59024613038366,
            0.7882436868726536
          ],
          [
            90.08113897835342,
            1.1690672994030074
          ],
          [
            90.70548496912784,
            0.9337602388190606
          ],
          [
            90.7054880772992,
            0.933760207133128
          ],
          [
            91.16601764338247,
            1.3856669579550585
          ],
          [
            91.1078266496778,
            1.9020692717209153
          ],
          [
            90.94043735030468,
            2.4140506152729717
          ],
          [
            91.0205124075909,
            2.926191255158967
          ],
          [
            91.43879932432293,
            3.205080490840885
          ],
          [
            91.43879770046199,
            3.2050800415447385
          ],
          [
            91.37114109441666,
            3.7210387159613623
          ],
          [
            91.17611127125905,
            4.2297697865218415
          ],
          [
            91.2333269969128,
            4.732002599275064
          ],
          [
            92.22182856308912,
            4.74568542023301
          ],
          [
            92.79094108034579,
            4.640043195202876
          ],
          [
            92.79094124526918,
            4.640043779549089
          ],
          [
            93.69729018899736,
            4.725573632794623
          ],
          [
            94.10987614858621,
            5.197700786763287
          ],
          [
            94.36231992261122,
            5.698998315664133
          ],
          [
            94.6108388374069,
            6.2003488189167495
          ],
          [
            94.79366591641528,
            6.4507947440940026
          ],
          [
            94.79366844101159,
            6.450794703157656
          ],
          [
            94.48693222088926,
            7.187284009492133
          ],
          [
            95.02844385940415,
            7.909274779115185
          ],
          [
            95.45730014452539,
            8.645256019064707
          ],
          [
            95.05298414084794,
            9.29979243435769
          ],
          [
            95.05298214654373,
            9.299791924597711
          ],
          [
            96.09710770196068,
            9.869893482596254
          ],
          [
            97.19117608789227,
            10.415400439338597
          ],
          [
            98.48787028716669,
            10.83350531672357
          ],
          [
            99.99472285790075,
            10.813670033276411
          ],
          [
            100.55280432026467,
            10.602017700683843
          ],
          [
            100.87072765085432,
            10.783418506800277
          ],
          [
            100.27806597822187,
            11.201335816577087
          ],
          [
            100.26461837973119,
            11.676182407277308
          ],
          [
            100.69629127196814,
            11.809548854236375
          ],
          [
            101.02770616200912,
            12.289283931396305
          ],
          [
            101.28313917225522,
            12.780269627274963
          ],
          [
            102.03931285908276,
            13.026517933053842
          ],
          [
            102.8970016422996,
            12.746519072124595
          ],
          [
            102.93664778366319,
            12.729012707511522
          ],
          [
            103.61849384575554,
            12.35164958433535
          ],
          [
            104.08854133026301,
            11.899190507083302
          ],
          [
            104.63162291246964,
            11.469379941824261
          ],
          [
            105.3733816617641,
            11.462267724494028
          ],
          [
            105.37337455229789,
            11.462266767904284
          ],
          [
            106.75507483263058,
            10.389046797241383
          ],
          [
            107.05943775460193,
            9.135510927489754
          ],
          [
            106.14423987241518,
            7.940581837307568
          ],
          [
            104.84283584206563,
            6.826533048467519
          ],
          [
            104.67160680422438,
            6.674140010129495
          ],
          [
            104.48293814425186,
            6.167395775171456
          ],
          [
            104.54491127503204,
            5.653852385816722
          ],
          [
            104.9098993963311,
            5.171619989249881
          ],
          [
            105.1101116169358,
            5.000860376478693
          ],
          [
            106.49462275997611,
            2.2554603618885105
          ],
          [
            106.25185237637484,
            -0.5931219390736943
          ],
          [
            105.50674758547478,
            -3.4223406333344717
          ],
          [
            105.20308241625533,
            -6.2602694375088195
          ],
          [
            105.81125580240462,
            -8.213733272431876
          ],
          [
            105.92999806155537,
            -8.718183407251766
          ],
          [
            105.33265827388193,
            -9.1148014666809
          ],
          [
            104.32239157925225,
            -9.151139026890181
          ],
          [
            103.79662695170583,
            -8.825468267704137
          ],
          [
            103.7966289536219,
            -8.825466946213627
          ],
          [
            104.04246586161362,
            -9.317099998899174
          ],
          [
            103.40406173869064,
            -9.694964187735845
          ],
          [
            102.5530333226508,
            -9.985194255711196
          ],
          [
            102.14505411702602,
            -10.444531400234922
          ],
          [
            102.13421104941102,
            -10.589462887729262
          ],
          [
            101.64409935721388,
            -10.664941612254937
          ],
          [
            101.2707302738838,
            -10.512654646408052
          ],
          [
            101.19645925085182,
            -10.261028304144858
          ],
          [
            101.09614143475268,
            -10.22980448153103
          ],
          [
            100.95557597128403,
            -10.441894045382872
          ],
          [
            100.95557379937003,
            -10.441895252104427
          ],
          [
            100.71929944568033,
            -10.500109316187064
          ],
          [
            100.64769256951915,
            -10.24728786227309
          ],
          [
            100.50370177435947,
            -10.076194103258093
          ],
          [
            100.37962864866242,
            -10.324008402608252
          ],
          [
            100.35165510651905,
            -10.397246509322274
          ],
          [
            100.35165341668876,
            -10.39724662402712
          ],
          [
            99.85211171022775,
            -10.568551305957376
          ],
          [
            99.88167898308846,
            -10.058194320387559
          ],
          [
            99.60484557878202,
            -10.07134225629964
          ],
          [
            99.56591257117822,
            -10.125572282296202
          ],
          [
            99.39575762347582,
            -10.366585615041478
          ],
          [
            99.09849116415138,
            -10.401197255966297
          ],
          [
            99.19042008921095,
            -10.152051247313517
          ],
          [
            99.43151745200942,
            -9.946819153596323
          ],
          [
            99.43151924079373,
            -9.946820891580327
          ],
          [
            98.93091156857321,
            -10.197712079751875
          ],
          [
            98.98263249130594,
            -9.687490519787218
          ],
          [
            98.87934922601136,
            -9.507092226103593
          ],
          [
            98.6998206145573,
            -9.808649535111101
          ],
          [
            98.69982048769315,
            -9.808648057454047
          ],
          [
            97.64425549411553,
            -9.88880708056275
          ],
          [
            97.73266393938152,
            -9.123812869904238
          ],
          [
            97.97897858980198,
            -8.36374724513649
          ],
          [
            98.07942765953695,
            -7.988791381479535
          ],
          [
            98.05336061895358,
            -7.219718314028976
          ],
          [
            97.66850240224318,
            -6.471536061799828
          ],
          [
            97.04539333680165,
            -5.762454011455729
          ],
          [
            96.21799336622303,
            -5.1063560956590175
          ],
          [
            95.81506398755977,
            -4.865380088271032
          ],
          [
            95.78786843973477,
            -4.6070485805269135
          ],
          [
            95.7213440580503,
            -4.350502716260007
          ],
          [
            95.48224480540492,
            -4.203301128725819
          ],
          [
            95.37332401503551,
            -4.432540640707432
          ],
          [
            95.37332184565877,
            -4.432541540543259
          ],
          [
            95.14844147470959,
            -4.810613918756132
          ],
          [
            94.38203936686023,
            -4.466974828336011
          ],
          [
            93.93811796550534,
            -4.011143691512072
          ],
          [
            94.8652093605081,
            -4.111546729237938
          ],
          [
            95.02989993745862,
            -4.160281785089975
          ],
          [
            95.04288258396284,
            -3.7013865702199533
          ],
          [
            94.30730053232415,
            -3.3363486969309233
          ],
          [
            94.00320719664332,
            -3.122155124871255
          ],
          [
            94.00320410877023,
            -3.122156171625171
          ],
          [
            93.72319425991073,
            -2.9054848215354196
          ],
          [
            93.29972970059943,
            -2.7582265178132856
          ],
          [
            92.79546061521589,
            -2.7027130278367615
          ],
          [
            92.303735221349,
            -2.7682843526479965
          ],
          [
            92.44554553915907,
            -2.949373778055335
          ],
          [
            92.44554472215404,
            -2.9493718816972
          ],
          [
            92.28614868039833,
            -2.9941273362881002
          ],
          [
            92.08225422568847,
            -2.8533807914436617
          ],
          [
            92.00034756742858,
            -2.754068041166045
          ],
          [
            92.00034700415182,
            -2.754066176139427
          ],
          [
            91.98057262011977,
            -2.495110856217419
          ],
          [
            91.87790781749159,
            -2.2410781744837296
          ],
          [
            91.81114556555082,
            -1.984325198951437
          ],
          [
            91.82457730602442,
            -1.7525441448543442
          ],
          [
            91.82458029494347,
            -1.7525425066067835
          ],
          [
            91.57684336307457,
            -2.255767122287116
          ],
          [
            91.07921085784238,
            -2.2040008911588838
          ],
          [
            91.0095862338172,
            -1.9308634580054818
          ],
          [
            91.00958397056101,
            -1.9308642586774267
          ],
          [
            90.70005359827516,
            -1.8036119763393295
          ],
          [
            90.68945251385179,
            -2.062661884202636
          ],
          [
            90.44150448767127,
            -2.006550271638198
          ],
          [
            90.24598306598392,
            -1.8023331202317388
          ],
          [
            90.24597959751841,
            -1.8023316708081756
          ],
          [
            89.46025796431275,
            -1.4656637540844255
          ],
          [
            88.92020526336995,
            -1.0244956660801712
          ],
          [
            88.62310531322498,
            -0.5477122150627237
          ],
          [
            88.6231059551575,
            -0.5477128627796567
          ],
          [
            88.62330861300404,
            -0.547759589662457
          ]
        ]
      }
    },
    {
      "type": "Feature",
      "properties": {
        "stroke": "rgb(153, 153, 153)",
        "fill": "rgb(255, 221, 85)"
      },
      "geometry": {
        "type": "LineString",
        "coordinates": [
          [
            3.2523916703912086,
            32.92322382570165
          ],
          [
            4.072723326303237,
            33.16293157244838
          ],
          [
            5.09978167877706,
            33.132085431233904
          ],
          [
            5.974299782628609,
            32.908345157349785
          ],
          [
            6.146761427347524,
            32.725793124025074
          ],
          [
            6.957528558123137,
            32.995553789488206
          ],
          [
            7.745668042895964,
            33.27748499600448
          ],
          [
            8.728436935894948,
            33.296264724975636
          ],
          [
            9.090444593627925,
            33.17379427510232
          ],
          [
            9.607637119291734,
            33.15940591838917
          ],
          [
            10.124822559593525,
            33.14465698819319
          ],
          [
            10.621162636433034,
            33.20422242034383
          ],
          [
            10.656157315642133,
            33.21171035661248
          ],
          [
            10.656158330555233,
            33.2117103452779
          ],
          [
            12.166359892486064,
            33.050132509544014
          ],
          [
            13.713135021239353,
            32.97648280061382
          ],
          [
            15.261646602863788,
            32.901660356905246
          ],
          [
            16.804163854028932,
            32.80711146362579
          ],
          [
            16.886588022818472,
            32.80176969791226
          ],
          [
            16.860027683725928,
            32.58593996882042
          ],
          [
            16.952277733631508,
            32.370450077598356
          ],
          [
            17.010238786088404,
            32.15272476074483
          ],
          [
            16.76288543554869,
            31.975693746444442
          ],
          [
            16.26588328649575,
            31.971887360250516
          ],
          [
            16.265883413359887,
            31.971887366904056
          ],
          [
            15.258871449873372,
            31.867497377777052
          ],
          [
            14.22180074186057,
            31.84375069891475
          ],
          [
            13.182632811087863,
            31.84957343211967
          ],
          [
            13.121465051906732,
            31.84982784705258
          ],
          [
            12.657542149267673,
            31.763106169248562
          ],
          [
            12.304899494271716,
            31.601542143651315
          ],
          [
            11.858769864037303,
            31.666535830335278
          ],
          [
            11.80356414204946,
            31.692539775076472
          ],
          [
            11.803565486809322,
            31.692539792906736
          ],
          [
            11.286878229285957,
            31.709494995286928
          ],
          [
            10.800302726468423,
            31.784986294385707
          ],
          [
            10.363180449940035,
            31.90383588092268
          ],
          [
            9.94406495181515,
            32.03401068218943
          ],
          [
            9.690261352824862,
            32.1026871998241
          ],
          [
            9.690259855828053,
            32.10268723401743
          ],
          [
            8.717237211326498,
            32.01846052389001
          ],
          [
            7.754786402721599,
            31.860134235719837
          ],
          [
            6.976827764919321,
            32.09824755712726
          ],
          [
            6.976827181344298,
            32.098247559382294
          ],
          [
            6.469014412716593,
            32.13882643824692
          ],
          [
            5.95005683900521,
            32.1292399081762
          ],
          [
            5.526370267454698,
            32.17628204222233
          ],
          [
            5.526368599191304,
            32.17628204625248
          ],
          [
            4.495089717931172,
            32.1369794858155
          ],
          [
            3.464047038663967,
            32.09225295782591
          ],
          [
            2.7400869312987055,
            32.354779745051744
          ],
          [
            2.7095284594231117,
            32.49013349359403
          ],
          [
            2.7344870690144774,
            32.69857267617397
          ],
          [
            3.127700478478136,
            32.7558357461927
          ],
          [
            3.127699934865312,
            32.7558356660801
          ],
          [
            2.9999045385075647,
            32.80659931912653
          ]
        ]
      }
    },
    {
      "type": "Feature",
      "properties": {
        "stroke": "rgb(153, 153, 153)",
        "fill": "none"
      },
      "geometry": {
        "type": "LineString",
        "coordinates": [
          [
            95.23307222314486,
            -17.224183834965547
          ],
          [
            95.23307571190861,
            -17.373892552119813
          ],
          [
            95.23307222314486,
            -17.37389279407444
          ]
        ]
      }
    },
    {
      "type": "Feature",
      "properties": {
        "stroke": "rgb(153, 153, 153)",
        "fill": "none"
      },
      "geometry": {
        "type": "LineString",
        "coordinates": [
          [
            97.80007161261778,
            -23.625603465170954
          ],
          [
            97.83072991705413,
            -23.768944773255114
          ],
          [
            97.83073010735035,
            -23.76894625236376
          ],
          [
            97.80006844101436,
            -23.625602739321113
          ],
          [
            97.80007161261778,
            -23.625603465170954
          ]
        ]
      }
    },
    {
      "type": "Feature",
      "properties": {
        "stroke": "rgb(153, 153, 153)",
        "fill": "none"
      },
      "geometry": {
        "type": "LineString",
        "coordinates": [
          [
            93.81966365242293,
            -19.715824402431828
          ],
          [
            93.571274456207,
            -19.509185543923923
          ],
          [
            93.57127788153869,
            -19.509184498447752
          ],
          [
            93.27534799932654,
            -19.707207682471356
          ],
          [
            93.19261672417807,
            -19.94607332746617
          ],
          [
            93.2080545038133,
            -19.99369531702364
          ],
          [
            93.20805266428331,
            -19.99369385779449
          ],
          [
            93.50732700229935,
            -20.16491987361013
          ],
          [
            93.83948902822608,
            -19.99014771234742
          ],
          [
            93.85374538558827,
            -19.75091223496593
          ],
          [
            93.81966650686599,
            -19.715825744889152
          ],
          [
            93.81966365242292,
            -19.715824402431828
          ]
        ]
      }
    },
    {
      "type": "Feature",
      "properties": {
        "stroke": "rgb(153, 153, 153)",
        "fill": "none"
      },
      "geometry": {
        "type": "LineString",
        "coordinates": [
          [
            94.07428504935442,
            -15.935369026362254
          ],
          [
            93.81008033553626,
            -16.398603078990877
          ],
          [
            93.99270126032246,
            -16.887806437647765
          ],
          [
            94.13404376662845,
            -17.224678277607612
          ],
          [
            94.13404313230777,
            -17.224679760782216
          ],
          [
            93.54710683816478,
            -17.575397440409823
          ],
          [
            93.5815900963228,
            -18.065328489556087
          ],
          [
            94.23069838078024,
            -18.34200757542187
          ],
          [
            94.23069533604095,
            -18.342007996543632
          ],
          [
            94.12968281192923,
            -18.146391549555073
          ],
          [
            94.26083654225611,
            -18.00236113867311
          ],
          [
            94.26083419526958,
            -18.00236128936667
          ],
          [
            94.18060290479902,
            -17.758846349519278
          ],
          [
            94.10887709350968,
            -17.514602985983156
          ],
          [
            94.15274829778383,
            -17.396438310037848
          ],
          [
            94.15275001044967,
            -17.396437705225807
          ],
          [
            94.38014433381821,
            -17.17387635681289
          ],
          [
            94.48896204707654,
            -16.93535151159945
          ],
          [
            94.48531470314629,
            -16.92464970523481
          ],
          [
            94.48531673297248,
            -16.92465109984411
          ],
          [
            94.62440537102576,
            -16.711935585055294
          ],
          [
            94.75033388472212,
            -16.57612834301723
          ],
          [
            94.75033083998281,
            -16.57612794816629
          ],
          [
            94.68454690083226,
            -16.332500066230512
          ],
          [
            94.47090769462177,
            -16.105344524938175
          ],
          [
            94.37464160188864,
            -15.864737543392357
          ],
          [
            94.38035048804035,
            -15.854971297337558
          ],
          [
            94.38035036117621,
            -15.85497224235811
          ],
          [
            94.613828073628,
            -15.632140313463315
          ],
          [
            94.81927661401252,
            -15.403215980225719
          ],
          [
            94.635704208201,
            -15.193020505962567
          ],
          [
            94.4780438023114,
            -15.16756284335457
          ],
          [
            94.47804183591728,
            -15.167564066802994
          ],
          [
            94.70781854090902,
            -14.952739050056564
          ],
          [
            94.526949927011,
            -14.722390939888777
          ],
          [
            94.51233676426435,
            -14.713563645074649
          ],
          [
            94.51233777917744,
            -14.713564258093625
          ],
          [
            94.06767796511488,
            -15.149015316678184
          ],
          [
            94.10896431260366,
            -15.648768119525812
          ],
          [
            94.07428282923206,
            -15.935369635809353
          ],
          [
            94.07428504935442,
            -15.935369026362267
          ]
        ]
      }
    },
    {
      "type": "Feature",
      "properties": {
        "stroke": "rgb(153, 153, 153)",
        "fill": "none"
      },
      "geometry": {
        "type": "LineString",
        "coordinates": [
          [
            93.7884855221864,
            -15.815511157315113
          ],
          [
            93.78848171626231,
            -15.980296088609755
          ],
          [
            93.7884855221864,
            -15.980297307230694
          ]
        ]
      }
    },
    {
      "type": "Feature",
      "properties": {
        "stroke": "rgb(153, 153, 153)",
        "fill": "none"
      },
      "geometry": {
        "type": "LineString",
        "coordinates": [
          [
            94.91609456574031,
            -22.416643877396403
          ],
          [
            94.69628976248596,
            -22.575425789694332
          ],
          [
            94.69628874757288,
            -22.575425321504177
          ],
          [
            95.00307103206325,
            -22.49054754222493
          ],
          [
            94.91609773734372,
            -22.41664373091896
          ],
          [
            94.91609456574031,
            -22.416643877396403
          ]
        ]
      }
    },
    {
      "type": "Feature",
      "properties": {
        "stroke": "rgb(153, 153, 153)",
        "fill": "none"
      },
      "geometry": {
        "type": "LineString",
        "coordinates": [
          [
            94.79657839983366,
            -17.53882742711681
          ],
          [
            95.10472092159779,
            -17.627918940958004
          ],
          [
            95.10472225367121,
            -17.627918940958004
          ],
          [
            94.79657586255094,
            -17.538827276032002
          ],
          [
            94.79657839983366,
            -17.53882742711681
          ]
        ]
      }
    },
    {
      "type": "Feature",
      "properties": {
        "stroke": "rgb(153, 153, 153)",
        "fill": "none"
      },
      "geometry": {
        "type": "LineString",
        "coordinates": [
          [
            97.17650900788752,
            -24.54044196028499
          ]
        ]
      }
    },
    {
      "type": "Feature",
      "properties": {
        "stroke": "rgb(153, 153, 153)",
        "fill": "none"
      },
      "geometry": {
        "type": "LineString",
        "coordinates": [
          [
            97.60780647615928,
            -24.19755157543409
          ],
          [
            97.41678809700426,
            -24.36361530995768
          ],
          [
            97.64106010367229,
            -24.497690101540687
          ],
          [
            97.64106314841158,
            -24.497690620612683
          ],
          [
            97.57041263754493,
            -24.266834462336565
          ],
          [
            97.6078058418386,
            -24.19755171996296
          ],
          [
            97.60780647615928,
            -24.19755157543409
          ]
        ]
      }
    },
    {
      "type": "Feature",
      "properties": {
        "stroke": "rgb(153, 153, 153)",
        "fill": "none"
      },
      "geometry": {
        "type": "LineString",
        "coordinates": [
          [
            98.29892169640199,
            -25.56112672314208
          ],
          [
            98.04461492252949,
            -25.746096041623254
          ],
          [
            98.11185291498293,
            -25.842999675310494
          ],
          [
            98.11185291498293,
            -25.843000673541013
          ],
          [
            98.38762383214446,
            -25.660589727902998
          ],
          [
            98.29892201356233,
            -25.561125293717797
          ],
          [
            98.29892169640199,
            -25.56112672314208
          ]
        ]
      }
    },
    {
      "type": "Feature",
      "properties": {
        "stroke": "rgb(153, 153, 153)",
        "fill": "none"
      },
      "geometry": {
        "type": "LineString",
        "coordinates": [
          [
            98.89650252593515,
            -25.939922737501966
          ],
          [
            98.40519451507805,
            -25.906266987703138
          ],
          [
            98.37331990073102,
            -26.128208657338522
          ],
          [
            98.54924874230608,
            -26.347088425996077
          ],
          [
            98.77466252620445,
            -26.55644532242288
          ],
          [
            98.89649967149208,
            -26.654422568252606
          ],
          [
            98.89650252593515,
            -26.654423417924164
          ],
          [
            99.04838775916164,
            -26.433276862200422
          ],
          [
            98.99198079237937,
            -26.203553025786043
          ],
          [
            98.89956026879008,
            -25.974578672996984
          ],
          [
            98.89649967149208,
            -25.939923734913155
          ],
          [
            98.89650252593515,
            -25.939922737501966
          ]
        ]
      }
    },
    {
      "type": "Feature",
      "properties": {
        "stroke": "rgb(153, 153, 153)",
        "fill": "rgb(0, 255, 255)"
      },
      "geometry": {
        "type": "LineString",
        "coordinates": [
          [
            9.529588558009213,
            4.297630173925024
          ],
          [
            10.667908106304399,
            4.826791791709282
          ],
          [
            12.047868788804,
            5.176391620860393
          ],
          [
            13.595377350847617,
            5.231222354784554
          ],
          [
            15.132827965553123,
            5.107070239169308
          ],
          [
            15.366134538284498,
            5.080044222519848
          ],
          [
            16.25657859496932,
            5.335708523980722
          ],
          [
            17.281418807302956,
            5.41564435187948
          ],
          [
            18.282614716158275,
            5.529496703269739
          ],
          [
            18.435192627571144,
            6.009590734809085
          ],
          [
            18.098844085133166,
            6.4654725763959595
          ],
          [
            18.0988456899645,
            6.4654725291630815
          ],
          [
            17.447729761514086,
            7.162822146391569
          ],
          [
            16.35716996186322,
            7.711781320577493
          ],
          [
            15.216966639718152,
            8.235862531749566
          ],
          [
            14.61216169050051,
            8.934081789157302
          ],
          [
            14.616300506096362,
            9.41119265993004
          ],
          [
            12.820792506180826,
            9.843545711498983
          ],
          [
            12.700854358439472,
            10.832600734984574
          ],
          [
            13.751019824062759,
            11.700989404266847
          ],
          [
            15.581768429316387,
            12.103111354403913
          ],
          [
            16.80739557201773,
            11.7099194192586
          ],
          [
            19.14496179189472,
            12.22815588617356
          ],
          [
            20.80541511614385,
            13.194854514658862
          ],
          [
            22.057889234768183,
            14.29908741074111
          ],
          [
            23.352347453633186,
            15.38598211393285
          ],
          [
            24.33535511762386,
            15.941335083481253
          ],
          [
            24.825834756413965,
            16.644997560215696
          ],
          [
            25.64594796814061,
            17.27836460698357
          ],
          [
            26.22601837520513,
            17.961746431541613
          ],
          [
            25.939360929312635,
            18.67624730821705
          ],
          [
            25.531088375744545,
            18.979502752112744
          ],
          [
            26.842534470042313,
            19.375683957383696
          ],
          [
            27.091164390957623,
            19.975922988193364
          ],
          [
            25.841564537930495,
            20.412040694350406
          ],
          [
            25.093555281425473,
            20.69493258529082
          ],
          [
            23.771847508672458,
            21.065456600594263
          ],
          [
            23.038790846255047,
            21.6975909417163
          ],
          [
            22.75319192300317,
            22.406534589021835
          ],
          [
            22.367838143258794,
            23.098358788581393
          ],
          [
            22.011493180445342,
            23.2833499555136
          ],
          [
            22.26365097099017,
            24.082660140248404
          ],
          [
            24.326671952532763,
            24.03029381665326
          ],
          [
            26.37965084475435,
            23.88287225188082
          ],
          [
            28.440360520306374,
            23.92717407420946
          ],
          [
            29.111792706307305,
            24.11355605783292
          ],
          [
            30.366479240327667,
            24.53287798564601
          ],
          [
            31.57553410816487,
            24.979118859047816
          ],
          [
            32.96263486285837,
            25.284339017151574
          ],
          [
            34.19277692891845,
            24.931740727287476
          ],
          [
            34.66877513433824,
            24.284717044223633
          ],
          [
            34.668774785461856,
            24.28471715716781
          ],
          [
            35.99722104832724,
            23.91288724675003
          ],
          [
            37.16963200317819,
            23.447535469832328
          ],
          [
            37.738296531452114,
            22.789663166712714
          ],
          [
            37.79604350067832,
            22.1821532611142
          ],
          [
            37.79604517528494,
            22.182153111749674
          ],
          [
            39.04504471356038,
            21.75766518693154
          ],
          [
            39.97696487476646,
            21.179222012211696
          ],
          [
            40.34361808785974,
            20.48681894739882
          ],
          [
            39.071876478473385,
            20.189530412362657
          ],
          [
            38.63208673757705,
            20.214548331272667
          ],
          [
            37.67994695757656,
            20.11840338905619
          ],
          [
            38.186594745523315,
            19.42754221738048
          ],
          [
            38.94885791091268,
            18.78644074963672
          ],
          [
            40.05808656118049,
            18.29193007780332
          ],
          [
            40.28660618212802,
            18.334598096773355
          ],
          [
            42.00571271687746,
            17.779725964746348
          ],
          [
            43.75533567121282,
            17.24514930392513
          ],
          [
            45.521030725866915,
            16.721164155778034
          ],
          [
            47.28674956754666,
            16.195758282499952
          ],
          [
            47.357286484265295,
            16.174602858418556
          ],
          [
            46.043227299568535,
            15.408738153667398
          ],
          [
            45.49559446645765,
            14.450142764282754
          ],
          [
            46.09927746096632,
            13.507308968152605
          ],
          [
            47.86159475798066,
            13.011498902647118
          ],
          [
            48.560762311394704,
            12.968811875185242
          ],
          [
            50.74846747877843,
            12.286421683237565
          ],
          [
            53.06125619396239,
            11.709135079431947
          ],
          [
            55.500496737406664,
            11.274607032508891
          ],
          [
            58.06535656321407,
            11.105385177342784
          ],
          [
            58.330429421006144,
            11.114488565021881
          ],
          [
            60.31515723452423,
            10.81927680493104
          ],
          [
            62.17462867322864,
            10.364142433235003
          ],
          [
            64.01375427600905,
            9.888155376617421
          ],
          [
            65.95935060551878,
            9.532829654578771
          ],
          [
            67.58461498984947,
            9.417578285378477
          ],
          [
            67.58461811070723,
            9.417577458784121
          ],
          [
            69.63676926518245,
            9.26128467642323
          ],
          [
            71.69241230427485,
            9.352709250143059
          ],
          [
            72.48783458339535,
            10.174728470553024
          ],
          [
            71.73941546692387,
            10.912030077311162
          ],
          [
            71.73941574602499,
            10.912030614393238
          ],
          [
            71.71132298965237,
            11.670000677778988
          ],
          [
            72.71807713349705,
            12.18771221030875
          ],
          [
            74.06689663493997,
            11.878022040394752
          ],
          [
            74.57134015851148,
            11.168524135863686
          ],
          [
            74.56155616793339,
            10.920195324677856
          ],
          [
            75.62787261799562,
            10.091878251944603
          ],
          [
            77.64527404888011,
            9.891343640501184
          ],
          [
            79.71863049305988,
            9.955455505855095
          ],
          [
            81.78874397274512,
            10.04549246143099
          ],
          [
            82.94587502403576,
            10.02544531237934
          ],
          [
            84.48985588137322,
            10.033260136811066
          ],
          [
            84.60610307563732,
            10.689679615797267
          ],
          [
            83.73409450298999,
            11.322588330609562
          ],
          [
            83.1741353118523,
            11.70543524793603
          ],
          [
            85.62015983635106,
            12.058976287559837
          ],
          [
            87.50064314769718,
            12.928556583350725
          ],
          [
            89.28176805297797,
            13.846583166580716
          ],
          [
            91.56335611954117,
            14.411921874549826
          ],
          [
            92.16330989454303,
            14.434991286936038
          ],
          [
            93.59935107546143,
            14.208404612799143
          ],
          [
            95.09884552626664,
            14.406140024764726
          ],
          [
            96.60652271388929,
            14.533284911162973
          ],
          [
            97.21962537054827,
            13.992956123807904
          ],
          [
            97.21962316564958,
            13.992955321854335
          ],
          [
            98.01406445260933,
            13.774014173136473
          ],
          [
            97.91449989232188,
            13.273294648429248
          ],
          [
            98.17222438603719,
            12.827080623172208
          ],
          [
            99.1898016265445,
            12.881498055534196
          ],
          [
            99.29338453478086,
            12.89820170527226
          ],
          [
            100.74411724242316,
            12.674865381127141
          ],
          [
            100.74395866225228,
            11.946502521427213
          ],
          [
            100.41350930217106,
            11.20394123929014
          ],
          [
            101.11664585084758,
            10.55728360875234
          ],
          [
            101.24814937350946,
            10.514470364736951
          ],
          [
            99.33568745474619,
            10.832410091602737
          ],
          [
            97.4045377788037,
            10.484422068596169
          ],
          [
            95.8991758616759,
            9.787348199781121
          ],
          [
            95.18347976346567,
            8.96808598269159
          ],
          [
            95.18348340700369,
            8.968086415295486
          ],
          [
            95.07329033172923,
            7.942680790365804
          ],
          [
            94.80546428112879,
            6.92181082156676
          ],
          [
            94.40031573155423,
            5.909865067872339
          ],
          [
            93.88387561805561,
            4.908602829537037
          ],
          [
            93.60742892354796,
            4.436623265439434
          ],
          [
            92.18946235021238,
            4.748863301487328
          ],
          [
            91.14058138397323,
            4.322367380610102
          ],
          [
            91.12060028244224,
            3.5470104372546474
          ],
          [
            91.19689320265294,
            2.770434787384279
          ],
          [
            90.98280204295546,
            2.082554233380866
          ],
          [
            90.98280195668787,
            2.0825547692239383
          ],
          [
            90.77814640342537,
            1.0712921984574306
          ],
          [
            89.19428730171163,
            1.5238725951247052
          ],
          [
            88.38157978396511,
            2.474440606811703
          ],
          [
            88.17557621298253,
            3.2725102494113134
          ],
          [
            88.17557507374259,
            3.272511167559628
          ],
          [
            87.6750020455805,
            4.006597403711301
          ],
          [
            86.70771057725946,
            3.7601855568000153
          ],
          [
            86.10156959010217,
            3.044296380398377
          ],
          [
            85.77080588860034,
            2.8365795828934233
          ],
          [
            84.97002870979145,
            3.165204683485781
          ],
          [
            84.40616519619094,
            3.5970587063337165
          ],
          [
            84.20842365211125,
            4.102554036306702
          ],
          [
            84.337214537892,
            4.614832944729574
          ],
          [
            84.5267971321799,
            4.920208116995325
          ],
          [
            84.52679849216344,
            4.9202081744588515
          ],
          [
            86.37482701155525,
            5.323410686048721
          ],
          [
            87.18823228205363,
            6.249314791116964
          ],
          [
            86.03177845689757,
            7.004142093028401
          ],
          [
            84.01287844339825,
            6.950950944117777
          ],
          [
            84.0128789787649,
            6.950951551871345
          ],
          [
            81.95393693675155,
            6.832719908174167
          ],
          [
            79.94949150582801,
            7.069665259053778
          ],
          [
            78.49470873420262,
            7.783557785563286
          ],
          [
            77.93054391827744,
            8.742202261828549
          ],
          [
            77.9305454051251,
            8.74220268843383
          ],
          [
            77.19070398905058,
            8.504563723540219
          ],
          [
            76.34478978352165,
            8.798526649972708
          ],
          [
            75.55567106619364,
            9.131529485249601
          ],
          [
            75.24636837189937,
            8.940931796256198
          ],
          [
            75.24636820951326,
            8.940931810030417
          ],
          [
            74.45521189937556,
            9.272927366294933
          ],
          [
            73.53523282503679,
            9.376914424977638
          ],
          [
            73.32739765308051,
            8.880830878903407
          ],
          [
            73.26291102659188,
            8.368503090242791
          ],
          [
            73.21719156662022,
            8.152414329645083
          ],
          [
            74.08779750146203,
            7.871734171946796
          ],
          [
            74.96090027728849,
            7.592741374473926
          ],
          [
            75.74877414027507,
            7.259871848626497
          ],
          [
            75.47115576412278,
            6.861832078139623
          ],
          [
            74.54403265308582,
            6.733923193494392
          ],
          [
            74.5440288623854,
            6.733923185311804
          ],
          [
            73.62404564973852,
            6.1665372161048815
          ],
          [
            74.60579170063532,
            5.582827051206299
          ],
          [
            75.71973811098684,
            5.0431492846371775
          ],
          [
            76.00679993631508,
            4.31198670630064
          ],
          [
            75.79635042688537,
            4.084797366428333
          ],
          [
            76.91329176712043,
            3.2172106239597307
          ],
          [
            77.56060809564693,
            2.233060741252786
          ],
          [
            77.90285582044164,
            1.2100615460616988
          ],
          [
            77.94447518628928,
            0.28348104178056155
          ],
          [
            77.94447163663074,
            0.2834804314358712
          ],
          [
            77.11316621449846,
            0.5610848295644747
          ],
          [
            76.76502723635551,
            1.0472850765111315
          ],
          [
            76.6361729185064,
            0.791826313118823
          ],
          [
            76.56063325410737,
            0.37488776183596073
          ],
          [
            76.5606303260831,
            0.37488866054920345
          ],
          [
            76.52936917341826,
            0.27293032900973496
          ],
          [
            76.4065805471053,
            0.5251597246673982
          ],
          [
            76.18710559060644,
            0.6447797988325686
          ],
          [
            76.13012773520899,
            0.38705650792305774
          ],
          [
            76.11851966670051,
            0.2455463642874448
          ],
          [
            76.11851924297432,
            0.24554725794127744
          ],
          [
            75.4091667753255,
            0.5187130285879891
          ],
          [
            75.05963229167881,
            1.0071876459419773
          ],
          [
            74.53099736303943,
            1.452966068146574
          ],
          [
            74.19690858803651,
            1.6565338337702646
          ],
          [
            74.19690714939722,
            1.6565335233366394
          ],
          [
            74.50338062628056,
            0.7465788478268715
          ],
          [
            72.81132227397491,
            0.15113606115469183
          ],
          [
            71.23015110615759,
            -0.5055403582964867
          ],
          [
            71.68620389058486,
            -1.4456856069091293
          ],
          [
            71.90999129654895,
            -1.565525817032814
          ],
          [
            71.42684602110947,
            -2.015802052203391
          ],
          [
            70.62797462327231,
            -2.346189313642055
          ],
          [
            69.79764884854094,
            -2.656266502800372
          ],
          [
            70.253392401635,
            -2.8635960590783913
          ],
          [
            70.25339330998221,
            -2.8635944385691023
          ],
          [
            69.33163722938235,
            -3.099522150518418
          ],
          [
            68.31756461065153,
            -3.207034294428609
          ],
          [
            67.27915786469904,
            -3.2213238414398933
          ],
          [
            66.73774137428671,
            -3.489567627548099
          ],
          [
            66.75063430501072,
            -3.503931033004242
          ],
          [
            65.38907252400612,
            -4.6045334012598005
          ],
          [
            63.79887021545716,
            -5.62662239970282
          ],
          [
            62.08610129283449,
            -6.596863179245576
          ],
          [
            60.23758774393794,
            -7.501443667049258
          ],
          [
            60.13411543331867,
            -7.54651198455113
          ],
          [
            58.85441184847372,
            -7.967131821505957
          ],
          [
            58.14903139037927,
            -8.65016501881335
          ],
          [
            57.51115058202019,
            -9.349277474211373
          ],
          [
            56.20793080871401,
            -9.728913783337319
          ],
          [
            54.93926565464275,
            -9.717274867679798
          ],
          [
            54.93926733686123,
            -9.71727523625839
          ],
          [
            54.412494043011236,
            -10.429310788914727
          ],
          [
            52.927089440388784,
            -10.587876965197957
          ],
          [
            51.83145111076547,
            -11.109190615088359
          ],
          [
            51.484106944050815,
            -11.446758954377344
          ],
          [
            51.576882362450675,
            -12.207154673560158
          ],
          [
            51.80845698598776,
            -12.95871957265829
          ],
          [
            52.087153707302065,
            -13.704332121321512
          ],
          [
            52.27758470550414,
            -14.453244111311687
          ],
          [
            51.97230450000421,
            -14.768584249479003
          ],
          [
            52.6516911866288,
            -15.952898092096035
          ],
          [
            52.13252349419103,
            -17.168399891378076
          ],
          [
            51.41019081582941,
            -18.355321278303673
          ],
          [
            51.430584225804665,
            -19.568255348078416
          ],
          [
            51.87052349384711,
            -19.98519164704765
          ],
          [
            51.174675475045944,
            -20.571631058930823
          ],
          [
            49.91355080810007,
            -20.99827997702516
          ],
          [
            49.19281186045581,
            -21.62263895308297
          ],
          [
            49.49053820227579,
            -22.31378221848868
          ],
          [
            49.49054092224288,
            -22.31378273447027
          ],
          [
            49.78010559430396,
            -22.439309264090916
          ],
          [
            48.257799385917544,
            -22.591178756370237
          ],
          [
            46.86883531421619,
            -22.907478491851244
          ],
          [
            46.20918144839519,
            -23.527224093826593
          ],
          [
            46.34518721688264,
            -23.854342030278165
          ],
          [
            44.61261214598535,
            -24.322879612533775
          ],
          [
            42.794783860154226,
            -23.918339366936674
          ],
          [
            41.55019910503119,
            -23.15917209074571
          ],
          [
            40.64752905634406,
            -22.297528585694394
          ],
          [
            40.413544014209585,
            -21.513573284742456
          ],
          [
            40.41354793938597,
            -21.513572476927063
          ],
          [
            40.481313250235445,
            -21.507860974171887
          ],
          [
            40.063787518323636,
            -21.064836505050074
          ],
          [
            39.641004853747155,
            -20.621571280389258
          ],
          [
            39.219316392349725,
            -20.1767850253048
          ],
          [
            39.18533746226894,
            -20.140549659395322
          ],
          [
            37.936771508822126,
            -18.79710138810375
          ],
          [
            36.3851993298997,
            -17.513458362101737
          ],
          [
            34.9278237724804,
            -16.196480102019468
          ],
          [
            33.98529063333813,
            -14.769712780667074
          ],
          [
            33.89233021911686,
            -14.456608998963945
          ],
          [
            33.39783435481484,
            -13.740724521554581
          ],
          [
            32.744983578324614,
            -13.053072544775137
          ],
          [
            31.989174625890094,
            -12.388721372740665
          ],
          [
            31.21739268574361,
            -11.72701399460669
          ],
          [
            30.695322976178712,
            -11.221259612052195
          ],
          [
            30.695324744664788,
            -11.221259580967871
          ],
          [
            29.457386694719858,
            -10.103104146601094
          ],
          [
            28.634236672720853,
            -8.889670041214073
          ],
          [
            28.001172737052265,
            -7.643940356478149
          ],
          [
            27.338668392659677,
            -6.398489954184484
          ],
          [
            26.773999341268116,
            -5.640987093133666
          ],
          [
            26.810172221669838,
            -5.125172130264546
          ],
          [
            26.647310386175352,
            -4.614661188184783
          ],
          [
            26.527792475886834,
            -4.10493655664689
          ],
          [
            26.527790843145404,
            -4.104937947436113
          ],
          [
            25.910245609938926,
            -3.4732694143839487
          ],
          [
            25.830713689737987,
            -2.6967618934128628
          ],
          [
            25.781383363081275,
            -1.9189863602532797
          ],
          [
            25.63192551653048,
            -1.144567890507155
          ],
          [
            25.243875873881123,
            -0.6234952293716574
          ],
          [
            25.243875440005795,
            -0.6234955779425885
          ],
          [
            24.88266988965761,
            -0.2675549482067889
          ],
          [
            25.490035908634972,
            0.1527799815688927
          ],
          [
            25.909028507127417,
            0.5748297539599404
          ],
          [
            24.90823697770785,
            0.45318611412229665
          ],
          [
            24.82004513392567,
            0.43648374749911095
          ],
          [
            24.46099728627727,
            0.9066508373644953
          ],
          [
            24.665763931926982,
            1.4123124042314479
          ],
          [
            23.73121926889282,
            1.5464951957010191
          ],
          [
            23.223153266761855,
            1.5304139907904772
          ],
          [
            23.04893204818287,
            0.7730516539374933
          ],
          [
            23.256866332745915,
            0.002416373443897688
          ],
          [
            22.644203736061137,
            -0.6877823954730988
          ],
          [
            21.416380905000203,
            -1.038662824946626
          ],
          [
            21.41638061955591,
            -1.0386642761167084
          ],
          [
            19.001339695632332,
            -1.3553442064560675
          ],
          [
            16.695068625471556,
            -0.7810190116497088
          ],
          [
            14.82742634346252,
            0.11772285850456132
          ],
          [
            13.377139319681586,
            1.1907783655528537
          ],
          [
            13.134429957730095,
            1.7185523619666458
          ],
          [
            14.638470140849616,
            1.6625940113319357
          ],
          [
            15.986457096395405,
            2.044792206537694
          ],
          [
            17.012490624514907,
            2.6245823051581314
          ],
          [
            16.119620830388204,
            2.7995513275801067
          ],
          [
            14.99420510917776,
            2.480600557010953
          ],
          [
            14.994205426338109,
            2.4806004461994102
          ],
          [
            13.457483963258294,
            2.4783585996547894
          ],
          [
            12.086411699336555,
            2.838273344173539
          ],
          [
            11.022873960803757,
            3.402773057751866
          ],
          [
            10.501553542546262,
            4.120472153226524
          ],
          [
            10.916313845603742,
            4.369633032310054
          ],
          [
            10.53773757303697,
            4.1923183468901595
          ],
          [
            10.133885416359355,
            4.029660513435207
          ],
          [
            9.657153777649238,
            3.949198603543894
          ],
          [
            9.504797878475607,
            4.1804148914658175
          ],
          [
            9.529718752329511,
            4.297691321931614
          ],
          [
            9.529718466885203,
            4.297692304091811
          ],
          [
            9.529588558009213,
            4.297630173925024
          ]
        ]
      }
    },
    {
      "type": "Feature",
      "properties": {
        "stroke": "rgb(153, 153, 153)",
        "fill": "rgb(153, 255, 255)"
      },
      "geometry": {
        "type": "LineString",
        "coordinates": [
          [
            51.708402412972276,
            -22.663611576312633
          ],
          [
            52.08973063507885,
            -22.820867051272714
          ],
          [
            52.334562560901574,
            -22.893634006627405
          ],
          [
            52.33456319522226,
            -22.89363479486183
          ],
          [
            52.045082387967405,
            -22.702575721446035
          ],
          [
            51.70840082717058,
            -22.663611137665747
          ],
          [
            51.708402412972276,
            -22.663611576312633
          ]
        ]
      }
    },
    {
      "type": "Feature",
      "properties": {
        "stroke": "rgb(153, 153, 153)",
        "fill": "rgb(153, 255, 255)"
      },
      "geometry": {
        "type": "LineString",
        "coordinates": [
          [
            52.176074366519984,
            -25.235152112784924
          ],
          [
            52.353996560843015,
            -26.166740200513043
          ],
          [
            52.80207276267498,
            -27.072246503224687
          ],
          [
            53.776199036360964,
            -27.87632416776524
          ],
          [
            55.274662716055445,
            -28.03358203147808
          ],
          [
            55.27466087652546,
            -28.03358222728216
          ],
          [
            56.2457046054178,
            -27.87061641249007
          ],
          [
            57.175031980829985,
            -27.66549160034325
          ],
          [
            58.03290313124333,
            -27.406568813454317
          ],
          [
            58.73329624296359,
            -27.068038420807877
          ],
          [
            58.80558412581058,
            -27.014175307809012
          ],
          [
            59.1705572771415,
            -26.581710036195673
          ],
          [
            59.29567703196638,
            -26.120903440752834
          ],
          [
            59.133734961463006,
            -25.661846568351486
          ],
          [
            58.9084719555911,
            -25.461551739778184
          ],
          [
            58.624502316730876,
            -25.282658704935727
          ],
          [
            58.36098964677842,
            -25.08017449119804
          ],
          [
            58.19033359588515,
            -24.96644649241708
          ],
          [
            58.19033568914339,
            -24.96644545817805
          ],
          [
            58.45531313241827,
            -24.961569671461472
          ],
          [
            58.16724432300491,
            -24.765716408833264
          ],
          [
            57.885827951760035,
            -24.59002572400693
          ],
          [
            57.885829283833445,
            -24.590024715442762
          ],
          [
            57.66353026821944,
            -24.37692997582446
          ],
          [
            57.512982182993866,
            -24.15049528614641
          ],
          [
            57.37593719931876,
            -23.921811946535577
          ],
          [
            57.19062834063611,
            -23.70018795265852
          ],
          [
            57.18795626475678,
            -23.697652529456256
          ],
          [
            57.18795880203949,
            -23.697651107574195
          ],
          [
            56.70810852568885,
            -23.725510463458157
          ],
          [
            56.52957896931135,
            -23.63987217004891
          ],
          [
            56.529580618545126,
            -23.639873476436264
          ],
          [
            56.454332678228454,
            -23.25260907756214
          ],
          [
            55.89805722580459,
            -22.849186367303574
          ],
          [
            55.45861571427707,
            -22.52555452250646
          ],
          [
            55.45861184492088,
            -22.52555592758468
          ],
          [
            54.843078851995074,
            -22.140267551734492
          ],
          [
            54.13379732169696,
            -21.788514526993186
          ],
          [
            53.32590271213667,
            -21.48729479814152
          ],
          [
            53.023599873449186,
            -21.473462697638933
          ],
          [
            53.46835527963879,
            -21.59283695250656
          ],
          [
            53.82185426755752,
            -21.76953336668885
          ],
          [
            53.93296346428508,
            -21.822376411282395
          ],
          [
            53.93296200534749,
            -21.822374881481355
          ],
          [
            53.529329355342426,
            -21.671052258025668
          ],
          [
            53.12864483757815,
            -21.51754597226012
          ],
          [
            52.66081747546299,
            -21.418078240381107
          ],
          [
            52.21235275221236,
            -21.51496631740343
          ],
          [
            52.20984718551245,
            -21.516458837581354
          ],
          [
            52.2098506742762,
            -21.516458601727525
          ],
          [
            52.6059725233639,
            -21.668449567740296
          ],
          [
            53.06520484021733,
            -21.78086350882347
          ],
          [
            53.17949356937106,
            -21.822376411282395
          ],
          [
            53.17949052463176,
            -21.822374881481355
          ],
          [
            53.62481840523826,
            -21.797423034477653
          ],
          [
            54.079570832264295,
            -21.913135385067303
          ],
          [
            54.46350928398356,
            -22.068707725389796
          ],
          [
            54.463509854872186,
            -22.068707402338124
          ],
          [
            53.979308519224965,
            -21.983715952937033
          ],
          [
            53.474294107038276,
            -21.927221228561148
          ],
          [
            52.96040713429082,
            -21.89392450336735
          ],
          [
            52.958646894394036,
            -21.8939355300609
          ],
          [
            52.95864543545646,
            -21.893934706734473
          ],
          [
            52.88092675264541,
            -22.09416777518106
          ],
          [
            52.81782770265198,
            -22.128360559821022
          ],
          [
            52.817824213888215,
            -22.128359972702597
          ],
          [
            52.8199923219845,
            -22.360370360141555
          ],
          [
            52.858844463850275,
            -22.59699376818936
          ],
          [
            52.78508882637365,
            -22.678940989648133
          ],
          [
            52.785087177139886,
            -22.678942539360552
          ],
          [
            52.42040993640785,
            -23.124575411732586
          ],
          [
            52.276157483966216,
            -23.59620252240658
          ],
          [
            52.23201669340157,
            -24.07063571740278
          ],
          [
            52.21335973629746,
            -24.5437348846996
          ],
          [
            52.210370309780174,
            -24.58199836218252
          ],
          [
            51.897119159527165,
            -24.411891436069777
          ],
          [
            51.91184332839343,
            -24.17604762578972
          ],
          [
            51.927685487464416,
            -24.054684596967064
          ],
          [
            51.927688595635765,
            -24.05468369988683
          ],
          [
            51.78163315008329,
            -24.51197097954771
          ],
          [
            52.04823813336794,
            -24.96740890553177
          ],
          [
            52.17607753812341,
            -25.235150822823215
          ],
          [
            52.17607436652,
            -25.235152112784924
          ]
        ]
      }
    },
    {
      "type": "Feature",
      "properties": {
        "stroke": "rgb(153, 153, 153)",
        "fill": "rgb(153, 255, 255)"
      },
      "geometry": {
        "type": "LineString",
        "coordinates": [
          [
            52.14489623628347,
            -21.634511048539594
          ],
          [
            52.45823923617145,
            -21.750538657100826
          ],
          [
            52.45823644516042,
            -21.750538127288863
          ],
          [
            52.14489274751971,
            -21.634510901250994
          ],
          [
            52.14489623628347,
            -21.634511048539594
          ]
        ]
      }
    },
    {
      "type": "Feature",
      "properties": {
        "stroke": "rgb(153, 153, 153)",
        "fill": "rgb(255, 221, 85)"
      },
      "geometry": {
        "type": "LineString",
        "coordinates": [
          [
            1.146828608418673,
            33.02488706451378
          ],
          [
            0.9108904294675639,
            32.600666374654296
          ],
          [
            0.4509187325673949,
            32.211512225501664
          ],
          [
            -0.4876756715806252,
            32.079845860020114
          ],
          [
            -0.9420021903269316,
            32.14767217154372
          ],
          [
            -1.9518543183307102,
            32.212894424924876
          ],
          [
            -2.6328233413702122,
            31.91366742477442
          ],
          [
            -2.388443369034512,
            31.498621671493225
          ],
          [
            -1.5101708796373572,
            31.280484982163728
          ],
          [
            -1.5101716503369857,
            31.280484995197664
          ],
          [
            -0.5010162284559669,
            31.215722926271056
          ],
          [
            0.122102748246256,
            30.87000666446679
          ],
          [
            0.42943706616946997,
            30.443623721402997
          ],
          [
            0.7745075180058834,
            30.021220474993683
          ],
          [
            1.2446243813381344,
            29.751058868327654
          ],
          [
            1.2446240102605444,
            29.75105890168722
          ],
          [
            0.8110106910904804,
            29.341778002877245
          ],
          [
            0.32829066867748935,
            28.94052580865801
          ],
          [
            0.1748623710982713,
            28.496472004209046
          ],
          [
            0.5234215866940559,
            28.16983813758876
          ],
          [
            0.5234218943395916,
            28.169838053779234
          ],
          [
            -0.4579854990874921,
            28.31888098986619
          ],
          [
            -1.4705753932205852,
            28.421435403269843
          ],
          [
            -2.4867115364250054,
            28.517128074301013
          ],
          [
            -3.4833264605940073,
            28.64535138665857
          ],
          [
            -3.8290970502280572,
            28.708295878472253
          ],
          [
            -3.8734416099690776,
            29.16174826488309
          ],
          [
            -4.226930686627121,
            29.582547519323626
          ],
          [
            -5.043214187227001,
            29.85235322804678
          ],
          [
            -5.86372979613725,
            29.957390364520503
          ],
          [
            -5.863729865912525,
            29.957390407764088
          ],
          [
            -7.390575361915104,
            30.072522730902367
          ],
          [
            -8.778851592125278,
            30.37600233325535
          ],
          [
            -10.084680009242426,
            30.742263196263977
          ],
          [
            -11.446330628761714,
            31.066097306099905
          ],
          [
            -11.946583075056274,
            31.14738124555714
          ],
          [
            -13.33304812307557,
            31.450600765833762
          ],
          [
            -14.654728610524373,
            31.8021524725478
          ],
          [
            -15.97575099026404,
            32.152824010386986
          ],
          [
            -17.214647672882784,
            32.42788370884637
          ],
          [
            -17.21464781401913,
            32.4278837370996
          ],
          [
            -17.642733853049172,
            32.55174076446983
          ],
          [
            -18.03189553914683,
            32.69645108464729
          ],
          [
            -18.383263606019334,
            32.85715138214278
          ],
          [
            -18.561023057441993,
            32.95002314274057
          ],
          [
            -18.561023404732566,
            32.95002305132838
          ],
          [
            -14.458094154262653,
            33.18590278015655
          ],
          [
            -10.306000442479942,
            33.26839221924123
          ],
          [
            -6.149332683893391,
            33.28170504906944
          ],
          [
            -1.9970020929804448,
            33.205746449995914
          ],
          [
            1.1471923532714285,
            33.02488706451378
          ],
          [
            1.146828608418673,
            33.02488706451378
          ]
        ]
      }
    },
    {
      "type": "Feature",
      "properties": {
        "stroke": "rgb(153, 153, 153)",
        "fill": "rgb(227, 128, 28)"
      },
      "geometry": {
        "type": "LineString",
        "coordinates": [
          [
            11.414826166310384,
            -33.29354979625181
          ],
          [
            11.304040568279515,
            -33.08680204996897
          ],
          [
            10.945593879029321,
            -33.04430289012745
          ],
          [
            10.945595306250862,
            -33.04430039308914
          ],
          [
            11.319149294060185,
            -33.19138550392519
          ],
          [
            11.414824675656781,
            -33.29355297490941
          ],
          [
            11.414826166310384,
            -33.29354979625181
          ]
        ]
      }
    },
    {
      "type": "Feature",
      "properties": {
        "stroke": "none",
        "fill": "rgb(153, 255, 255)"
      },
      "geometry": {
        "type": "LineString",
        "coordinates": [
          [
            38.670747619070326,
            -19.363521898083082
          ],
          [
            41.50560636097954,
            -18.76795389767703
          ],
          [
            44.60174940428002,
            -18.697772250936655
          ],
          [
            47.61217193621094,
            -19.06951939601878
          ],
          [
            50.495777905488566,
            -19.627837060710476
          ],
          [
            51.589925518073535,
            -19.84356314998377
          ],
          [
            51.640560230067805,
            -20.085551519640003
          ],
          [
            51.47744466629992,
            -20.313802659018872
          ],
          [
            51.40670998107858,
            -20.357086310161367
          ],
          [
            51.40670723573868,
            -20.357087962085515
          ],
          [
            50.56464927370204,
            -20.642116623898584
          ],
          [
            49.747358789017085,
            -20.94146475066526
          ],
          [
            49.222006469914945,
            -21.132357192038015
          ],
          [
            49.22200368651579,
            -21.132357588128404
          ],
          [
            49.08879912637515,
            -21.365969053998334
          ],
          [
            48.9315589579384,
            -21.59617396215835
          ],
          [
            48.863345697434056,
            -21.83428703457919
          ],
          [
            49.01552715841973,
            -22.061688519634707
          ],
          [
            49.23010991664695,
            -22.181543440244862
          ],
          [
            49.2301100003773,
            -22.181544919224162
          ],
          [
            48.57095557836422,
            -22.50225533701324
          ],
          [
            47.58358786040969,
            -22.650845919727075
          ],
          [
            46.98507457947174,
            -22.733762061452083
          ],
          [
            46.98507676914676,
            -22.733760652655107
          ],
          [
            48.507251629498086,
            -22.73672567687818
          ],
          [
            47.61428018369344,
            -22.9814882786988
          ],
          [
            46.7213087378888,
            -23.225808248917087
          ],
          [
            45.79479560386682,
            -23.88197125523072
          ],
          [
            44.9733186026706,
            -24.15144591026913
          ],
          [
            43.95412384442032,
            -24.112471755658852
          ],
          [
            43.17152277211551,
            -23.8317953171884
          ],
          [
            43.17152376926764,
            -23.831796163640984
          ],
          [
            42.413557129357,
            -23.507715338862784
          ],
          [
            41.811261711343555,
            -23.11998880582885
          ],
          [
            41.345828909808695,
            -22.692664760722028
          ],
          [
            40.941504977122705,
            -22.32042239171419
          ],
          [
            40.94150800410102,
            -22.320423165649768
          ],
          [
            40.770571410930394,
            -22.093477742083248
          ],
          [
            40.637165842177005,
            -21.8609324956833
          ],
          [
            40.60056553873775,
            -21.62119908164213
          ],
          [
            40.51785012160636,
            -21.385785125054607
          ],
          [
            40.452435801118064,
            -21.319007693052267
          ],
          [
            40.45243226414594,
            -21.319007781617103
          ],
          [
            38.670747619070326,
            -19.363521898083082
          ]
        ]
      }
    },
    {
      "type": "Feature",
      "properties": {
        "stroke": "rgb(153, 153, 153)",
        "fill": "none"
      },
      "geometry": {
        "type": "LineString",
        "coordinates": [
          [
            -20.27722358360144,
            23.00814217386753
          ],
          [
            -20.10999749494019,
            23.233553077725627
          ],
          [
            -19.86596045222401,
            23.4439176085269
          ],
          [
            -19.624259493650115,
            23.65444664974511
          ],
          [
            -19.56750563274405,
            23.87681281545532
          ],
          [
            -19.567505412317615,
            23.876812758223707
          ],
          [
            -19.046574727031278,
            24.268097041292823
          ],
          [
            -19.042647885549847,
            24.739452349317606
          ],
          [
            -19.09660082418774,
            25.20915486817466
          ],
          [
            -18.603717795073415,
            25.58292694339089
          ],
          [
            -18.331136657788676,
            25.59969273639455
          ],
          [
            -17.434170203432934,
            25.38271953349147
          ],
          [
            -16.405477484072975,
            25.31698743218135
          ],
          [
            -15.544225602641674,
            25.08047137978858
          ],
          [
            -15.361991351815114,
            24.86758367928118
          ],
          [
            -14.426250264823729,
            25.072322378777333
          ],
          [
            -13.530842196836865,
            25.309628641751264
          ],
          [
            -12.922716975291408,
            25.675769563941447
          ],
          [
            -13.296960231813458,
            26.082032118992437
          ],
          [
            -13.29695985915005,
            26.082031932559826
          ],
          [
            -12.263249441171183,
            26.119869772624128
          ],
          [
            -11.267721782298786,
            26.251106573130983
          ],
          [
            -10.345324360354084,
            26.46390536781942
          ],
          [
            -9.538089840755084,
            26.754813947658928
          ],
          [
            -9.09399201896008,
            26.99324236038277
          ],
          [
            -9.09399201261688,
            26.993242413328673
          ],
          [
            -9.10643858012208,
            27.45485833681486
          ],
          [
            -8.992932840562084,
            27.910999973823582
          ],
          [
            -8.480421550797004,
            28.298423615609735
          ],
          [
            -7.4839136682433605,
            28.376811136546685
          ],
          [
            -7.164689313581434,
            28.346414437205826
          ],
          [
            -6.526614732939954,
            28.68983734592584
          ],
          [
            -5.733071628844371,
            28.846750190049324
          ],
          [
            -5.311617073198988,
            28.70025798012326
          ],
          [
            -5.311617142974264,
            28.70025796969944
          ],
          [
            -4.298729841245496,
            28.603441683860776
          ],
          [
            -3.2616135414335545,
            28.575508752147012
          ],
          [
            -2.2264794937576298,
            28.537645684564048
          ],
          [
            -1.2331907886728501,
            28.409187984010394
          ],
          [
            -0.9130584927573651,
            28.32980285153909
          ],
          [
            0.08550244480699831,
            28.283301803432458
          ],
          [
            0.9575248932193006,
            28.03470986579704
          ],
          [
            1.9156107826207034,
            28.030718577273678
          ],
          [
            2.246948191658838,
            28.220032630959583
          ],
          [
            2.246948933814039,
            28.220032678708588
          ],
          [
            3.1767176092973557,
            28.421704745651283
          ],
          [
            4.189164781276666,
            28.39743657746426
          ],
          [
            4.93289190694221,
            28.168494557512997
          ],
          [
            4.9328928901392715,
            28.16849466115875
          ],
          [
            5.1887332611283234,
            28.60258092188889
          ],
          [
            5.634751885243119,
            28.979504012279182
          ],
          [
            6.38277851579166,
            28.93683901969664
          ],
          [
            6.382779873237922,
            28.9368390861883
          ],
          [
            6.87750107488819,
            28.86947160212931
          ],
          [
            7.36214982862953,
            28.921527779081643
          ],
          [
            7.481869928635913,
            29.135739165878615
          ],
          [
            7.353495315803713,
            29.35443633637983
          ],
          [
            7.163270471823765,
            29.517270695352522
          ],
          [
            7.163272400158643,
            29.51727069942012
          ],
          [
            7.555474914950189,
            29.92868479298216
          ],
          [
            8.352728795044381,
            30.21109326922599
          ],
          [
            9.356628495813215,
            30.301775791131444
          ],
          [
            10.193119074687576,
            30.067671708535617
          ],
          [
            10.37441189054266,
            29.712223982569085
          ],
          [
            10.374411960317929,
            29.71222397561937
          ],
          [
            10.590255361128392,
            29.52156776732806
          ],
          [
            11.088149523642532,
            29.460189845059165
          ],
          [
            11.554688421869287,
            29.37006585331522
          ],
          [
            11.63934248158968,
            29.154387973300075
          ],
          [
            11.553463390049227,
            29.018506072144138
          ],
          [
            11.553464918762074,
            29.018506123341805
          ],
          [
            11.549613856401109,
            28.340139375303067
          ],
          [
            12.146192459254305,
            27.71218201467659
          ],
          [
            13.526743852890451,
            27.595999469374526
          ],
          [
            14.14353612461002,
            27.83758241362226
          ],
          [
            15.117191960704286,
            27.976075456149445
          ],
          [
            15.882143059990081,
            28.284631075987637
          ],
          [
            16.634130230306372,
            28.598811310018952
          ],
          [
            17.593005056057905,
            28.754556259834416
          ],
          [
            18.165982964979783,
            28.721530807828106
          ],
          [
            18.165982597073782,
            28.721530896342994
          ],
          [
            18.542487971189026,
            28.574616452567373
          ],
          [
            18.751928767375446,
            28.369588724739298
          ],
          [
            19.246342095138758,
            28.406266641751188
          ],
          [
            19.440023986843904,
            28.449597022803097
          ],
          [
            19.440024925638504,
            28.44959704397908
          ],
          [
            20.338519412532612,
            28.654484640672457
          ],
          [
            21.371621651769125,
            28.640748935129952
          ],
          [
            22.093914685088002,
            28.38220578631223
          ],
          [
            22.064392074746614,
            28.35488603103061
          ],
          [
            21.565323365995624,
            28.39795556499485
          ],
          [
            21.130084228996445,
            28.284803093152192
          ],
          [
            21.257416177205116,
            28.09130950374553
          ],
          [
            21.553988848281932,
            28.038664513271346
          ],
          [
            21.55399049370978,
            28.038664581379972
          ],
          [
            20.109719941985926,
            27.79415496509623
          ],
          [
            18.554904798568987,
            27.762353620739514
          ],
          [
            16.99647799176024,
            27.773557437727497
          ],
          [
            15.459935248533021,
            27.67055145836009
          ],
          [
            15.423850453707317,
            27.665538342189212
          ],
          [
            14.513929203648456,
            27.44320023944959
          ],
          [
            13.610930101106739,
            27.215034339569115
          ],
          [
            12.778404026504411,
            26.939425418097546
          ],
          [
            12.13260213860983,
            26.57885337637956
          ],
          [
            11.931484158814683,
            26.370798616556925
          ],
          [
            12.693757895792569,
            26.055385501718458
          ],
          [
            13.301829596530343,
            25.677489463428877
          ],
          [
            13.699247362774475,
            25.245963177210683
          ],
          [
            13.719505979604488,
            24.78039152025257
          ],
          [
            13.705727623473866,
            24.75788859064855
          ],
          [
            13.195755320228244,
            24.349895047534563
          ],
          [
            12.569514296411803,
            23.97254974538094
          ],
          [
            12.688516821144955,
            23.540352555430726
          ],
          [
            13.110692916567835,
            23.39235005393876
          ],
          [
            13.110693007910005,
            23.392349932070694
          ],
          [
            12.778741009367529,
            22.957089355725195
          ],
          [
            11.79401365125818,
            22.83846920157724
          ],
          [
            10.75824726515086,
            22.875488804965105
          ],
          [
            9.72677840167442,
            22.859382542442457
          ],
          [
            9.390050836135693,
            22.725734487807614
          ],
          [
            10.20100843818889,
            22.43101791635057
          ],
          [
            10.731427393750657,
            22.0209045223639
          ],
          [
            10.721746074318393,
            21.55314237332285
          ],
          [
            9.840361449067721,
            21.335057344860335
          ],
          [
            9.347025016409304,
            21.335132854627343
          ],
          [
            8.781799163396304,
            20.970850646724788
          ],
          [
            8.754816747320952,
            20.48562316045782
          ],
          [
            8.475699788553825,
            20.03071797043002
          ],
          [
            8.47570020339954,
            20.03071764322277
          ],
          [
            8.812349633316472,
            19.57790538009897
          ],
          [
            8.607971509085417,
            19.10192610107134
          ],
          [
            7.903169868614675,
            18.759686336257612
          ],
          [
            6.989407136974432,
            18.92639833133791
          ],
          [
            6.839471928587329,
            19.01592489882492
          ],
          [
            5.8160129850640345,
            18.99259469088163
          ],
          [
            4.861419823926283,
            18.800901966085636
          ],
          [
            4.007911610464294,
            18.521930890866614
          ],
          [
            3.8043329136131554,
            18.424754490136078
          ],
          [
            3.9353889338162737,
            18.09463769635359
          ],
          [
            2.903569211711755,
            18.048911765619476
          ],
          [
            1.8658304847291163,
            18.07273603867216
          ],
          [
            1.535916084705235,
            18.090303545001234
          ],
          [
            0.82167520758221,
            17.733335772655785
          ],
          [
            0.3595646606272993,
            17.29228560108272
          ],
          [
            0.2092425521452057,
            16.802915640985045
          ],
          [
            0.31560029050276484,
            16.308701762862587
          ],
          [
            0.387001985489718,
            16.155790033190318
          ],
          [
            0.18685896102540056,
            15.480780271883098
          ],
          [
            -1.2614279703502973,
            15.219581665714895
          ],
          [
            -2.796057840266265,
            15.087666148868099
          ],
          [
            -3.5102123305240482,
            14.994876486233393
          ],
          [
            -4.544854195460893,
            15.014989843295973
          ],
          [
            -5.567260202171504,
            14.926998107700973
          ],
          [
            -6.584841407183077,
            14.825657857903899
          ],
          [
            -7.620445248615226,
            14.812170315800723
          ],
          [
            -8.385328951328397,
            14.909576106883625
          ],
          [
            -8.385328701406053,
            14.909576568681985
          ],
          [
            -9.929412181681002,
            14.807438754461263
          ],
          [
            -11.486447447490264,
            14.787634393397152
          ],
          [
            -13.024288565866563,
            14.90173833013901
          ],
          [
            -14.250974575327497,
            15.136091114986963
          ],
          [
            -14.250974269902088,
            15.136091108868824
          ],
          [
            -15.207035594171963,
            15.325353410285127
          ],
          [
            -16.201748547416464,
            15.469086775688437
          ],
          [
            -16.41327269059783,
            15.848206475366784
          ],
          [
            -16.090795735158736,
            15.993624091620841
          ],
          [
            -15.198600120207175,
            16.606346303901837
          ],
          [
            -14.501223996237933,
            17.270878871780262
          ],
          [
            -14.500684823656933,
            17.991339443311908
          ],
          [
            -15.620551230012623,
            18.34055432321535
          ],
          [
            -15.62055158586653,
            18.340554133708974
          ],
          [
            -17.11228813708356,
            18.48817446357162
          ],
          [
            -17.925664664925975,
            19.102111387004268
          ],
          [
            -18.283678232084462,
            19.816509973147472
          ],
          [
            -18.756042969338942,
            20.51100727835031
          ],
          [
            -18.858868082881983,
            20.595815554118293
          ],
          [
            -19.340225558459615,
            21.010779385902975
          ],
          [
            -19.184814017618322,
            21.48632078123955
          ],
          [
            -18.952624895919072,
            21.954777933105515
          ],
          [
            -19.019794002097747,
            22.098993854570946
          ],
          [
            -19.92155667788264,
            22.304766908322286
          ],
          [
            -20.283514431228753,
            22.747587192188995
          ],
          [
            -20.27736399841374,
            23.00814231971338
          ],
          [
            -20.277363885187512,
            23.00814217386753
          ],
          [
            -20.27722358360144,
            23.00814217386753
          ]
        ]
      }
    },
    {
      "type": "Feature",
      "properties": {
        "stroke": "none",
        "fill": "rgb(0, 0, 0)"
      },
      "geometry": {
        "type": "LineString",
        "coordinates": [
          [
            33.20937847264106,
            4.087912482978094
          ],
          [
            33.06869328114339,
            3.84227612979006
          ],
          [
            32.67222303142027,
            3.681945478831776
          ],
          [
            32.16448896930298,
            3.686596278833199
          ],
          [
            32.041680520468695,
            3.7182835284946827
          ],
          [
            32.04167956411565,
            3.7182831587009915
          ],
          [
            31.718585315812078,
            3.915790868143499
          ],
          [
            31.652445491042005,
            4.087913036144668
          ],
          [
            31.65244657573037,
            4.087912482978094
          ],
          [
            31.7931338541431,
            4.3334747026862885
          ],
          [
            32.189604103866216,
            4.493675120270923
          ],
          [
            32.69733816598351,
            4.48902899995718
          ],
          [
            32.820146614817794,
            4.457372200221507
          ],
          [
            32.82014548425579,
            4.457371463874131
          ],
          [
            33.14323785497014,
            4.259996282404414
          ],
          [
            33.20937767974021,
            4.087913036144668
          ],
          [
            33.20937847264106,
            4.087912482978094
          ],
          [
            33.20937847264106,
            4.087912482978094
          ]
        ]
      }
    },
    {
      "type": "Feature",
      "properties": {
        "stroke": "none",
        "fill": "rgb(0, 0, 0)"
      },
      "geometry": {
        "type": "LineString",
        "coordinates": [
          [
            61.550298857631645,
            4.808990212994605
          ],
          [
            61.4096141418745,
            4.563588431341443
          ],
          [
            61.01314785665565,
            4.4034051973866575
          ],
          [
            60.505413794538356,
            4.40804790835066
          ],
          [
            60.3826013811998,
            4.439706828297695
          ],
          [
            60.38259999629824,
            4.4397075829691754
          ],
          [
            60.059518070056,
            4.637038543754877
          ],
          [
            59.993366351773105,
            4.8089895972121965
          ],
          [
            59.99336696072096,
            4.808990212994605
          ],
          [
            60.13405867937847,
            5.054302368389583
          ],
          [
            60.530524964597305,
            5.214332599860677
          ],
          [
            61.03825902671461,
            5.209695382166758
          ],
          [
            61.161063511044624,
            5.178072236568964
          ],
          [
            61.16106582205438,
            5.1780727135870785
          ],
          [
            61.48414682218842,
            4.9808992198200555
          ],
          [
            61.55029854047132,
            4.8089895972121965
          ],
          [
            61.550298857631645,
            4.808990212994605
          ],
          [
            61.550298857631645,
            4.808990212994605
          ]
        ]
      }
    },
    {
      "type": "Feature",
      "properties": {
        "stroke": "none",
        "fill": "rgb(0, 0, 0)"
      },
      "geometry": {
        "type": "LineString",
        "coordinates": [
          [
            36.706525414169974,
            5.513284411065837
          ],
          [
            36.56583800254991,
            5.268148242694434
          ],
          [
            36.16936775282679,
            5.108127643568827
          ],
          [
            35.6616336907095,
            5.112773494836523
          ],
          [
            35.538825241875216,
            5.144397923196726
          ],
          [
            35.53882650564456,
            5.144397001772071
          ],
          [
            35.215734001722865,
            5.341518160941864
          ],
          [
            35.1495941769528,
            5.513283543618401
          ],
          [
            35.14959351725929,
            5.513284411065837
          ],
          [
            35.290278575549614,
            5.758319624594038
          ],
          [
            35.68674882527274,
            5.918163096776431
          ],
          [
            36.194482887390016,
            5.913527484865018
          ],
          [
            36.317291336224315,
            5.88194203665187
          ],
          [
            36.31729242578469,
            5.881942720507614
          ],
          [
            36.64038654088093,
            5.685003179831248
          ],
          [
            36.706526365650994,
            5.513283543618401
          ],
          [
            36.706525414169974,
            5.513284411065837
          ],
          [
            36.706525414169974,
            5.513284411065837
          ]
        ]
      }
    },
    {
      "type": "Feature",
      "properties": {
        "stroke": "none",
        "fill": "rgb(0, 0, 0)"
      },
      "geometry": {
        "type": "LineString",
        "coordinates": [
          [
            36.63897279865753,
            12.51558109365874
          ],
          [
            36.498286814259004,
            12.275094306523275
          ],
          [
            36.10181656453588,
            12.11804412235516
          ],
          [
            35.59407853791433,
            12.122598731121855
          ],
          [
            35.4712740535843,
            12.153644294863616
          ],
          [
            35.47127389013212,
            12.153644583172717
          ],
          [
            35.14818281343196,
            12.347085378427124
          ],
          [
            35.082039024157616,
            12.515580985378906
          ],
          [
            35.08204090174684,
            12.51558109365874
          ],
          [
            35.222723422754434,
            12.75584380853908
          ],
          [
            35.61919367247756,
            12.912504587601513
          ],
          [
            36.12693169909912,
            12.90796582666782
          ],
          [
            36.24974014793341,
            12.877010864458105
          ],
          [
            36.249739810272246,
            12.877010793207981
          ],
          [
            36.57283535259002,
            12.683966670330545
          ],
          [
            36.63897121285582,
            12.515580985378906
          ],
          [
            36.63897279865753,
            12.51558109365874
          ],
          [
            36.63897279865753,
            12.51558109365874
          ]
        ]
      }
    },
    {
      "type": "Feature",
      "properties": {
        "stroke": "none",
        "fill": "rgb(0, 0, 0)"
      },
      "geometry": {
        "type": "LineString",
        "coordinates": [
          [
            34.74905847082088,
            14.16751727962022
          ],
          [
            34.60837194724978,
            13.9286551794143
          ],
          [
            34.21190566203092,
            13.772650283142319
          ],
          [
            33.70416763540936,
            13.777176674458769
          ],
          [
            33.58135918657508,
            13.808014588105262
          ],
          [
            33.58135956229546,
            13.80801464369417
          ],
          [
            33.25826398191846,
            14.000161062425772
          ],
          [
            33.19212812165266,
            14.167517402525275
          ],
          [
            33.1921265739102,
            14.16751727962022
          ],
          [
            33.33281648475375,
            14.406128514628927
          ],
          [
            33.72928276997259,
            14.561700676660772
          ],
          [
            34.237020796594166,
            14.557187986709554
          ],
          [
            34.35982528092418,
            14.52645169913654
          ],
          [
            34.3598254824356,
            14.52645139830674
          ],
          [
            34.68291652107652,
            14.334748515396731
          ],
          [
            34.74906031035086,
            14.167517402525275
          ],
          [
            34.74905847082088,
            14.16751727962022
          ],
          [
            34.74905847082088,
            14.16751727962022
          ]
        ]
      }
    },
    {
      "type": "Feature",
      "properties": {
        "stroke": "none",
        "fill": "rgb(0, 0, 0)"
      },
      "geometry": {
        "type": "LineString",
        "coordinates": [
          [
            13.629512684110711,
            8.0821055556622
          ],
          [
            13.48882733403287,
            7.83825179044743
          ],
          [
            13.092357084309754,
            7.679045805568163
          ],
          [
            12.584619057688187,
            7.683664418073725
          ],
          [
            12.461814573358172,
            7.715131671001049
          ],
          [
            12.461813747270092,
            7.715131864268294
          ],
          [
            12.138723333205828,
            7.911242452397509
          ],
          [
            12.072579543931482,
            8.08210557134989
          ],
          [
            12.072580787200028,
            8.0821055556622
          ],
          [
            12.213263942528304,
            8.32581206365259
          ],
          [
            12.609734192251423,
            8.484763105070627
          ],
          [
            13.11747618337726,
            8.480153653473764
          ],
          [
            13.240280667707275,
            8.448746009005676
          ],
          [
            13.240279695725441,
            8.448745811325667
          ],
          [
            13.563367943355349,
            8.252894405642373
          ],
          [
            13.629511732629688,
            8.08210557134989
          ],
          [
            13.629512684110711,
            8.0821055556622
          ],
          [
            13.629512684110711,
            8.0821055556622
          ]
        ]
      }
    },
    {
      "type": "Feature",
      "properties": {
        "stroke": "none",
        "fill": "rgb(0, 0, 0)"
      },
      "geometry": {
        "type": "LineString",
        "coordinates": [
          [
            18.311428574627122,
            23.493532247383975
          ],
          [
            18.1707562281233,
            23.267517484162298
          ],
          [
            17.77427012038309,
            23.11982486546416
          ],
          [
            17.26652416475298,
            23.12412003690173
          ],
          [
            17.143731573935785,
            23.15331827409313
          ],
          [
            17.14372966610172,
            23.153318334010148
          ],
          [
            16.82061654675781,
            23.335196630963818
          ],
          [
            16.7544965445091,
            23.49353235637095
          ],
          [
            16.754496677716446,
            23.493532247383975
          ],
          [
            16.895169049593097,
            23.719160350055155
          ],
          [
            17.291655157333306,
            23.8661833273062
          ],
          [
            17.799401112963412,
            23.86191136303017
          ],
          [
            17.922193703780614,
            23.832870137205802
          ],
          [
            17.922195586241862,
            23.832870313123273
          ],
          [
            18.245308730958584,
            23.65167765980988
          ],
          [
            18.311428733207297,
            23.49353235637095
          ],
          [
            18.311428574627122,
            23.493532247383975
          ],
          [
            18.311428574627122,
            23.493532247383975
          ]
        ]
      }
    },
    {
      "type": "Feature",
      "properties": {
        "stroke": "none",
        "fill": "rgb(0, 0, 0)"
      },
      "geometry": {
        "type": "LineString",
        "coordinates": [
          [
            70.97949928806355,
            40.531895241319226
          ],
          [
            71.49913479200546,
            40.531895241319226
          ],
          [
            72.01877029594733,
            40.531895241319226
          ],
          [
            72.53840579988922,
            40.531895241319226
          ],
          [
            73.00353160012452,
            40.33429304737048
          ],
          [
            73.00353160012452,
            40.136110505510274
          ],
          [
            73.00353160012452,
            39.937348289345394
          ],
          [
            73.00353160012452,
            39.738007102316104
          ],
          [
            72.48389609618263,
            39.699128145527865
          ],
          [
            71.96426059224075,
            39.699128145527865
          ],
          [
            71.44462508829886,
            39.699128145527865
          ],
          [
            70.97949928806355,
            39.898581973682695
          ],
          [
            70.97949928806355,
            40.097456971420144
          ],
          [
            70.97949928806355,
            40.29575242946728
          ],
          [
            70.97949928806355,
            40.49346766842506
          ],
          [
            70.97949928806355,
            40.531895241319226
          ]
        ]
      }
    },
    {
      "type": "Feature",
      "properties": {
        "stroke": "none",
        "fill": "rgb(0, 0, 0)"
      },
      "geometry": {
        "type": "LineString",
        "coordinates": [
          [
            -8.825496347730109,
            -7.334514086048572
          ],
          [
            -9.345131851671994,
            -7.334514086048572
          ],
          [
            -9.828957575080054,
            -7.094111637993583
          ],
          [
            -10.486926944483514,
            -6.915655967643659
          ],
          [
            -11.006562448425385,
            -6.915655967643659
          ],
          [
            -11.63158622920605,
            -7.157815446011777
          ],
          [
            -12.280771060351377,
            -7.334514086048572
          ],
          [
            -12.180649033372298,
            -6.854411768647467
          ],
          [
            -11.803457355691421,
            -6.373825383168441
          ],
          [
            -11.426265678010523,
            -5.892788285733816
          ],
          [
            -10.58940945857092,
            -5.487908527294122
          ],
          [
            -8.825496347730109,
            -7.334514086048572
          ],
          [
            -10.208298387269856,
            -6.604748654528223
          ],
          [
            -10.389186797575618,
            -6.362936853505772
          ],
          [
            -10.570075207881374,
            -6.121011194975766
          ],
          [
            -10.898559897439405,
            -6.1618967767721395
          ],
          [
            -11.076289321005952,
            -6.404380102827714
          ],
          [
            -8.825496347730109,
            -7.334514086048572
          ]
        ]
      }
    },
    {
      "type": "Feature",
      "properties": {
        "stroke": "none",
        "fill": "rgb(0, 0, 0)"
      },
      "geometry": {
        "type": "LineString",
        "coordinates": [
          [
            -7.747252677050689,
            -7.334514086048572
          ],
          [
            -8.26688818099258,
            -7.334514086048572
          ],
          [
            -8.460244552009357,
            -6.819260062530782
          ],
          [
            -8.460244552009357,
            -6.303451341025889
          ],
          [
            -7.940609048067465,
            -5.997460695255376
          ],
          [
            -7.492278772257315,
            -6.010063474404122
          ],
          [
            -7.492277927976488,
            -6.010065127101044
          ],
          [
            -7.183998920065228,
            -5.967204025622648
          ],
          [
            -7.183998968907915,
            -5.967203191014554
          ],
          [
            -6.714601614258349,
            -6.034019015018854
          ],
          [
            -6.7146018254871365,
            -6.034018422544962
          ],
          [
            -6.962706700850724,
            -6.223676941769761
          ],
          [
            -7.270264550772197,
            -6.284820083461271
          ],
          [
            -7.270263658917315,
            -6.284818214899924
          ],
          [
            -7.523990841929184,
            -6.325764122483549
          ],
          [
            -7.523991282782063,
            -6.325765828371826
          ],
          [
            -7.687645578278072,
            -6.473779591995089
          ],
          [
            -7.687645288393519,
            -6.47378117647494
          ],
          [
            -7.7413150548605,
            -6.729825976929134
          ],
          [
            -7.747273704781357,
            -6.921974015988695
          ],
          [
            -7.747273462470858,
            -6.921972566350597
          ],
          [
            -7.747252677050689,
            -7.334514086048572
          ]
        ]
      }
    },
    {
      "type": "Feature",
      "properties": {
        "stroke": "none",
        "fill": "rgb(0, 0, 0)"
      },
      "geometry": {
        "type": "LineString",
        "coordinates": [
          [
            -5.8770844983638355,
            -6.40665548427894
          ],
          [
            -6.3884658270050565,
            -6.360853550894157
          ],
          [
            -6.286123939295102,
            -6.121905988381579
          ],
          [
            -6.148563570064631,
            -6.061380848115685
          ],
          [
            -6.148562871043239,
            -6.061380888452294
          ],
          [
            -5.662432091725563,
            -5.97737256554701
          ],
          [
            -5.356949197297389,
            -5.968094420618426
          ],
          [
            -5.356950144338164,
            -5.968093976839613
          ],
          [
            -4.840560622354275,
            -5.99171693765953
          ],
          [
            -4.646504084995428,
            -6.024194259058482
          ],
          [
            -4.646504483348814,
            -6.02419248412577
          ],
          [
            -4.317927953182739,
            -6.166623859743474
          ],
          [
            -4.317928561496281,
            -6.166622649883298
          ],
          [
            -4.224885002422752,
            -6.418503198763031
          ],
          [
            -4.222783815158593,
            -6.483477825339436
          ],
          [
            -4.222783300724515,
            -6.483477434894835
          ],
          [
            -4.245255330794613,
            -6.482144286481932
          ],
          [
            -4.236008809704096,
            -6.739982654902257
          ],
          [
            -4.197333679984375,
            -7.153224122194991
          ],
          [
            -4.196142346450628,
            -7.15622303514396
          ],
          [
            -4.1961415884374205,
            -7.156224242566001
          ],
          [
            -4.068009568379026,
            -7.33541426456594
          ],
          [
            -4.068009865875425,
            -7.335415270350966
          ],
          [
            -4.653240462516891,
            -7.310707924582653
          ],
          [
            -4.841870891016185,
            -7.231051891266423
          ],
          [
            -4.841871843765844,
            -7.231053782582501
          ],
          [
            -4.8672457006092245,
            -7.189555626033775
          ],
          [
            -4.867245645423324,
            -7.189554311800758
          ],
          [
            -5.257985259407143,
            -7.32158450559879
          ],
          [
            -5.257985562612426,
            -7.321585752810931
          ],
          [
            -5.702009737873112,
            -7.3655867914864155
          ],
          [
            -5.702008904375731,
            -7.365588440861808
          ],
          [
            -6.203442220450022,
            -7.309322022470536
          ],
          [
            -6.357893360131428,
            -7.253686755458276
          ],
          [
            -6.357892837451189,
            -7.25368848572441
          ],
          [
            -6.5901994347067046,
            -7.029170663157453
          ],
          [
            -6.5976626139987715,
            -6.97068207368798
          ],
          [
            -6.597663051680051,
            -6.970680464404
          ],
          [
            -6.48855945643286,
            -6.7686920808484325
          ],
          [
            -6.488560381272407,
            -6.768690833406732
          ],
          [
            -6.182816886974862,
            -6.632721904226127
          ],
          [
            -6.182817243463084,
            -6.6327229795159415
          ],
          [
            -5.687136900096647,
            -6.557345928625593
          ],
          [
            -5.615738160409741,
            -6.5502465002844
          ],
          [
            -5.615739018011304,
            -6.550244728405555
          ],
          [
            -5.108699868792172,
            -6.494151963900802
          ],
          [
            -4.923063938507099,
            -6.4633411879108955
          ],
          [
            -4.923064891256757,
            -6.463341820204429
          ],
          [
            -5.024555247870751,
            -6.282563913590807
          ],
          [
            -5.024554901531644,
            -6.282565473461956
          ],
          [
            -5.407682958466388,
            -6.239092347704844
          ],
          [
            -5.40768215858801,
            -6.239093141566395
          ],
          [
            -5.704545038355064,
            -6.276267848567168
          ],
          [
            -5.7045447256349675,
            -6.276266519258563
          ],
          [
            -5.877080264273268,
            -6.406662255109953
          ],
          [
            -5.877079302008788,
            -6.406660643967067
          ],
          [
            -5.8770844983638355,
            -6.40665548427894
          ],
          [
            -4.923085676676919,
            -6.693787508328555
          ],
          [
            -5.356961090810195,
            -6.747917985697872
          ],
          [
            -5.356960537048238,
            -6.7479197455347935
          ],
          [
            -5.745165349126154,
            -6.809600388584324
          ],
          [
            -5.745164632978103,
            -6.809598778753556
          ],
          [
            -5.884717881753311,
            -6.934191809102065
          ],
          [
            -5.884717943916748,
            -6.934190602359938
          ],
          [
            -5.77307942370544,
            -7.062520336214256
          ],
          [
            -5.773079452249867,
            -7.062521289769065
          ],
          [
            -5.488901775235078,
            -7.116610643654075
          ],
          [
            -5.488901187854118,
            -7.116611355591623
          ],
          [
            -5.120993796539707,
            -7.0537143372321625
          ],
          [
            -5.120994054708227,
            -7.053715210292374
          ],
          [
            -4.9509958533556,
            -6.936704537715474
          ],
          [
            -4.950995299593629,
            -6.936705813659129
          ],
          [
            -4.923085743280595,
            -6.7642863636342545
          ],
          [
            -4.923085676676912,
            -6.7642850759001805
          ],
          [
            -5.8770844983638355,
            -6.40665548427894
          ]
        ]
      }
    },
    {
      "type": "Feature",
      "properties": {
        "stroke": "none",
        "fill": "rgb(0, 0, 0)"
      },
      "geometry": {
        "type": "LineString",
        "coordinates": [
          [
            -3.548078169696282,
            -7.334514086048572
          ],
          [
            -3.548078169696282,
            -6.819260062530782
          ],
          [
            -3.548078169696282,
            -6.303451341025889
          ],
          [
            -3.548078169696282,
            -5.78712917114237
          ],
          [
            -3.0284426657544046,
            -5.487908527294122
          ],
          [
            -2.8350862947376214,
            -5.746267399207521
          ],
          [
            -2.8350862947376214,
            -6.0045090923084
          ],
          [
            -2.4206549662446477,
            -6.001936235738163
          ],
          [
            -2.0536072849763016,
            -5.967188266406146
          ],
          [
            -2.0536064603594184,
            -5.967187699074349
          ],
          [
            -1.5515940025235295,
            -6.023753046918817
          ],
          [
            -1.2391296160723329,
            -6.144292963291517
          ],
          [
            -1.2391297714809042,
            -6.144291065243603
          ],
          [
            -0.9919388102077704,
            -6.368846553049596
          ],
          [
            -0.9175448875433645,
            -6.623341358991929
          ],
          [
            -0.9168927265906106,
            -6.652580212265784
          ],
          [
            -0.9168934027764521,
            -6.652578423126208
          ],
          [
            -0.9728259351123612,
            -6.908261555449433
          ],
          [
            -1.1838961425545875,
            -7.141857159351836
          ],
          [
            -1.2454688584032922,
            -7.179840259114792
          ],
          [
            -1.245469324628985,
            -7.179838874424397
          ],
          [
            -1.6619876062300065,
            -7.329752758893134
          ],
          [
            -2.0434224735014865,
            -7.364675359778124
          ],
          [
            -2.0434216044821625,
            -7.36467701921412
          ],
          [
            -2.4988607597666004,
            -7.307471423034882
          ],
          [
            -2.498861338267062,
            -7.3074725596431955
          ],
          [
            -2.8850768191901537,
            -7.138822777071529
          ],
          [
            -2.885798358967662,
            -7.138331456803622
          ],
          [
            -2.8857975235673194,
            -7.138332151098493
          ],
          [
            -3.548078169696282,
            -7.334514086048572
          ],
          [
            -2.8401787226762565,
            -6.637472887107613
          ],
          [
            -2.7636916273895125,
            -6.890985727365267
          ],
          [
            -2.7082381238846693,
            -6.944596541789202
          ],
          [
            -2.708238071870369,
            -6.944596686494389
          ],
          [
            -2.2911603809555956,
            -7.083284532086901
          ],
          [
            -2.2160032912188257,
            -7.0855055617197005
          ],
          [
            -2.216002948051333,
            -7.085506994496571
          ],
          [
            -1.8138459601174972,
            -6.9854897054762874
          ],
          [
            -1.8138466388406371,
            -6.985489487808335
          ],
          [
            -1.653134868190591,
            -6.744507345542023
          ],
          [
            -1.6476559232866563,
            -6.670218690123257
          ],
          [
            -1.647656811969938,
            -6.670218151260338
          ],
          [
            -1.7258042314966744,
            -6.416743607849715
          ],
          [
            -1.8151205482409551,
            -6.339622703859773
          ],
          [
            -1.8151197458252923,
            -6.339624167810265
          ],
          [
            -2.2439233125545073,
            -6.238194527274329
          ],
          [
            -2.2439229636781377,
            -6.238195064076911
          ],
          [
            -2.6701848296296973,
            -6.337102989467843
          ],
          [
            -2.670185163916713,
            -6.337103324590664
          ],
          [
            -2.836033919093154,
            -6.577038048390336
          ],
          [
            -2.8401847550659625,
            -6.637502608385585
          ],
          [
            -2.840183919031304,
            -6.637503830980792
          ],
          [
            -3.548078169696282,
            -7.334514086048572
          ]
        ]
      }
    },
    {
      "type": "Feature",
      "properties": {
        "stroke": "none",
        "fill": "rgb(0, 0, 0)"
      },
      "geometry": {
        "type": "LineString",
        "coordinates": [
          [
            -0.34088783936695677,
            -5.815539536109514
          ],
          [
            -0.34088783936695677,
            -5.557211581508471
          ],
          [
            0.17874766457493507,
            -5.487572586752882
          ],
          [
            0.3721040355917111,
            -5.745931607615345
          ],
          [
            -0.34088783936695677,
            -5.815539536109514
          ],
          [
            -0.34088783936695677,
            -7.334179359985827
          ],
          [
            -0.34088783936695677,
            -6.818924962564522
          ],
          [
            -0.34088783936695677,
            -6.303115893897403
          ],
          [
            0.17874766457493507,
            -5.9971250550273885
          ],
          [
            0.3721040355917111,
            -6.513243446756513
          ],
          [
            0.3721040355917111,
            -7.028831592037345
          ],
          [
            -0.34088783936695677,
            -5.815539536109514
          ]
        ]
      }
    },
    {
      "type": "Feature",
      "properties": {
        "stroke": "none",
        "fill": "rgb(0, 0, 0)"
      },
      "geometry": {
        "type": "LineString",
        "coordinates": [
          [
            1.6332074401082792,
            -6.40665548427894
          ],
          [
            1.1218261114670582,
            -6.360853550894157
          ],
          [
            1.2241695215466635,
            -6.121905988381579
          ],
          [
            1.3617298907771271,
            -6.061380848115685
          ],
          [
            1.3617290674288753,
            -6.061380888452294
          ],
          [
            1.8478613691161954,
            -5.97737256554701
          ],
          [
            2.1533422812922325,
            -5.968094420618426
          ],
          [
            2.1533417941339508,
            -5.968093976839613
          ],
          [
            2.66973085623534,
            -5.99171693765953
          ],
          [
            2.863787393594194,
            -6.024194259058482
          ],
          [
            2.863787455123301,
            -6.02419248412577
          ],
          [
            3.1923635254068756,
            -6.166623859743474
          ],
          [
            3.192363376975834,
            -6.166622649883298
          ],
          [
            3.285408458418992,
            -6.418503198763031
          ],
          [
            3.2875076634310254,
            -6.483477825339436
          ],
          [
            3.2875086377475995,
            -6.483477434894835
          ],
          [
            3.2650366076775015,
            -6.482144286481932
          ],
          [
            3.2742831287680154,
            -6.739982654902257
          ],
          [
            3.3129597808573763,
            -7.153224122194991
          ],
          [
            3.3141511143911195,
            -7.15622303514396
          ],
          [
            3.3141503500346943,
            -7.156224242566001
          ],
          [
            3.442281910210596,
            -7.33541426456594
          ],
          [
            3.44228207259669,
            -7.335415270350966
          ],
          [
            2.857051475955217,
            -7.310707924582653
          ],
          [
            2.6684205875734364,
            -7.231051891266423
          ],
          [
            2.6684200947062706,
            -7.231053782582501
          ],
          [
            2.64304577798039,
            -7.189555626033775
          ],
          [
            2.6430462930487906,
            -7.189554311800758
          ],
          [
            2.252306219182479,
            -7.32158450559879
          ],
          [
            2.252306375859689,
            -7.321585752810931
          ],
          [
            1.808283722968639,
            -7.3655867914864155
          ],
          [
            1.8082830340963838,
            -7.365588440861808
          ],
          [
            1.3068492581395859,
            -7.309322022470536
          ],
          [
            1.1523981184581942,
            -7.253686755458276
          ],
          [
            1.152399101020933,
            -7.25368848572441
          ],
          [
            0.9200940261350468,
            -7.029170663157453
          ],
          [
            0.912628864590836,
            -6.97068207368798
          ],
          [
            0.9126288867920636,
            -6.970680464404
          ],
          [
            1.0217320221567618,
            -6.7686920808484325
          ],
          [
            1.0217315571997005,
            -6.768690833406732
          ],
          [
            1.3274745916147523,
            -6.632721904226127
          ],
          [
            1.3274746950090304,
            -6.6327229795159415
          ],
          [
            1.8231545784929821,
            -6.557345928625593
          ],
          [
            1.8945533181798808,
            -6.5502465002844
          ],
          [
            1.8945529204608178,
            -6.550244728405555
          ],
          [
            2.4015916097974284,
            -6.494151963900802
          ],
          [
            2.587227540082516,
            -6.4633411879108955
          ],
          [
            2.5872270472153573,
            -6.463341820204429
          ],
          [
            2.485736230718871,
            -6.282563913590807
          ],
          [
            2.4857370369404634,
            -6.282565473461956
          ],
          [
            2.10261050237537,
            -6.239092347704844
          ],
          [
            2.102609779884112,
            -6.239093141566395
          ],
          [
            1.8057464402345502,
            -6.276267848567168
          ],
          [
            1.8057472128371543,
            -6.276266519258563
          ],
          [
            1.6332131965684766,
            -6.406662255109953
          ],
          [
            1.6332126364633197,
            -6.406660643967067
          ],
          [
            1.6332074401082792,
            -6.40665548427894
          ],
          [
            2.5872062617951883,
            -6.693787508328555
          ],
          [
            2.1533323700315563,
            -6.747917985697872
          ],
          [
            2.15333140142387,
            -6.7479197455347935
          ],
          [
            1.7651281117155904,
            -6.809600388584324
          ],
          [
            1.7651273054940049,
            -6.809598778753556
          ],
          [
            1.625573596836304,
            -6.934191809102065
          ],
          [
            1.6255739945553742,
            -6.934190602359938
          ],
          [
            1.7372120548841892,
            -7.062520336214256
          ],
          [
            1.7372124862222478,
            -7.062521289769065
          ],
          [
            2.021391685606673,
            -7.116610643654075
          ],
          [
            2.0213907506179893,
            -7.116611355591623
          ],
          [
            2.3892976820499072,
            -7.0537143372321625
          ],
          [
            2.389297883763888,
            -7.053715210292374
          ],
          [
            2.559297607486158,
            -6.936704537715474
          ],
          [
            2.559296638878479,
            -6.936705813659129
          ],
          [
            2.587205735309027,
            -6.7642863636342545
          ],
          [
            2.5872062617951954,
            -6.7642850759001805
          ],
          [
            1.6332074401082792,
            -6.40665548427894
          ]
        ]
      }
    },
    {
      "type": "Feature",
      "properties": {
        "stroke": "none",
        "fill": "rgb(0, 0, 0)"
      },
      "geometry": {
        "type": "LineString",
        "coordinates": [
          [
            6.443992935602285,
            -7.334514086048572
          ],
          [
            5.924357431660393,
            -7.334514086048572
          ],
          [
            5.731001060643614,
            -7.0769589810810976
          ],
          [
            5.731001060643614,
            -6.819260062530782
          ],
          [
            5.698287030706467,
            -6.395561120869997
          ],
          [
            5.685331030745523,
            -6.372369995308318
          ],
          [
            5.685330296202167,
            -6.372368206429358
          ],
          [
            5.536899990801189,
            -6.273468260500827
          ],
          [
            5.536901610856191,
            -6.273466672882061
          ],
          [
            5.289518888731553,
            -6.238186651649711
          ],
          [
            5.289518736494578,
            -6.2381847413381895
          ],
          [
            4.957134850565595,
            -6.288588219698194
          ],
          [
            4.957133886398147,
            -6.288588244897767
          ],
          [
            4.755420873205345,
            -6.422124709026497
          ],
          [
            4.755421776477984,
            -6.422126574570032
          ],
          [
            4.701666159781055,
            -6.677894751180412
          ],
          [
            4.7008712766745155,
            -6.729385371648272
          ],
          [
            4.700870441274166,
            -6.729385624681702
          ],
          [
            4.713584752351974,
            -6.735417126508505
          ],
          [
            4.708117017146858,
            -6.993147447295856
          ],
          [
            4.702649281941746,
            -7.250735639230856
          ],
          [
            4.1812349373322775,
            -7.334506361603808
          ],
          [
            3.987878566315498,
            -6.819252329457275
          ],
          [
            3.987878566315498,
            -6.303443599940743
          ],
          [
            4.50751407025739,
            -5.997452949713968
          ],
          [
            5.039584645910743,
            -6.026234860539971
          ],
          [
            5.538160703159676,
            -5.967196146014448
          ],
          [
            5.538159128775728,
            -5.967195445044508
          ],
          [
            5.969498767955194,
            -6.009429215353337
          ],
          [
            5.96949816788781,
            -6.009427425244786
          ],
          [
            6.265092206476822,
            -6.117203186399356
          ],
          [
            6.265092824305153,
            -6.11720127565117
          ],
          [
            6.404646721356119,
            -6.2659041787402945
          ],
          [
            6.404646135243787,
            -6.2659057222809365
          ],
          [
            6.443970639230248,
            -6.50399936444606
          ],
          [
            6.4439721501821055,
            -6.503999147821115
          ],
          [
            6.443992935602285,
            -7.334514086048572
          ]
        ]
      }
    },
    {
      "type": "Feature",
      "properties": {
        "stroke": "none",
        "fill": "rgb(0, 0, 0)"
      },
      "geometry": {
        "type": "LineString",
        "coordinates": [
          [
            -7.320631928314391,
            -9.944509324725916
          ],
          [
            -6.803435206213031,
            -9.919763729965007
          ],
          [
            -6.389637145837469,
            -10.142209393577561
          ],
          [
            -6.322234626456762,
            -10.175399092952503
          ],
          [
            -6.322235449170691,
            -10.175400489093276
          ],
          [
            -5.841681205628419,
            -10.259465237123832
          ],
          [
            -5.777969639724965,
            -10.260229230946347
          ],
          [
            -5.777969222341959,
            -10.260230307396746
          ],
          [
            -5.279193375010301,
            -10.202187745016714
          ],
          [
            -5.231208997553935,
            -10.18475646778614
          ],
          [
            -5.2312087450943,
            -10.184757584416499
          ],
          [
            -5.047257981584451,
            -10.00816799374275
          ],
          [
            -5.0472577766988636,
            -10.008168591686395
          ],
          [
            -5.124647087226371,
            -9.897677150049443
          ],
          [
            -5.124647092300933,
            -9.897676123585914
          ],
          [
            -5.39486769840709,
            -9.818372669382057
          ],
          [
            -5.394867947060803,
            -9.81837128294826
          ],
          [
            -5.895933464338846,
            -9.750788849862852
          ],
          [
            -5.996189830621773,
            -9.738424518470902
          ],
          [
            -5.996190152222354,
            -9.738423131703643
          ],
          [
            -6.490506028030417,
            -9.660362909707024
          ],
          [
            -6.843664068581745,
            -9.557221381737037
          ],
          [
            -6.8436636956011725,
            -9.557219434218764
          ],
          [
            -7.133929213361782,
            -9.348218229019
          ],
          [
            -7.186197237684063,
            -9.188274516329194
          ],
          [
            -7.186197027089591,
            -9.188276264452629
          ],
          [
            -7.048289974329791,
            -8.944390991102882
          ],
          [
            -7.025079784069263,
            -8.926010707276639
          ],
          [
            -7.025078842737365,
            -8.926011173115295
          ],
          [
            -6.639878637739358,
            -8.75828770563043
          ],
          [
            -6.560759025982705,
            -8.740003844297783
          ],
          [
            -6.5607585381901,
            -8.740003708986071
          ],
          [
            -6.057199586863845,
            -8.681039142144732
          ],
          [
            -5.828747010440971,
            -8.67610117588032
          ],
          [
            -5.828748003787162,
            -8.676101922728158
          ],
          [
            -5.312744974664383,
            -8.701596986468557
          ],
          [
            -4.838875708038664,
            -8.802431495730572
          ],
          [
            -4.774511981182457,
            -8.827695536170433
          ],
          [
            -4.774511493389859,
            -8.827696202548355
          ],
          [
            -4.478775820507039,
            -9.035308250386642
          ],
          [
            -4.402800060638093,
            -9.2320726511087
          ],
          [
            -4.402800628355102,
            -9.232070889438862
          ],
          [
            -4.8963802200338336,
            -9.114642321038424
          ],
          [
            -5.360618346001132,
            -9.044978870184531
          ],
          [
            -5.360618770995984,
            -9.044977095070642
          ],
          [
            -5.836360840895374,
            -8.983003388911438
          ],
          [
            -5.836360663919912,
            -8.983005325845424
          ],
          [
            -6.333327309409867,
            -9.043996954212531
          ],
          [
            -6.3488919531818055,
            -9.04936029525926
          ],
          [
            -6.348892750522907,
            -9.0493585602255
          ],
          [
            -6.468144241684101,
            -9.163254633482774
          ],
          [
            -6.468143902322538,
            -9.163255287980306
          ],
          [
            -6.356505783636223,
            -9.274614312333277
          ],
          [
            -6.356505410655664,
            -9.274614886558163
          ],
          [
            -5.878015887281464,
            -9.370700113447711
          ],
          [
            -5.666376773476209,
            -9.39719419275655
          ],
          [
            -5.666377497870428,
            -9.397195887312332
          ],
          [
            -5.166020653809149,
            -9.46596614357642
          ],
          [
            -4.855695117412701,
            -9.529110583216058
          ],
          [
            -4.8556941481706914,
            -9.529109210589978
          ],
          [
            -4.469524649788291,
            -9.696475300986258
          ],
          [
            -4.444651349985648,
            -9.71532264491379
          ],
          [
            -4.444652071842583,
            -9.715322858565681
          ],
          [
            -4.299326499138431,
            -9.958196383087362
          ],
          [
            -4.29622427454558,
            -10.006927476781838
          ],
          [
            -4.296223386496621,
            -10.006926104876687
          ],
          [
            -4.4172962705087215,
            -10.252947827123624
          ],
          [
            -4.473834065931975,
            -10.301408104658929
          ],
          [
            -4.473834801743962,
            -10.301409409201623
          ],
          [
            -4.84822400911208,
            -10.474666556181981
          ],
          [
            -4.976218029534174,
            -10.505254482189526
          ],
          [
            -4.9762184069549775,
            -10.505253273221902
          ],
          [
            -5.479791344417983,
            -10.564474187960055
          ],
          [
            -5.785603292700735,
            -10.571927445793328
          ],
          [
            -5.785602667894857,
            -10.571928669452316
          ],
          [
            -6.301417014524397,
            -10.545855829948138
          ],
          [
            -6.776876047363203,
            -10.446771381242216
          ],
          [
            -6.869042842679065,
            -10.411763504187928
          ],
          [
            -6.869042693613693,
            -10.411762534229
          ],
          [
            -7.177053108580658,
            -10.208495675111855
          ],
          [
            -7.315888065934573,
            -9.963186476258377
          ],
          [
            -7.320679169347308,
            -9.944521029980946
          ],
          [
            -7.3206786955097485,
            -9.944519552933858
          ],
          [
            -7.320631928314391,
            -9.944509324725916
          ]
        ]
      }
    },
    {
      "type": "Feature",
      "properties": {
        "stroke": "none",
        "fill": "rgb(0, 0, 0)"
      },
      "geometry": {
        "type": "LineString",
        "coordinates": [
          [
            -2.104011104241785,
            -10.118342344828287
          ],
          [
            -1.5915448136676034,
            -10.160645818989558
          ],
          [
            -1.6536363779809946,
            -10.396026988673553
          ],
          [
            -1.8261716038992049,
            -10.46942349868107
          ],
          [
            -1.8261723929941382,
            -10.469423719312065
          ],
          [
            -2.3070421850693066,
            -10.560280190640023
          ],
          [
            -2.565769698365443,
            -10.569750677070942
          ],
          [
            -2.5657696057546246,
            -10.569751814757895
          ],
          [
            -3.077482140519706,
            -10.532361586731048
          ],
          [
            -3.5136013974672693,
            -10.398236148776181
          ],
          [
            -3.6060794063684867,
            -10.344124770407316
          ],
          [
            -3.6060798846462845,
            -10.344125669496755
          ],
          [
            -3.8202498561514204,
            -10.113095389716857
          ],
          [
            -3.872496075700205,
            -9.887398305741174
          ],
          [
            -3.872497007517289,
            -9.887397701332544
          ],
          [
            -3.809944127296319,
            -9.634158694186366
          ],
          [
            -3.5830218495224315,
            -9.405768476273721
          ],
          [
            -3.522351058395607,
            -9.370641487337519
          ],
          [
            -3.5223510158961275,
            -9.370640162856322
          ],
          [
            -3.1000262940625305,
            -9.225112860551391
          ],
          [
            -2.6368393841977706,
            -9.183613240267116
          ],
          [
            -2.6368401536287536,
            -9.183612035209832
          ],
          [
            -2.12767413603828,
            -9.226868461123058
          ],
          [
            -1.7035177707315228,
            -9.370782189985349
          ],
          [
            -1.687881765882679,
            -9.379396210120564
          ],
          [
            -1.687881796330089,
            -9.379394965714946
          ],
          [
            -1.444841795990925,
            -9.603538971238764
          ],
          [
            -1.3598725581809106,
            -9.855346073374816
          ],
          [
            -1.355497727716731,
            -9.97855423495345
          ],
          [
            -1.3554969462336572,
            -9.978554696872632
          ],
          [
            -1.9086159478358198,
            -9.635734520588114
          ],
          [
            -2.361086748679483,
            -9.76156640603311
          ],
          [
            -2.8135575495231464,
            -9.887350766478184
          ],
          [
            -2.9794260741077565,
            -10.215758606593514
          ],
          [
            -2.969209546598762,
            -10.221282689774075
          ],
          [
            -2.969209414660064,
            -10.221281354961329
          ],
          [
            -2.558167761423853,
            -10.30797128293067
          ],
          [
            -2.5581673383319483,
            -10.307971105835819
          ],
          [
            -2.276529377939724,
            -10.263070804029402
          ],
          [
            -2.276530091550491,
            -10.26307094622433
          ],
          [
            -2.1039961342736433,
            -10.118348272308825
          ],
          [
            -2.1039955151766563,
            -10.118347456188355
          ],
          [
            -2.104011104241785,
            -10.118342344828287
          ],
          [
            -2.0634119823188044,
            -9.763752785615878
          ],
          [
            -2.223262298540895,
            -9.531938956305032
          ],
          [
            -2.2232622560414015,
            -9.531938258746745
          ],
          [
            -2.593705577718204,
            -9.45254811325568
          ],
          [
            -2.5937052104465366,
            -9.45254705542225
          ],
          [
            -2.979372553300081,
            -9.536314293900691
          ],
          [
            -2.979373485117165,
            -9.536313636354178
          ],
          [
            -3.129076199115744,
            -9.76375392242879
          ],
          [
            -3.1290752774477824,
            -9.763752785615878
          ],
          [
            -2.104011104241785,
            -10.118342344828287
          ]
        ]
      }
    },
    {
      "type": "Feature",
      "properties": {
        "stroke": "none",
        "fill": "rgb(0, 0, 0)"
      },
      "geometry": {
        "type": "LineString",
        "coordinates": [
          [
            -0.23903928059434065,
            -9.619604048438015
          ],
          [
            -0.7504206092355616,
            -9.57416133993059
          ],
          [
            -0.6480795144264562,
            -9.337054917694013
          ],
          [
            -0.510517162943863,
            -9.276987360585021
          ],
          [
            -0.5105176532737445,
            -9.276987400617836
          ],
          [
            -0.024385684604794733,
            -9.193608317372417
          ],
          [
            0.2810952275712495,
            -9.184399248330907
          ],
          [
            0.2810950734313238,
            -9.184398807854032
          ],
          [
            0.7974838025143569,
            -9.20784573130171
          ],
          [
            0.991540339873211,
            -9.24008015023725
          ],
          [
            0.9915407344206812,
            -9.240078388607449
          ],
          [
            1.3201164716858926,
            -9.381432433173867
          ],
          [
            1.320116656273207,
            -9.38143123254834
          ],
          [
            1.4131633869501457,
            -9.63135851080698
          ],
          [
            1.4152625919621826,
            -9.69581931467519
          ],
          [
            1.4152619170449725,
            -9.695818927330498
          ],
          [
            1.3927898869748816,
            -9.694496362556135
          ],
          [
            1.402036408065392,
            -9.950255824095516
          ],
          [
            1.44071470938853,
            -10.360027557652604
          ],
          [
            1.44190406067014,
            -10.363004613195141
          ],
          [
            1.4419036293320744,
            -10.363005810246321
          ],
          [
            1.5700348564896132,
            -10.540641241558545
          ],
          [
            1.5700353518940702,
            -10.54064223853085
          ],
          [
            0.9848047552525898,
            -10.516151085089676
          ],
          [
            0.7961735338524534,
            -10.437188044963044
          ],
          [
            0.7961733740036507,
            -10.437189919897637
          ],
          [
            0.7707987242594072,
            -10.396050366110947
          ],
          [
            0.7707995723461636,
            -10.396049063208464
          ],
          [
            0.3800591654614891,
            -10.526932567177159
          ],
          [
            0.3800596551570621,
            -10.526933803477808
          ],
          [
            -0.06396333075234395,
            -10.570548957195916
          ],
          [
            -0.06396368660624319,
            -10.570550592071452
          ],
          [
            -0.5653958133292534,
            -10.514777292363714
          ],
          [
            -0.7198469530106593,
            -10.459626612070544
          ],
          [
            -0.7198476196816941,
            -10.459628327312348
          ],
          [
            -0.9521550098380729,
            -10.237035740247874
          ],
          [
            -0.9596221536344132,
            -10.179040703941364
          ],
          [
            -0.9596230302655897,
            -10.179039108191816
          ],
          [
            -0.8505209783206311,
            -9.978729795412034
          ],
          [
            -0.8505203598579527,
            -9.978728558218286
          ],
          [
            -0.544776426610504,
            -9.84386770481216
          ],
          [
            -0.54477722204863,
            -9.843868771409584
          ],
          [
            -0.04909643973227418,
            -9.76909830558768
          ],
          [
            0.022300317702494965,
            -9.762055725742414
          ],
          [
            0.022301003403150332,
            -9.762053968045752
          ],
          [
            0.5293386093200496,
            -9.706408651082713
          ],
          [
            0.7149745396051301,
            -9.675842355486148
          ],
          [
            0.7149751301576828,
            -9.675842982771924
          ],
          [
            0.6134852124936216,
            -9.49648102828691
          ],
          [
            0.6134851198828031,
            -9.496482576076735
          ],
          [
            0.23035750189797,
            -9.453345238592114
          ],
          [
            0.23035786282644466,
            -9.453346026338565
          ],
          [
            -0.06650457799070608,
            -9.490233707615747
          ],
          [
            -0.06650470422051313,
            -9.490232388594645
          ],
          [
            -0.23903980390890922,
            -9.619610766015295
          ],
          [
            -0.23903928059434065,
            -9.619609167544336
          ],
          [
            -0.23903928059434065,
            -9.619604048438015
          ],
          [
            0.7149595410925684,
            -9.904437866159077
          ],
          [
            0.2810853163105733,
            -9.95812615449188
          ],
          [
            0.2810846807212499,
            -9.958127899906742
          ],
          [
            -0.10711894200539263,
            -10.019301226189546
          ],
          [
            -0.10711941520861501,
            -10.01929962964744
          ],
          [
            -0.2466734568846789,
            -10.142856688022347
          ],
          [
            -0.24667272614725277,
            -10.142855491386687
          ],
          [
            -0.13503499883679382,
            -10.270102515770178
          ],
          [
            -0.1350342344803721,
            -10.27010346122087
          ],
          [
            0.14914463188569727,
            -10.323731705892422
          ],
          [
            0.14914402991536235,
            -10.32373241174216
          ],
          [
            0.5170506283289242,
            -10.261371320313636
          ],
          [
            0.5170511630612609,
            -10.261372185961246
          ],
          [
            0.6870505537651752,
            -10.14534836948703
          ],
          [
            0.6870499181758518,
            -10.145349634741578
          ],
          [
            0.714958681588044,
            -9.974360262532072
          ],
          [
            0.7149595410925684,
            -9.974358985371458
          ],
          [
            -0.23903928059434065,
            -9.619604048438015
          ]
        ]
      }
    },
    {
      "type": "Feature",
      "properties": {
        "stroke": "none",
        "fill": "rgb(255, 221, 85)"
      },
      "geometry": {
        "type": "LineString",
        "coordinates": [
          [
            90.16142970467203,
            -1.8895865472676256
          ],
          [
            90.71746570103787,
            0.6879032054390481
          ],
          [
            90.35254894081572,
            3.27208115260997
          ],
          [
            88.97731791191265,
            5.762548601460711
          ],
          [
            86.51414762068248,
            8.024717882292341
          ],
          [
            83.70080148416253,
            9.613461064965891
          ],
          [
            85.22601675063564,
            9.757306584904375
          ],
          [
            86.4530863258849,
            10.214865855841058
          ],
          [
            87.40574877344216,
            10.820809797111142
          ],
          [
            88.493917977017,
            11.341820157150217
          ],
          [
            88.49391937252248,
            11.341820408827573
          ],
          [
            89.3279624567555,
            11.64524522477797
          ],
          [
            90.14605377130343,
            11.958221695204735
          ],
          [
            90.80474029808207,
            12.336695176740962
          ],
          [
            90.80473845855207,
            12.336694504944012
          ],
          [
            91.80970248599581,
            12.461002189795256
          ],
          [
            92.77899999347846,
            12.32622716391266
          ],
          [
            93.71019068589851,
            12.130826651581135
          ],
          [
            93.99717114056945,
            12.139042120019209
          ],
          [
            94.78757643785346,
            12.466481086958812
          ],
          [
            95.7364171032925,
            12.665613036664972
          ],
          [
            96.61998617039706,
            12.501250912419454
          ],
          [
            96.40119310863295,
            12.018096258548047
          ],
          [
            96.36873561700982,
            11.989638566022158
          ],
          [
            97.35878739950465,
            12.098742330709266
          ],
          [
            97.81774220105902,
            11.677503304935716
          ],
          [
            97.77444188540005,
            11.169621998933547
          ],
          [
            97.74535035305198,
            10.812422988968681
          ],
          [
            97.74535399405269,
            10.812422515207581
          ],
          [
            98.76968310883879,
            10.896231867680447
          ],
          [
            99.80475967120277,
            10.879456413514024
          ],
          [
            100.65730252787453,
            10.615786626520563
          ],
          [
            100.76612024113287,
            10.118515957568695
          ],
          [
            100.53943781586743,
            9.747132694125296
          ],
          [
            100.53943409874822,
            9.747132656021424
          ],
          [
            100.29370991207925,
            9.522035641278675
          ],
          [
            100.10289039245849,
            9.286025908015617
          ],
          [
            100.14437496516089,
            9.031996629362743
          ],
          [
            100.16299227722227,
            8.996159542617365
          ],
          [
            100.1629945506276,
            8.996159510691033
          ],
          [
            98.62265550340675,
            8.988811718513542
          ],
          [
            97.21182322614092,
            8.66953800522013
          ],
          [
            96.03633978047918,
            8.1667847000434
          ],
          [
            95.18059360435564,
            7.525531497196855
          ],
          [
            94.89545059909506,
            6.914661670803992
          ],
          [
            94.89544944716867,
            6.914661179404287
          ],
          [
            94.80976180375967,
            5.883922090417829
          ],
          [
            94.57153474205413,
            4.857070237697184
          ],
          [
            94.2046198716789,
            3.838080684896186
          ],
          [
            93.7032765904481,
            2.832271456772218
          ],
          [
            93.59345072849189,
            2.648109171572228
          ],
          [
            92.1505388472697,
            2.9347898118995963
          ],
          [
            91.01628624603693,
            2.6138604625578368
          ],
          [
            90.9332774555894,
            1.8389662485746945
          ],
          [
            91.00353541329511,
            1.373374495196702
          ],
          [
            91.01117203552602,
            0.8556555454500315
          ],
          [
            90.86760940682771,
            0.34149690670860106
          ],
          [
            90.89001678497317,
            -0.17473521932894892
          ],
          [
            90.9087123265358,
            -0.21073701204392128
          ],
          [
            90.79257719897551,
            -0.4637544386276178
          ],
          [
            90.62105688615095,
            -0.7081853724994581
          ],
          [
            90.21865970254115,
            -0.8495538878169921
          ],
          [
            89.72422258775222,
            -0.7775472814393426
          ],
          [
            89.68616334674086,
            -0.7679836699158608
          ],
          [
            89.68616587641174,
            -0.7679839905913044
          ],
          [
            90.16142970467203,
            -1.8895865472676256
          ]
        ]
      }
    },
    {
      "type": "Feature",
      "properties": {
        "stroke": "none",
        "fill": "rgb(255, 221, 85)"
      },
      "geometry": {
        "type": "LineString",
        "coordinates": [
          [
            38.681140329149144,
            17.114799755235214
          ],
          [
            38.11697012149814,
            17.53102074460635
          ],
          [
            37.605656112023226,
            17.96137903106305
          ],
          [
            37.24667025019203,
            18.422072633213617
          ],
          [
            37.76980244690184,
            18.597721209343202
          ],
          [
            37.76980358233586,
            18.597721201834386
          ],
          [
            39.305584005308816,
            18.489441447591748
          ],
          [
            40.038375045940015,
            18.972206974730344
          ],
          [
            39.19855031897289,
            19.587517513805587
          ],
          [
            38.128261029664856,
            20.11966617678706
          ],
          [
            37.488737934608736,
            20.399140267132445
          ],
          [
            39.71702183978241,
            19.114181242022312
          ],
          [
            38.82380850558182,
            19.997732983890767
          ],
          [
            37.93059517138123,
            20.876353955573563
          ],
          [
            37.03738183718063,
            21.749866245348855
          ],
          [
            35.47029878553339,
            22.473691372761177
          ],
          [
            34.07587955595373,
            23.177047911824644
          ],
          [
            32.09033688139917,
            23.231837704036725
          ],
          [
            30.34991950598345,
            22.716104377149946
          ],
          [
            29.191301061494862,
            22.217719118778966
          ],
          [
            29.19130213476544,
            22.217719379880634
          ],
          [
            38.681140329149144,
            17.114799755235214
          ]
        ]
      }
    },
    {
      "type": "Feature",
      "properties": {
        "stroke": "none",
        "fill": "rgb(255, 221, 85)"
      },
      "geometry": {
        "type": "LineString",
        "coordinates": [
          [
            16.471918890672843,
            25.878275501060735
          ],
          [
            19.122463141590977,
            25.13802421527354
          ],
          [
            21.7730073925091,
            24.393257812186356
          ],
          [
            24.42355164342724,
            23.644075345193258
          ],
          [
            27.074095894345373,
            22.890579465637213
          ],
          [
            29.612791297678676,
            22.69976458244808
          ],
          [
            30.440322096898264,
            22.989152765125127
          ],
          [
            31.297717506798964,
            23.258908915267735
          ],
          [
            31.714750872653017,
            23.38010715369669
          ],
          [
            30.30201243636039,
            23.6804609526883
          ],
          [
            28.848799608426713,
            23.938336651598583
          ],
          [
            27.440112127972068,
            24.241159002799012
          ],
          [
            26.401523014823084,
            24.747766814217503
          ],
          [
            26.465393011832056,
            25.15006682518272
          ],
          [
            25.210803979243952,
            25.56608842010358
          ],
          [
            23.847609185310706,
            25.90161202031884
          ],
          [
            22.35554421551126,
            26.102393840195173
          ],
          [
            21.717795193617388,
            26.163915464154208
          ],
          [
            20.257175713879356,
            25.92823741442601
          ],
          [
            18.707106082076013,
            25.86301651382358
          ],
          [
            17.14848501455793,
            25.872908048219514
          ],
          [
            16.47207478132403,
            25.878275501060735
          ],
          [
            16.471918890672843,
            25.878275501060735
          ]
        ]
      }
    }
  ]
}