{"type":"FeatureCollection","features":[{"type":"Feature","properties":{"stroke":"rgb(153, 153, 153)","fill":"rgb(255, 221, 85)"},"geometry":{"type":"LineString","coordinates":[[83.13932172412235,22.543918263582647],[83.56134145751453,23.039802358022733],[84.01573668270568,23.530944409795627],[84.00753848432156,23.627442196653785],[84.0075417474733,23.62744104178573],[84.68845933863415,24.057815192045158],[85.37294170535955,24.486983801055665],[85.5494549644206,24.68373521383429],[85.54946104990292,24.683736865564182],[86.0103516297237,25.18324502324995],[86.51719516506887,25.671394993177664],[87.11673882066715,26.132297294913602],[87.84775604297442,26.542623761589113],[88.17848950934304,26.68505608964968],[88.1784857569873,26.685055525644348],[89.09752770770544,26.983773287385013],[90.15358333643829,27.132244333222868],[91.25073075461272,27.125391500609712],[92.29682422834189,26.960738873292193],[92.39006193537425,26.93688195142707],[92.39005584451606,26.936880102295298],[92.6513795088676,26.418148121067848],[93.34190972685995,26.141025948823803],[93.34190613578028,26.141027973871505],[94.42996856854712,26.076173728858336],[95.52988791855226,26.099224928824057],[96.61347807013664,26.022328845049806],[96.81592989129821,25.977472796181495],[96.8159312460169,25.97747373350464],[97.77185998238907,25.843328492867396],[98.70201950724798,26.136107688062868],[99.1440670361024,26.17769888465131],[99.14405874113838,26.177699106224814],[100.20847205950099,26.037243093125213],[101.21926960125275,25.823655449823654],[101.90931263122631,25.40933814186515],[101.98358360470202,25.23031261087339],[101.98359038904717,25.230311100144828],[101.99388175144267,24.680386432189895],[102.23243588475069,24.14720416172838],[102.91145838574893,23.815171202746384],[102.91146138548314,23.81516951744475],[104.00082759521058,23.746399481457786],[105.05896637271313,23.617916213780635],[105.48575987670536,23.20622169846343],[105.48576749968589,23.206220805454983],[105.45809095715902,22.656622844301577],[105.59527638339793,22.114846206913086],[105.96370812266395,21.834203197827378],[105.96371293944148,21.834202318247634],[105.74827022086522,21.39141285295509],[104.69537291446072,21.23441458368189],[104.65365954030553,21.22882908447301],[104.6536595456814,21.228828862899494],[103.5589816613984,21.200708550890216],[102.47972580322205,21.306232940902618],[102.1814155394791,21.347845119832183],[102.18141406649133,21.347846406301482],[101.11858967724464,21.207448078861262],[100.05929172824926,21.059740790240546],[99.31567481580247,21.04781023107387],[99.31567914875193,21.04781086893705],[98.2150498831495,21.03451581973373],[97.11689448976387,21.066052278452535],[96.06045247053345,21.214204392705206],[95.86598045312685,21.26207770222805],[95.8659856462152,21.262078749666525],[94.81980298146345,21.423746640636853],[93.74971969770863,21.334458386191063],[93.44515998765648,21.23151902060592],[93.44515582673483,21.23151855597295],[92.49400097923176,20.954816495184474],[91.47340927834495,20.75158153899659],[90.382813699043,20.722395102484366],[89.72077558035282,20.844835455915998],[89.72076838206586,20.844835298800227],[88.77934353271579,21.129314036960327],[87.75218319336955,21.323476228843475],[86.65889968017123,21.35436643145547],[86.4934741484329,21.341307022335986],[86.49347237977241,21.341306436844736],[85.41678862704504,21.437158553087325],[84.4770869368538,21.71922416490167],[83.72201270617349,22.117846681694708],[83.39037206211488,22.362068543046487],[83.39036666474358,22.36206971000037],[83.13923503825423,22.54401061945536],[83.13923364590448,22.54401177029481],[83.13932172412235,22.543918263582647]]}},{"type":"Feature","properties":{"stroke":"rgb(153, 153, 153)","fill":"rgb(0, 170, 212)"},"geometry":{"type":"LineString","coordinates":[[-134.42401653854617,73.10717783146085],[-77.17317489174859,73.10717783146085],[-19.922333244951044,73.10717783146085],[37.328508401846534,73.10717783146085],[94.5793500486441,73.10717783146085],[147.08497770510132,45.05516418185575],[147.08497770510132,17.003150532250643],[147.08497770510132,-11.048863117354466],[147.08497770510132,-39.10087676695956],[89.83413605830374,-64.51270089660183],[32.58329441150618,-64.51270089660183],[-24.667547235291362,-64.51270089660183],[-81.9183888820889,-64.51270089660183],[-134.42401653854614,-36.46068724699673],[-134.42401653854614,-8.408673597391614],[-134.42401653854614,19.64334005221348],[-134.42401653854614,47.69535370181859],[-134.42401653854617,73.10717783146085]]}},{"type":"Feature","properties":{"stroke":"rgb(153, 153, 153)","fill":"rgb(255, 221, 85)"},"geometry":{"type":"LineString","coordinates":[[-117.11861746775557,50.11409732579453],[-116.76430719240454,50.63339801508172],[-116.24725370814963,51.11882657536484],[-115.73514980217121,51.605409164410126],[-115.61490255937647,52.120201461988025],[-115.61490209234798,52.12020132937962],[-114.51118020289755,53.028205979698505],[-114.50286020750875,54.125745033955866],[-114.61717299624777,55.223582037457284],[-113.57287707831182,56.10022844634857],[-112.99534579368978,56.139614853781374],[-111.09489811852355,55.630323671150684],[-108.91535541937964,55.476214670251125],[-107.09057799559706,54.92239207081974],[-106.7044691766583,54.42481176056552],[-104.72186774859529,54.90332961390289],[-102.82472190454811,55.45896718584204],[-101.53625659139867,56.31840492765533],[-102.32918449115476,57.2751168029486],[-102.3291837015742,57.27511636315873],[-100.13900975348147,57.36438932063853],[-98.02973552624555,57.67424814151405],[-96.07540598850022,58.17742566415927],[-94.36507785009985,58.866807825814],[-93.42414559017169,59.43314114614431],[-93.42414557673202,59.43314127203835],[-93.45051674163366,60.533035468193546],[-93.21002645594093,61.62441777900474],[-92.12414316075117,62.555000869447],[-90.01279208459063,62.74369663690718],[-89.33643548315068,62.670508659047776],[-87.98451496541654,63.498615042848215],[-86.30319551361403,63.87788659553386],[-85.41023867384037,63.52378493470957],[-85.41023882167674,63.52378490953076],[-83.2641838511389,63.29003221246475],[-81.06679369091235,63.22263116261048],[-78.87360342739899,63.13129765446302],[-76.7690729835006,62.82167540948375],[-76.09079268152968,62.63052078861],[-73.97509169506519,62.518615391692975],[-72.12749413249162,61.921201454004915],[-70.09754965432239,61.911620917044836],[-69.39552851892283,62.366435717060355],[-69.3955269464815,62.36643583187572],[-67.42557956530123,62.851828082805014],[-65.28045711967007,62.79336970674047],[-63.7046852721662,62.24253918915428],[-63.70468318901742,62.24253943825664],[-63.162621402984364,63.28795496069286],[-62.217619443141146,64.19921069216149],[-60.63273801966642,64.09589731634568],[-60.632735143577165,64.09589747732221],[-59.58454459758065,63.93285351003432],[-58.55769505059119,64.05883148618052],[-58.30403808870267,64.5778989357637],[-58.57603179964089,65.10895333455537],[-58.9790706878234,65.50509862369871],[-58.979066602163876,65.50509863360237],[-58.1480875239493,66.50884556398667],[-56.45890586549972,67.20025265270009],[-54.331893374495756,67.42268645102217],[-52.55957896050571,66.84887397519597],[-52.17546480691274,65.98022275625274],[-52.1754646590764,65.98022273929901],[-51.71814645360922,65.51556120582406],[-50.663233196782386,65.3661593308778],[-49.674753906164455,65.14694946927038],[-49.495393117131876,64.6231389614747],[-49.6773494423332,64.29369155147849],[-49.67734620337286,64.29369167552609],[-49.685505641750154,62.65540242087244],[-48.42150472695495,61.14815745267849],[-45.49646146168836,60.87024896720059],[-44.18963283598253,61.44844743617947],[-42.126699533257806,61.78049334982674],[-40.50595939164602,62.52181362503977],[-38.912686574538384,63.27885806669582],[-36.88107053747732,63.65497702262664],[-35.66707359294909,63.57517488460586],[-35.667074372449925,63.57517509845787],[-34.86935361104325,63.22047837441051],[-34.42560092412328,62.726304898902825],[-33.37806268592477,62.8146384568272],[-32.967699177874486,62.919032947769715],[-32.96769718880343,62.91903299879878],[-31.064011994696536,63.413243142374384],[-28.875126625314174,63.38008107677652],[-27.344768260969794,62.75668785341799],[-27.407319291630618,62.69090412308948],[-28.464721118296772,62.79461972971332],[-29.386884039813783,62.52222750171856],[-29.117099474546666,62.057099356478986],[-28.488736127702666,61.930694389690785],[-28.488732641452405,61.930694553185184],[-31.548780872917323,61.34441473132351],[-34.84304545803196,61.268259324191156],[-38.144962254957996,61.295086821001796],[-41.400512192170666,61.048543263603975],[-41.47696685120763,61.03655036909111],[-43.40486249976984,60.505201343567165],[-45.31809184828011,59.96103691575805],[-47.08200646884379,59.30520656668771],[-48.450299218820426,58.449614888003595],[-48.876417938511395,57.95715432169279],[-47.2613504582895,57.212265249209906],[-45.97299854235135,56.32244822479113],[-45.130969650121585,55.30979218245926],[-45.088046705713,54.22126609283442],[-45.11723959776476,54.168757380287786],[-46.19774341526641,53.21837628118163],[-47.52459158447749,52.34211070178185],[-47.27245498519913,51.341613926134976],[-46.377969383021906,50.999760182386964],[-46.377969189490685,50.99975990105573],[-47.08129248640255,49.99660284588477],[-49.16768357639674,49.7237778571042],[-51.362213606961625,49.8088969203674],[-53.547638261452335,49.77186099003834],[-54.26107979093751,49.464709710990675],[-52.542863371587295,48.78844593830563],[-51.41903820949081,47.84977153256501],[-51.43955050503791,46.78245858982287],[-53.306984179787776,46.28602479161691],[-54.35224074648279,46.286196548697085],[-55.54981302255408,45.4586092497196],[-55.606982016613735,44.35937587141597],[-56.198361073001585,43.331990225610646],[-56.19836019404723,43.33198948770368],[-55.48508421441073,42.31227992019077],[-55.91811036512527,41.24348352593073],[-57.41140884087267,40.47689788920421],[-59.34744362853543,40.85012128205904],[-59.6651188513056,41.050700730610785],[-61.833572487895594,40.99842027269962],[-63.8561167480562,40.5691341625788],[-65.66448727532878,39.94526411551809],[-66.09581963928214,39.72818579690274],[-65.81814469647678,38.99166287229739],[-68.00431273268573,38.889753739661735],[-70.2030216604802,38.9428474556578],[-70.90202779553078,38.98200223382325],[-72.4153256539352,38.18714955574378],[-73.39442237529592,37.20725324261861],[-73.71291734264234,36.122745271320206],[-73.4875718844973,35.03033744858626],[-73.33628954324367,34.69290435074695],[-73.76034257632745,33.20642646349561],[-76.8289005121797,32.63253845124134],[-80.08039754906416,32.342973750707046],[-81.59351237529783,32.139401053356245],[-83.78565982663277,32.183520547521596],[-85.95188255335087,31.99053756320997],[-88.10788273146915,31.76837653532256],[-90.30206837050353,31.738816613138233],[-91.92266571562706,31.95233711294818],[-91.92266518610408,31.952338125472043],[-95.19419205993663,31.728447140151648],[-98.49316052937002,31.685047265757774],[-101.75146139892979,31.935152575562476],[-104.35050238147514,32.449249308531904],[-104.35050173435506,32.44924929510321],[-106.37615666515185,32.86484653929935],[-108.48370473483864,33.18071889914279],[-108.93187151320416,34.014941112502775],[-108.24862346386759,34.33533468342666],[-106.35828400468897,35.68791352843864],[-104.88071834202913,37.15975341876788],[-104.87957597012313,38.761480295395884],[-107.25229291858925,39.540193725295715],[-107.25229367255473,39.540193302291726],[-110.41291049044581,39.869843090325304],[-112.13625200881192,41.2438989762851],[-112.89479325422897,42.84924320852397],[-113.8956160412869,44.416794047918984],[-114.11347675060621,44.60869713324037],[-115.13335290198634,45.54922148989072],[-114.80407469982883,46.63027157137084],[-114.31212399822854,47.69867559585175],[-114.45443854194461,48.02829260107556],[-116.36504821126387,48.49918757995183],[-117.13194620116593,49.51491124055694],[-117.11891497163913,50.11409766151199],[-117.11891473174106,50.11409732579453],[-117.11861746775557,50.11409732579453]]}},{"type":"Feature","properties":{"stroke":"none","fill":"rgb(255, 221, 85)"},"geometry":{"type":"LineString","coordinates":[[-73.20832495193541,73.5474846762224],[-28.068238268883494,73.5474846762224],[17.071848414168418,73.5474846762224],[62.211935097220326,73.5474846762224],[107.35202178027225,73.5474846762224],[147.85698485356326,62.546695009710575],[147.85698485356326,51.54590534319877],[147.85698485356326,40.54511567668697],[147.85698485356326,29.544326010175162],[102.71689817051137,18.66619491344274],[57.57681148745945,18.66619491344274],[12.436724804407552,18.66619491344274],[-32.703361878644365,18.66619491344274],[-73.20832495193541,29.666984579954548],[-73.20832495193541,40.66777424646635],[-73.20832495193541,51.66856391297816],[-73.20832495193541,62.66935357948996],[-73.20832495193541,73.5474846762224]]}},{"type":"Feature","properties":{"stroke":"rgb(153, 153, 153)","fill":"rgb(255, 221, 85)"},"geometry":{"type":"LineString","coordinates":[[21.737794057932007,29.82809114126343],[22.396061677349003,30.85859061685012],[22.426804921289413,31.957918415688837],[23.355754875894874,32.92801177903794],[23.59184054510905,33.0298709737017],[24.528265240690423,34.023472532406345],[26.19296990109567,34.679548374867906],[27.7102749864555,34.261024107512796],[27.710267917189356,34.26102434922937],[28.38847430769798,34.68701808831029],[28.79359634465023,35.19820666879905],[29.564210193169277,35.57079219848354],[30.11622781756127,35.63870784025402],[30.11623453739604,35.63870824311497],[32.21239626710375,35.32465045291835],[34.03956973196118,34.71407481719778],[35.73846155161161,34.01427177582071],[37.19772406439546,33.494102753328185],[37.197723258015294,33.494104297628496],[39.07292754806468,32.92473853382162],[41.08965075138088,32.4833120411228],[42.92033532989053,31.881265727071693],[43.612125516896796,31.44311667605743],[43.61212957567696,31.443117072204032],[45.215494885702874,30.811984640731545],[47.38499353185729,30.989696677168556],[49.09036999203284,30.553427643919562],[49.0903745346411,30.55342820792489],[50.15203668277448,29.598726926023634],[51.8391351924543,28.898777008258648],[53.825131951416914,28.427685681669846],[54.16279910454739,28.367571301188985],[55.2598166686353,28.410874629956268],[56.33374705777937,28.317452854307817],[56.774702613488394,27.85140148605851],[56.59837414988274,27.48173460002525],[56.59838202552901,27.481732713293123],[57.466257606278745,27.15581589524862],[58.55209890250134,27.09115671282155],[59.6473311677746,27.146340269994187],[60.7358435983068,27.108727325284047],[61.43001932664615,26.72520789763658],[61.43002276720152,26.72520840792711],[62.252543898539926,26.363900376309623],[62.98213315596473,25.95205059166805],[63.824464440757865,25.889993219541136],[63.95104932769274,26.34303553628968],[63.95104155956378,26.343035474517652],[64.72305754192057,26.215630760946617],[65.55262114070561,25.854768065251623],[66.56995372174306,25.74958778563376],[67.02992640976926,26.09886403255662],[67.02992576466511,26.09886194707976],[69.13113473536751,26.088360272586797],[71.08386831236184,25.580637974852756],[73.21054481162878,25.38841874775827],[73.50763830145549,25.430949002477494],[75.69636287863219,25.54296208311922],[77.81259003487669,25.373428963254796],[78.1755619084156,24.709350455886135],[78.17556365557265,24.709352204302657],[77.93937651685387,23.616426467560387],[78.12548234000778,22.5233849781243],[78.99284500921138,21.519312811548822],[79.34116877194695,21.289976752260788],[79.59522779498771,20.23558800238899],[77.93324466765263,19.581165568408483],[76.26602006921951,19.634632770076657],[76.26602789110714,19.634632927192428],[75.19652477100456,19.518403189619594],[74.10935630742057,19.5902677079908],[73.09477885862698,19.80091782353412],[72.18395565823553,20.10844760454417],[71.99346514291307,20.19143696018266],[71.99346363767008,20.19143789616292],[69.97302923090245,19.868636231297987],[67.90248015131033,20.23252458058397],[65.81096518732603,20.55989526336681],[65.31900638160508,20.561289945145873],[64.26434482290827,20.47135817673349],[63.33470608524183,20.757305521656924],[62.487771713651114,21.107987585435513],[61.4451557544004,21.221178922896918],[60.60858672789779,20.972135319553402],[60.60858328734239,20.972136436821092],[59.56471079963316,21.14232728492932],[58.60096890065579,21.407485326260886],[57.67922596881007,21.708250400490535],[56.74678170013922,22.000521823030653],[55.80469446861496,22.226392528829876],[55.80468718431409,22.226391470648426],[54.63962632079511,23.133534672319918],[52.65961021475207,23.598448797679957],[50.49390827522638,23.79034070025282],[50.38424355585872,23.79620415605967],[49.404068677332816,23.560747727137077],[48.410742705907886,23.638172565907805],[48.14925713654599,23.74086433986761],[48.14925877618567,23.740864683642283],[45.96742759364177,23.664396295852423],[43.78838678215504,23.63981338498419],[42.81557310627723,23.897338050612557],[42.81557219237967,23.897339915858737],[41.9155688398189,24.213050944663415],[41.054674011553615,24.555776504685404],[40.08485066213553,24.811102220963313],[38.997312607640815,24.871858687940147],[38.948173816096755,24.870029027793592],[38.948167741366106,24.87002973817171],[37.10534313629261,25.445259909880196],[34.954240037741904,25.677383353336253],[32.91922208434316,26.076412927547224],[32.51845783334114,26.23885799637578],[30.719618578548825,26.872231161936444],[28.97924857895913,27.546137797890523],[27.150008764918805,28.156937944661177],[25.074722201834234,28.49238263231096],[24.991403427828406,28.49275478719906],[23.92077538051088,28.552262037428545],[22.953253574491637,28.812195475818662],[22.12903224432572,29.174606668289076],[21.671898686477626,29.66333155436376],[21.737786666113802,29.828084896918718],[21.737794057931975,29.828085640868593],[21.737794057932007,29.82809114126343]]}},{"type":"Feature","properties":{"stroke":"none","fill":"rgb(255, 221, 85)"},"geometry":{"type":"LineString","coordinates":[[-31.283091173346378,45.34635508432831],[-23.248776992484945,47.149565630238236],[-15.219666450051974,48.9585497778488],[-7.1985525109608535,50.77635909813877],[0.8060894332212234,52.61219224945964],[5.983903805546897,53.864816562591734],[6.87756091929889,54.185922388317515],[7.713105171003519,54.54368389399345],[8.440678478005967,54.95556515214672],[8.97461974694454,55.43488470380976],[9.030310377361156,55.509984699183256],[9.030309167790897,55.509984657218574],[9.557615809492914,56.57772043609917],[10.295991250841647,57.61106611590255],[11.53282723369609,58.132572762642134],[11.532831534390338,58.132572913714995],[12.626984325410804,58.10012986678649],[13.684736712415763,57.94913044884244],[14.71132586580898,57.75054308121491],[15.734000715465513,57.5469251973014],[16.633668990186816,57.45107366655006],[16.6336613295752,57.45107399387458],[17.725675734784367,57.39624156359135],[18.79980771897067,57.275835448132305],[19.86409514526132,57.13509010029862],[20.806367172240957,56.99839119695191],[20.806366903447547,56.99839149909762],[21.89311564615363,56.98106397964653],[22.909675446195823,57.18599221076362],[23.788394636111782,57.51573389809419],[24.360319770924264,57.808049383550674],[24.36032299644494,57.808049618552886],[25.078468509702375,58.22494751946819],[25.783597568669684,58.64737660050765],[26.493665706171672,59.06771374213641],[27.26189401335764,59.46103402132583],[28.22476233381867,59.6517823863071],[28.224754807603745,59.65178196666027],[30.21482459279965,59.18451614050634],[32.17101888468561,58.679492171841645],[34.1491534370012,58.1964262231698],[36.186002545366875,57.77993724290432],[37.43663098902737,57.64578769400493],[37.43663542411828,57.64578797097184],[39.63655368697194,57.681728346126995],[41.81577929391401,57.83497707104021],[43.94080943366938,58.12030543690031],[45.97154349242066,58.54338811786599],[46.43933027307717,58.665011133574154],[49.45707137385301,59.333040691314075],[52.571361985014974,59.88224507746268],[55.72427484635121,60.37370920817193],[58.90058953217325,60.82609163029192],[60.30724568428991,61.01367972737444],[62.46648663710877,61.22729182769282],[64.64994573993772,61.36849249232903],[66.84588693579823,61.44722820286187],[69.04671681143284,61.43771166204224],[70.95810660518276,61.27219823417985],[70.9581041860422,61.27219828453745],[73.05901253821764,60.942949631865844],[75.14120373149869,60.58577038615627],[77.12429416193578,60.11095679225096],[78.67785275572372,59.351621603502004],[78.85651636190191,58.747516921786016],[78.85651837785232,58.747517056073],[78.4716882258677,57.66440637440689],[78.02339125070408,56.58740273741373],[77.53988234149725,55.51417592182403],[77.25459175756512,54.88183950011726],[77.25459578946597,54.88183956726075],[76.60745487241326,53.831210665924864],[75.95274137359085,52.78256676120339],[76.56727026066166,51.77707304101634],[77.57497667843249,51.429792214734974],[77.57498030714324,51.42979176990935],[79.31151637221974,50.76263245057134],[80.52288418140556,49.848792743792515],[81.27686643894044,48.81658535599544],[81.56162064566348,48.360571452952556],[82.97206234948328,47.52927676297056],[84.84009240956641,46.951360141219276],[86.89837779075607,46.564145723298765],[89.04938009178565,46.33259509775558],[91.09278103902389,46.231917628544274],[91.09278480213135,46.23191865248252],[94.36905326661933,46.03231051913781],[97.58348621501007,45.655385841307584],[100.72821767754904,45.15194394116412],[103.79824137735419,44.54413377800453],[104.61169027484337,44.36013429072554],[106.81203685996344,44.40206654267964],[109.01323632650883,44.430262612690505],[111.21507417735461,44.438951400152554],[113.41561846001274,44.40547197664509],[113.87641782210879,44.38433602799186],[116.86385125863217,43.70399034797759],[119.62837447152143,42.80128596963661],[122.40208705841911,41.90609536765437],[123.55511299358949,41.68584232279652],[124.65465966155996,41.68779089406673],[125.75469660867309,41.66683163351169],[126.85055045865987,41.710529457149605],[127.87757640131129,41.89999789932192],[128.11315700774634,41.982313721810115],[128.11316077085377,41.98231360430901],[128.94423256934815,42.342746279511935],[129.68134804168295,42.750647187552794],[130.2709127426907,43.21422263954873],[130.5903568866943,43.59007931621542],[130.5903606498017,43.59007901406971],[130.86996921027023,44.12180121573427],[131.08990940134544,44.6607326476655],[131.28664936297713,45.20191128833177],[131.46949606628164,45.74430690478359],[131.63298964553186,46.26216996798591],[131.63298655440784,46.262170824065436],[132.7307082496593,46.24751799917463],[133.7803128370407,46.08885792848391],[134.64043488431076,45.75230117675424],[134.66617185136909,45.736333615154095],[134.6661801839641,45.73633307800616],[136.22680307122195,44.96146205191521],[137.8470728244019,44.216538584171595],[139.42833393690987,43.45110487797313],[140.89475307369298,42.63119891596634],[141.72015037493858,41.99826449753734],[141.72014446148395,41.99826474932545],[142.7288983670943,41.020483204398126],[143.77311028709596,40.05196981133613],[144.81718781040283,39.08342284652833],[145.83512517656692,38.10797688795689],[146.7571201022154,37.11666408302275],[146.75711754867817,37.11666433481084],[147.33746183004104,36.0569530424721],[147.67809025306585,34.97034683706068],[147.9131164731348,33.87659194802616],[148.00562628766798,33.43635015187932],[147.4867093596402,32.374405297720195],[146.7034454222211,31.34629576114587],[146.0246245162651,30.30088838254375],[145.97212043148267,30.12071214639265],[145.65718395262343,29.597321109167904],[145.0682072371555,29.13356101257002],[144.3474881615889,28.71821556989615],[144.05532654663403,28.576202888658194],[144.0553182140389,28.576201277214395],[142.30071492796594,26.614218082672977],[138.72839741960715,23.83817645280969],[135.1560799112483,21.062134822946398],[131.58376240288948,18.286093193083094]]}},{"type":"Feature","properties":{"stroke":"rgb(153, 153, 153)","fill":"rgb(255, 221, 85)"},"geometry":{"type":"LineString","coordinates":[[-80.10484736537698,70.86213667631914],[-79.4370951696114,71.8741650025408],[-77.39199746410108,72.18437947409848],[-76.06161718175422,72.02354510830814],[-76.0616167718443,72.02354504536112],[-74.99322645637481,71.89835580590916],[-73.8994137561906,71.93379393096116],[-72.93347951112895,72.18406946000827],[-72.47221745481178,72.67061087120909],[-72.59144412270521,73.16102667169962],[-72.59144508364159,73.16102669687842],[-71.71621924685458,73.48488491057725],[-71.65649671559332,73.47817370876673],[-71.65649480044041,73.47817396256913],[-72.11125733179851,73.95064829619454],[-71.27498229806578,73.97809949309529],[-71.27498399952795,73.97809934856893],[-72.27793443275732,74.18363568754663],[-73.35442675889642,74.29590852302506],[-72.70816345226088,74.58312372591132],[-72.64669376396695,74.59502386068334],[-72.64669214583074,74.59502363306692],[-69.35686846967812,74.73394846586544],[-66.05984875231964,74.65757851429504],[-62.76648714499832,74.53492151819124],[-60.395015465907655,74.50833217095243],[-60.39501203341607,74.50833191009995],[-59.297918446493746,74.54671306934793],[-58.728731644338275,74.37642825711251],[-59.27796053731276,74.11788070235404],[-59.27796003466913,74.11788088246645],[-60.06945627228967,73.73559293813094],[-61.02059008133413,73.54854638268358],[-61.318732349208545,73.88069264630766],[-61.31873234383267,73.8806928564668],[-63.26025220197871,74.3913755523752],[-65.4237617954201,74.53015747763762],[-67.21922184019641,73.95660570739996],[-67.302546273647,73.8879698788312],[-67.77845068724494,73.43877411770936],[-68.26309356856432,73.49407570055084],[-68.26309428893062,73.49407560403206],[-68.20038071084328,72.41653989893076],[-66.54547020957318,71.80921259189644],[-65.36818456221474,72.04637179722377],[-65.36818346150582,72.04637168391912],[-64.27648860997397,71.9975180878116],[-63.18041216546135,72.04824814307935],[-62.085129501427545,72.04616774395627],[-61.68320778577073,71.86987516289672],[-61.68321101935522,71.8698750145096],[-60.678768887642754,72.07190861777563],[-59.6548592683525,71.89525487816938],[-58.78000398341264,71.56157034666117],[-57.81366654826652,71.30718201647325],[-56.831092312427295,71.38354121459382],[-56.83109209201673,71.38354110414278],[-55.85829543613633,71.63949010640331],[-54.90796800726081,71.91682892131952],[-53.85086240434969,72.02616239308487],[-53.05926587185167,71.66886643310276],[-53.01565414438214,71.62649915217176],[-53.01565378957487,71.62649904432253],[-52.023436945689454,71.40416187261887],[-51.162130527546275,71.06183497707836],[-50.13956487520425,70.88073363685066],[-49.455536097323915,70.93157922613425],[-49.45553222132324,70.93157916108898],[-48.47181948957869,70.69209819362122],[-47.66878243843401,70.86541338047438],[-47.57131963530821,71.00252314428835],[-47.571318944509215,71.0025232536483],[-45.47506718783149,71.297626133764],[-43.27480009835644,71.26902772736196],[-41.09155939015656,71.36694024857081],[-40.03413459509524,71.61477212171405],[-40.03413554393591,71.61477220253802],[-39.307695260205314,71.21565966725561],[-38.89976769224867,70.70506947690797],[-38.436829877142955,70.20710134500685],[-37.661738938727666,69.82458572567302],[-37.48361291932877,69.77967545056686],[-37.4836105485711,69.77967547431886],[-37.69452333247067,69.3046502300803],[-37.5445030218763,68.8123320730078],[-37.44242033236601,68.76479762419609],[-37.44242297191712,68.7647976236348],[-35.88065514040054,68.11404252641873],[-33.73944699850607,68.35914964585675],[-31.622262265810917,68.23550402085172],[-31.560999970432654,68.21327303370424],[-29.79166168523554,67.67691459414952],[-29.300105773926273,66.60696895772388],[-28.64616505609907,65.94480010567734],[-28.64616144620389,65.94480019657284],[-27.634653531906118,64.98936421900407],[-26.963972025780212,63.947797133387304],[-26.02363195128861,63.5301268473162],[-26.02363250769096,63.5301268647735],[-26.114257322565365,62.9873142068344],[-27.072934146106668,62.876826968586165],[-28.07201397602865,63.10691092848435],[-29.07074101462672,63.33766474962313],[-30.017868122206792,63.41903007205812],[-30.01786959250665,63.4190298899314],[-31.09231929854329,63.32832760782015],[-32.09345707785473,63.10011317451667],[-33.08052520317705,62.856576911161326],[-34.131515756473796,62.70594415962854],[-34.80745553328457,62.94503898592511],[-34.80745298512327,62.94503886557041],[-36.203123210037646,63.634930493910765],[-38.352327955273985,63.44851393325585],[-39.990632064940236,62.81431637789084],[-39.99063591406162,62.814316481963246],[-41.32972713296692,61.9742715648672],[-43.37710118249579,61.5751113755827],[-45.28130075307274,61.04213892853248],[-45.578318058789044,60.87405220453222],[-47.615200156167404,60.623318810167426],[-49.12346706380052,61.39077626316791],[-49.714921718329194,62.44315135270088],[-49.723609287334405,62.65623513445547],[-49.88778106724979,63.744047060724675],[-49.851191567084676,64.84136370216605],[-50.57717731312957,65.43299936538611],[-50.57717529717917,65.43299945812805],[-52.24496469772226,65.81341288198777],[-52.60506384190935,66.89521413128035],[-53.80084163449585,67.34037141537176],[-53.800838072983474,67.34037137445621],[-55.91729558516291,67.40648834594887],[-57.51894299631662,66.66930277219518],[-58.668765519067634,65.73173885685888],[-58.897704348362026,65.5361318612516],[-58.76948744204286,65.01075204387669],[-58.24897744279302,64.526180874508],[-58.32901067455917,64.03453865617841],[-59.11912044362073,63.93139156541607],[-59.11912197843102,63.93139166864919],[-61.269643956425014,64.11876859273622],[-63.224922670827524,63.70797684264614],[-63.02748552634146,62.871740849096184],[-63.027482800776525,62.87174060402244],[-63.21347375238743,62.3365117512574],[-64.19887871861134,62.283760571980295],[-65.12070564839128,62.58277204704998],[-65.98506539144495,62.92343923940708],[-66.41078792177528,63.06700461388868],[-66.41078734655744,63.06700462060303],[-67.34977982942196,62.78444119603101],[-68.3730510644118,62.58162641122426],[-69.38252563869887,62.362809968513034],[-70.27202596347756,62.04316183638319],[-70.58029838222414,61.82886551450996],[-70.58030008503029,61.82886574363712],[-72.62309034443894,61.896769615992824],[-73.69652094587414,62.83945479624049],[-73.76434927779181,63.92680167829382],[-73.75155632117328,63.94855290052895],[-72.64056191476573,64.89809155964588],[-71.77128829255764,65.90390971928265],[-72.31487252434964,66.9190351208863],[-73.1264762183854,67.21160713140969],[-73.79523951811717,68.2530431270176],[-74.40583310196777,69.30517488696327],[-76.26807990427687,69.74657115197691],[-76.77181346247285,69.70521112906624],[-77.65040870906891,70.03639570569213],[-78.56782994719676,70.34043743476855],[-79.48760732738069,70.64272176163566],[-80.10480314886439,70.86210918630489],[-80.10480332626804,70.86210917434495],[-80.10484736537698,70.86213667631914]]}},{"type":"Feature","properties":{"stroke":"rgb(153, 153, 153)","fill":"rgb(255, 221, 85)"},"geometry":{"type":"LineString","coordinates":[[-113.83770385030446,74.34718684267007],[-111.75845239992721,73.08459508450214],[-108.9326925930116,72.23565349656002],[-105.99684929334711,71.48031413240005],[-104.20062563679008,70.85108088270428],[-101.39466547350762,69.98571233613342],[-98.39581112345549,69.29451126778197],[-95.44825221190962,68.55192041345879],[-94.07548399823675,68.09367794884476],[-91.32316825889266,67.20154936138194],[-88.16718527305909,66.72033182582402],[-84.99160976905858,66.26995479095756],[-82.39300767571977,65.53434433532462],[-82.3930093691181,65.53434423293079],[-82.50698447272174,64.45300994312217],[-82.20343273788075,63.36788141908484],[-84.07746865026373,63.16332142805459],[-84.38632953837825,63.210537423776834],[-86.264027276867,63.77184184346143],[-88.22719339729684,63.51846276388188],[-88.61441547445754,62.75518184588337],[-88.61441429176665,62.75518173711092],[-90.80029371779331,62.73754461448778],[-92.66179293848748,62.18417470906628],[-93.47490134195034,61.18080335268458],[-93.24677975207787,60.16130549346864],[-93.24677806539935,60.16130554164409],[-93.87455931327875,59.119808698694676],[-95.39315376692954,58.33321220323219],[-97.32251071881839,57.80785529689522],[-99.4083054234793,57.457892927417404],[-101.293935150739,57.24846188589374],[-101.29393434771873,57.248461449796764],[-102.00411668545222,57.025349308836084],[-101.62111340453988,56.509943277780145],[-101.59312319289499,55.970010988177],[-102.2471941075203,55.60120332901303],[-102.24719389046963,55.60120320513329],[-104.08997228861551,55.000407562493294],[-106.15995858204808,54.653056445369145],[-107.97448825785052,55.164027858627215],[-108.20117132396419,55.39445436414087],[-110.38515127312013,55.51343524518213],[-112.44638078190573,55.89145520121935],[-114.18527031790401,56.557003521584186],[-115.23417982237937,57.51264005189452],[-115.33605671695072,58.50861303479371],[-115.33605746419634,58.50861290688537],[-115.69920498615156,59.58435668220199],[-117.21799158507699,60.34637236503035],[-119.36687713816312,60.54185854263881],[-121.31414664953364,60.42203521170467],[-121.31414630984597,60.4220352575301],[-122.85325654865407,61.20344329876414],[-124.70054751876758,61.800374642606215],[-126.61928713176552,62.34000163914589],[-128.413287712434,62.97502904610263],[-129.59448976347747,63.642241266119086],[-129.59448967410367,63.642241412659764],[-131.57806843190747,63.94986651678128],[-133.41134211549402,63.34714666957991],[-135.40412997619507,63.61711753540821],[-135.52380520658113,63.67287861188099],[-136.75369459924704,65.56260938478195],[-136.24756504634308,67.74753610551821],[-135.60798580970317,69.92434502075042],[-135.29365261188255,72.11599513928299],[-136.6634272486696,73.0593023948322],[-132.31821832961754,74.34749046134269],[-126.83707435078814,74.57862144006327],[-121.33309028365835,74.56267695903838],[-115.83582972617927,74.4207083407168],[-113.83575511973305,74.34749486478073],[-113.83770385030446,74.34718684267007]]}},{"type":"Feature","properties":{"stroke":"rgb(153, 153, 153)","fill":"rgb(255, 221, 85)"},"geometry":{"type":"LineString","coordinates":[[-136.69576296442278,61.00322897719124],[-137.26185742714725,62.622902872695754],[-135.68144403754147,63.961316580336074],[-132.43168772659786,64.12689715169009],[-130.3289188844369,63.95056054464309],[-127.79166624978879,62.8941793647009],[-125.21392924332099,61.86293611547878],[-122.42125832266008,60.98548398468809],[-119.31216613365484,60.4453151191887],[-116.44448925759345,60.38993485256796],[-116.44448880736451,60.3899349532832],[-115.5469524304541,58.80198917759433],[-114.81725397571478,57.193012902105814],[-114.38227697297697,55.558078323287965],[-114.33992941441808,53.90921461731079],[-114.48045464556218,53.07495986453618],[-115.33848215730258,52.06209611381299],[-116.22257721501141,51.05487239959975],[-116.84530430046635,50.00068600946871],[-117.0506871421862,49.488152393770015],[-115.9723536686859,48.54719937292613],[-114.35968362860847,47.800051777022695],[-114.32592695877638,46.775282629156315],[-115.12771874054562,46.21613261331196],[-115.12771944948818,46.21613251931107],[-113.59987611433243,44.16147042987517],[-112.53510150002307,42.02691588435075],[-110.51037329357159,40.09831980289292],[-106.4807760922769,39.38160499456484],[-105.75058207660474,39.404993597290286],[-104.74152326521293,37.362810025056156],[-106.7674169430023,35.420210329127976],[-108.75408358549066,33.472218171529306],[-106.82124281927828,31.655999312697023],[-105.8323847214962,31.372767022286695],[-103.66699859068396,29.496244975475122],[-100.03903121222449,28.2594870387013],[-96.30127223383772,27.101526185808137],[-94.03292901853891,25.27660385187501],[-93.99797516646876,24.337762030552387],[-93.6689953686527,23.295018966126772],[-91.69867682412035,22.835438551882035],[-89.95747944487819,22.242146070550486],[-90.34703666461142,21.18188739089635],[-90.51888555870185,21.002872643149335],[-93.65296016300182,20.483645435699376],[-96.60480716909184,19.74986778756416],[-98.98686678779642,18.62243624101555],[-100.11795147136165,17.089147466452168],[-100.0104152159693,15.632838705027556],[-100.0104145171065,15.63283716744159],[-102.02827029144966,14.518785499183613],[-105.19608438632423,14.943337993145459],[-108.3048269339281,15.492592736912766],[-110.27758228205285,15.328186798812048],[-113.54484276775143,15.569786769931069],[-116.817335088305,15.793294864119028],[-120.08346141541558,16.03861620014603],[-123.32721804265768,16.34850019983089],[-125.77054050474305,16.65653355702807],[-125.77054081385546,16.656532151043347],[-128.92870376195782,16.979485358768883],[-130.93681927696036,18.266924042308766],[-132.15162680155424,19.800351300323605],[-133.3360497796364,21.340048081868172],[-134.48808243240936,22.3070864163487],[-134.48808243230437,22.307087763247143],[-136.8745020032659,24.066686525875046],[-137.38846068863026,26.247918387477892],[-137.43968814130852,28.447837122091375],[-137.91945677999874,30.624398314558615],[-139.54399233635095,31.014212784291235],[-136.69576296442278,61.00322897719124]]}},{"type":"Feature","properties":{"stroke":"rgb(153, 153, 153)","fill":"rgb(255, 221, 85)"},"geometry":{"type":"LineString","coordinates":[[-158.38986842875278,21.11271552796946],[-157.7226764152108,21.179818532060914],[-157.72267592802277,21.17982034493518],[-158.77635910230066,21.291037529456066],[-159.1165129369969,21.24472530611331],[-159.1165137265775,21.244725003967595],[-158.38986780716803,21.11271700512627],[-158.38986842875272,21.11271552796946]]}},{"type":"Feature","properties":{"stroke":"rgb(153, 153, 153)","fill":"rgb(255, 221, 85)"},"geometry":{"type":"LineString","coordinates":[[-153.08205482146022,19.919679888636253],[-153.6821846818421,20.0112699898334],[-153.74594541379307,19.98568412305914],[-153.74594438901826,19.985684626635326],[-153.0820551406524,19.91967787433151],[-153.08205482146022,19.919679888636253]]}},{"type":"Feature","properties":{"stroke":"rgb(153, 153, 153)","fill":"rgb(255, 221, 85)"},"geometry":{"type":"LineString","coordinates":[[-141.13996964502783,21.675955958894868],[-141.92070100356992,21.288679114313016],[-142.69674479355197,20.898957306627437],[-143.63542170894516,20.618431798652054],[-144.72295136364647,20.582967445673663],[-144.7236516964234,20.583026196228825],[-144.72365213657258,20.583027505526925],[-144.13451118498367,20.230254291273678],[-143.09167998102646,20.39784444634944],[-142.1167254077991,20.65315757322268],[-141.84569662313072,20.722739212878906],[-141.84569636609703,20.722737534291618],[-140.76440801494513,20.807180546523597],[-139.98724600246322,20.8899474893461],[-139.98724596802407,20.889949537222602],[-139.22004352004944,21.27473425039783],[-138.51100908212598,21.690566483385936],[-138.02530362693818,21.77496165588015],[-138.02530366389726,21.774963065893477],[-139.02315314961672,21.939056152923605],[-140.02809997275347,21.717814151577716],[-141.09080876286706,21.66553455041751],[-141.13996960386888,21.67595438102281],[-141.13996964502783,21.675955958894868]]}},{"type":"Feature","properties":{"stroke":"none","fill":"rgb(0, 255, 255)"},"geometry":{"type":"LineString","coordinates":[[-13.383395336930343,34.66403827866202],[-11.823932360347179,35.900250624208844],[-11.844738648664206,37.54977737216574],[-11.772004837385548,39.198064063761834],[-10.312943919643915,40.597208535011106],[-10.261462902821512,40.60831497496169],[-6.676639746208813,41.85723378986429],[-3.6285983058003968,43.44039758929435],[0.5036296715256635,44.07399714793716],[4.851623142594043,43.76120709400575],[5.04763234907695,43.736334512685985],[8.867152789847978,41.048465254529454],[13.6298020634075,38.769988634724214],[19.18016716490208,36.98707294773391],[24.991110658068486,35.41804914799156],[27.80263994823104,34.48632052159953],[34.09095966814353,32.26184762696092],[40.72869482826432,30.308244791344027],[47.74006959957544,28.714954914084505],[54.99760871703877,27.420961347175503],[57.078738606500124,26.838021505957194],[62.492425199209286,26.339686754645278],[67.95084616185918,25.992815084015966],[73.44740218666463,25.842342322834277],[78.94279903997726,25.681298658191153],[80.90499753108371,25.616548825336064],[85.30066988271932,25.482579101814515],[89.70064967530327,25.39055894655356],[94.0988151125072,25.286868413155943],[98.36498619580962,24.763984275721153],[101.53511863366985,24.182706282920808],[101.5351181229624,24.182705900202915],[106.3514929859842,21.99570427750713],[109.49671163654195,19.098571722412064],[111.89077036015604,16.02385302492677],[113.85037496817311,12.872611729339331],[115.51202210377114,9.820625300234573],[115.51203032884882,9.820624951088421]]}},{"type":"Feature","properties":{"stroke":"none","fill":"rgb(0, 255, 255)"},"geometry":{"type":"LineString","coordinates":[[-100.15255074127192,15.086482948654288],[-102.11100615675075,14.676048145955047],[-104.24325801890438,14.926917212976898],[-106.22187135944526,15.407878632833377],[-106.29996996086919,15.429685584670127],[-107.3654486357838,15.567831215737726],[-108.45009716133988,15.66066128936631],[-109.54911353355169,15.677631806872478],[-110.62743071481268,15.574633690732163],[-110.75177285690275,15.552598036077143],[-110.7517733877697,15.552597407614062],[-111.66194604853523,15.866673890226835],[-114.95386381957992,16.0013274933788],[-118.24578159062463,16.135981096530763],[-121.3838053614733,16.33788666863279],[-122.45935069105765,16.45542799689423],[-123.534896020642,16.57296932515569],[-124.61044135022634,16.690510653417142],[-126.1527410803961,21.613229770447955],[-126.2276777375008,26.55889346890154],[-124.75922847564397,31.44949530776104],[-122.08456415288131,36.214620648427356],[-119.51335411517766,40.374229171647976],[-117.3916174151477,44.07219056836584],[-115.87341670181378,47.846926327107745],[-114.08125987580237,51.59043826401368],[-111.43073025950194,55.202433935832076],[-109.71652403391423,56.92216702749836],[-106.98730673531695,58.64244050475675],[-103.52145746993416,59.99124099581508],[-99.52103275120912,60.8999216694685],[-95.2259852780553,61.370271270298346],[-92.45539527740478,61.46697826637272],[-88.07034405464684,61.668779693739445],[-83.72973820189695,62.033642672770924],[-79.46934197657511,62.58999364430849],[-75.21924389799398,63.166348655321144],[-71.22854404010829,63.68110738115323],[-71.22854475913061,63.681107202551544],[-51.562187489062424,63.58111131347013],[-33.512156988182824,59.613307067376496],[-17.874639557074936,53.54807075824465],[-3.498922294884599,46.734751040794954],[7.2821767376604365,41.39240725923198]]}},{"type":"Feature","properties":{"stroke":"rgb(153, 153, 153)","fill":"rgb(0, 255, 255)"},"geometry":{"type":"LineString","coordinates":[[-109.69142174180756,33.376945887680144],[-105.54746034503805,32.63228246667955],[-101.34087739630206,31.984049823332487],[-96.99280202724778,31.6605860524681],[-92.62896234588062,31.892012882198625],[-92.28386294800919,31.938977666422055],[-87.89279342109764,31.825670916012903],[-83.5171520299665,32.06230556281198],[-79.19125421550608,32.4737440935674],[-75.79231560460912,32.80897476133764],[-75.79231762055954,32.80897511719814],[-73.20382266265891,33.63118458440053],[-73.47012971344749,35.26267910839006],[-73.7885238832728,36.897157321288326],[-72.25179427561456,38.028080329401014],[-72.25179345579473,38.028079758681336],[-71.06820038339295,38.8806641894841],[-68.89298147791521,38.98184313664842],[-66.69958541946289,38.886990365334874],[-65.59784331428423,39.5015379582314],[-65.65693688917322,39.570170454132956],[-64.66125374755748,40.43865547426016],[-62.66657160219202,40.89720565555539],[-60.50831187964209,41.09518663352425],[-59.409324906707255,41.00049332800331],[-59.40932869669405,41.00049312657282],[-57.5297451306629,40.46826995053143],[-56.10186424611983,41.19303987961942],[-55.74843453791327,42.27653440384123],[-55.70405842924193,43.37603006140899],[-55.756288344766894,44.11613598362909],[-55.75628460853877,44.11613677592231],[-55.596851865741584,45.21197861560607],[-54.60576863916148,46.16841457311348],[-52.57773931389345,46.560385687768225],[-51.87599871815466,46.598244948377356],[-51.11842640234904,47.52302822178196],[-52.26796333212357,48.454251798187215],[-53.684748089550446,49.29619761131726],[-52.980072619428164,49.86916030232768],[-51.91728538280378,49.79149916882407],[-49.78156567937376,49.58630365625272],[-47.74158344806008,49.96165465849817],[-46.64838393279598,50.87585735977855],[-47.57583032437817,51.83270666940622],[-48.05670699367888,52.02163425396768],[-46.63722060733239,52.86127152278307],[-45.54591944538263,53.814118450840134],[-45.05361595245844,54.87971818542899],[-45.546163039392006,55.93965058967855],[-45.680797065336776,56.059474101060836],[-47.24363529395338,56.83141897182243],[-48.2803041994582,57.793373285047096],[-48.09750789491425,58.86417139465098],[-46.57601131263467,59.6402452460366],[-45.11970552713687,59.98620575850235],[-45.11970578786644,59.98620597252223],[-42.38025569762521,60.887162307827175],[-39.18389070489453,61.283156261835124],[-35.886476197245,61.34210195277242],[-32.59708349231764,61.19942413132063],[-31.71530199844798,61.13925374141766],[-28.738092395356915,61.819791176529634],[-25.475705026295213,61.695862125994815],[-22.420490162300695,61.0732688543919],[-19.536286692672984,60.421287191243366],[-19.53628641581578,60.42128720383276],[-18.482700603207498,59.4610833298275],[-17.68705537027798,58.43537627131259],[-16.593419065755715,57.486928291073475],[-14.600433678662387,57.17292755605885],[-13.360901362118092,57.43787262662794],[-13.360902362029492,57.43787304627477],[-12.321603321270798,56.5068441859952],[-10.324838027135607,56.060112308341594],[-8.158867294220284,55.86691425503338],[-5.972611060180363,55.73702412138344],[-5.320022709094786,55.432923904031135],[-5.320021652736763,55.432924125604664],[-7.815752532341272,54.35337091259065],[-10.272053725244508,53.25091359757236],[-13.080205465190161,52.39267394743761],[-15.98849954236461,52.037529988817674],[-15.98849579807271,52.037530395035795],[-19.249576543651806,52.049482579442525],[-22.428629562130816,52.49575074735715],[-25.662986820528833,52.80239717180562],[-28.36709031930244,52.027797329884386],[-28.828098015091037,51.345360709218866],[-28.104991565020445,50.93283700535194],[-27.57561978370581,50.45095865718806],[-26.932707994647387,50.009242608181644],[-25.944312701963725,49.778638286223426],[-25.113069144493373,49.71856374533332],[-25.113068881075865,49.7185639333351],[-26.399556306290908,48.890418017964684],[-25.560912530811976,47.88506173211203],[-25.111355586634417,46.83332817765912],[-25.35015342415704,46.515739025878524],[-22.82966089968443,45.45003376689966],[-20.322305762335912,44.37652683705586],[-17.520327870558607,43.50964980619484],[-15.293819826419686,43.12309633201992],[-15.29382289335224,43.123095492726286],[-16.750570800969058,42.3112538837095],[-18.489958024727855,41.63691501152814],[-19.79809145418506,40.77092553369692],[-19.415497663202245,39.72058520669506],[-18.963491745139578,39.394487843158764],[-18.779549302894242,37.87068339564634],[-20.918565098704466,36.61635064994179],[-22.269218282485777,35.15655252518723],[-21.82096932994915,34.45260310127167],[-24.463185526891092,33.529416033450445],[-25.709110086232844,32.00828862380618],[-26.788323945442084,30.451130337973],[-28.981745203274677,29.253714290818447],[-29.967653998516052,29.043184798557817],[-31.00578462666516,27.484458107903954],[-33.02676652524848,26.189977750680743],[-35.81289400683029,25.319101485600278],[-39.020691118414234,24.95839405922965],[-40.313541670726764,24.96051673357363],[-42.769745719011055,25.89919607436088],[-45.1278785261407,24.80338071942737],[-46.6607652283064,23.342938436800104],[-47.9386930006025,21.983375053858985],[-47.93869319144581,21.98337302612554],[-47.15775580596251,20.990637547962084],[-45.309977647830245,20.401432426682717],[-43.37522802856172,19.87906865130796],[-42.22969780025154,18.982132318543695],[-42.648603898216415,17.968525776158618],[-42.64860532550931,17.968524829435392],[-41.735873944717184,17.03380444348694],[-39.61926879776845,16.74719405658378],[-37.95993160536264,16.12351075235913],[-38.00049420781844,15.371402931012508],[-38.00049757042373,15.371403401016954],[-36.1062819916254,14.027131478287135],[-35.03236840206818,12.474580914566165],[-36.408808951668355,11.186357491467993],[-37.729745128543335,11.21794525452876],[-39.743980530769264,11.475317900577744],[-41.69439576477794,10.970029554414824],[-43.74690208809029,10.603224659711728],[-45.73202526853657,11.00987082375299],[-45.89107280083913,11.084142649814968],[-48.08020432045601,11.201880227436178],[-50.22409199645349,11.071814891237803],[-50.80827242987496,10.06381902687097],[-50.78425819728196,9.95150134575092],[-51.858305406721094,9.831565492899905],[-52.90132455605625,9.656358747993844],[-53.90064797998759,9.42598103531983],[-54.92112208376646,9.325186064998194],[-55.120348384252324,9.450656268489041],[-55.12034886539248,9.450657393813964],[-56.18485420517205,9.364389471166016],[-57.28527754278279,9.378871483014132],[-57.807173507947965,9.36117078003663],[-57.80717490298566,9.36117147027172],[-59.213567720906475,10.205332328390021],[-60.30829599857414,11.158702765858283],[-61.178161806218775,12.168926954853161],[-61.820242015727985,13.064533007189771],[-61.820238706881376,13.064532307554586],[-64.7314256218411,13.545062190818971],[-65.95609450391751,15.071603044474848],[-67.90666933400126,16.299414110990718],[-69.4647674355424,16.177040731849107],[-68.53222294994417,15.943331192605207],[-67.45381547090385,15.832745861912176],[-68.36378189236584,15.822422550076087],[-69.06497984800961,15.837492067475845],[-69.06498040441191,15.837490358002551],[-72.34009290411221,15.633740945696161],[-75.57112804421011,15.291829500510039],[-78.81507786670099,14.984715169854367],[-81.18674694093717,14.980527094564762],[-81.18674514539732,14.980528842981276],[-82.13287447309953,15.261799573884376],[-83.09552019903477,15.528203966279078],[-84.15870305248984,15.60314449585999],[-84.78397107545622,15.3962208441014],[-84.78396966294697,15.396221182504593],[-86.94406195297313,15.271552166041735],[-88.97160409022241,14.857381734471156],[-91.04610947251837,15.008496555291424],[-91.04611076138264,15.008498350708392],[-93.21557871939575,14.900475266684523],[-95.2977489131932,14.550460441353883],[-96.79178237086539,14.778047502657568],[-96.79178320950076,14.77804830837946],[-99.62486049780372,14.828606551845088],[-100.19581755642379,16.434674674852953],[-99.68373674987727,18.060344500944716],[-98.36100657939343,19.28006477672075],[-98.36100675948501,19.28006647545109],[-96.45043156560592,19.82641556447564],[-94.49628262341925,20.331338817902903],[-92.38084924765349,20.62604838848235],[-90.99469433695575,20.670564523424357],[-90.99469510167293,20.67056628929819],[-90.20914985562139,21.685450988618374],[-90.96927236215092,22.67462569299135],[-93.00506729644161,23.031535315617397],[-93.65575826052502,23.017089729113483],[-93.98746093672216,24.657784254324365],[-94.96032921125725,26.22863561597917],[-97.08911405867417,27.46535998100718],[-100.13148983841653,28.004736238570366],[-100.13148903741222,28.004737756013274],[-102.70418486888016,29.025711779160392],[-104.67581588113539,30.34742721517071],[-106.49285709517231,31.725245234895166],[-108.64932766172247,32.97045485867627],[-109.69127861470344,33.37697338965431],[-109.69142174180756,33.376945887680144]]}},{"type":"Feature","properties":{"stroke":"rgb(153, 153, 153)","fill":"none"},"geometry":{"type":"LineString","coordinates":[[99.75307557893346,7.491537762894545],[99.16185779857939,7.5250900370904175],[99.16185054115788,7.525090171377405],[100.14302086912296,7.283818292901564],[100.34980698369255,7.260519501310501],[100.34980550532892,7.260521179897799],[99.75306885909869,7.491539273623096],[99.75307557893346,7.491537762894553]]}},{"type":"Feature","properties":{"stroke":"rgb(153, 153, 153)","fill":"none"},"geometry":{"type":"LineString","coordinates":[[100.01731023268786,5.302380619258685],[100.50048247817416,4.826160872780186],[100.55239320154895,4.805694697241712],[100.55238540654065,4.80569496581568],[101.20465396069089,5.20639026933843],[101.41115448228396,5.235824297475991],[101.41114803124258,5.2358258417762835],[100.6499652019893,5.503391111569301],[100.01730956070442,5.302380283541235],[100.01731023268786,5.302380619258677]]}},{"type":"Feature","properties":{"stroke":"rgb(153, 153, 153)","fill":"none"},"geometry":{"type":"LineString","coordinates":[[100.74395553051265,5.901923656083589],[101.27682498580998,5.702257544333867],[101.27682874891748,5.702259323636395],[100.74395889043,5.901925502529607],[100.74395553051265,5.901923656083589]]}},{"type":"Feature","properties":{"stroke":"rgb(153, 153, 153)","fill":"none"},"geometry":{"type":"LineString","coordinates":[[100.82102397119104,4.642333239267984],[101.4081977549979,4.17948092267676],[101.95487311077078,3.7058087681289296],[101.95833382566241,3.700114160746177],[101.9583339600591,3.700115604331255],[102.04757323102385,3.153910249379203],[101.9946713320248,2.945463279654553],[101.99466622495032,2.9454614332085356],[101.76644894463118,2.407518017756454],[102.25704727948985,2.4432467482330993],[102.27211650889667,2.4542750667311775],[102.27211261139253,2.4542761745987898],[102.22146575453587,2.09070145256215],[102.2214676360896,2.0907000761205703],[102.98781250799432,2.382381173082378],[103.22628264336804,2.918274362017938],[103.30416552801702,3.4666310615848803],[103.2685000051288,3.780421973188205],[103.26849745159159,3.7804213688967883],[102.66336208710861,4.233791614458376],[101.91895559407976,4.638671065376468],[101.63354741303965,4.9652066509823225],[101.63354553148592,4.965206415980103],[100.90767086430931,4.930027657843298],[100.82101859532324,4.642334582137815],[100.821023971191,4.642333239267984]]}},{"type":"Feature","properties":{"stroke":"rgb(153, 153, 153)","fill":"none"},"geometry":{"type":"LineString","coordinates":[[101.07424884770569,2.2551618816349164],[101.27573301266453,2.0213967798088364],[101.27572777119344,2.0213951012215396],[101.52393010882598,2.534704576751761],[101.46839067469101,2.6192885903161414],[101.46839887288941,2.619288019596465],[101.07425556754045,2.25516104234128],[101.07424884770569,2.2551618816349164]]}},{"type":"Feature","properties":{"stroke":"rgb(153, 153, 153)","fill":"none"},"geometry":{"type":"LineString","coordinates":[[101.67978659589299,3.712766512447737],[101.8163101184099,3.282087174875853],[101.8163078336661,3.282085597003795],[101.67977987605823,3.712766512447737],[101.67978659589299,3.712766512447737]]}},{"type":"Feature","properties":{"stroke":"rgb(153, 153, 153)","fill":"none"},"geometry":{"type":"LineString","coordinates":[[104.66343622787032,2.3871713576330595],[105.40591144039459,2.774776131027962],[105.36712119435174,3.3148825740624814],[104.90316700424147,3.8124871869034958],[104.53352569472204,4.11044482388992],[104.53352085644104,4.110445058892131],[104.71956431952857,3.5688822063809624],[104.75657380936502,3.0194805862257277],[104.6824204329973,2.470863705628772],[104.66343689985379,2.387169343328313],[104.66343622787032,2.3871713576330595]]}},{"type":"Feature","properties":{"stroke":"rgb(153, 153, 153)","fill":"none"},"geometry":{"type":"LineString","coordinates":[[107.77920318672487,3.44874756045145],[107.84581623652961,3.956648459873195],[107.14732301436909,4.378490035361006],[106.9215365670692,4.475671846540005],[106.92154153974688,4.4756712758203285],[106.99842827609388,3.936694253458296],[107.64981545671947,3.4998586969987957],[107.77920587465877,3.4487457140054327],[107.77920318672487,3.44874756045145]]}},{"type":"Feature","properties":{"stroke":"rgb(153, 153, 153)","fill":"none"},"geometry":{"type":"LineString","coordinates":[[110.69679415526358,1.7216235828090911],[110.57628668686853,1.1799293640565756],[110.634043666468,1.0263721987287393],[110.63403842499694,1.0263736758855582],[110.73863789421276,1.5707758252267277],[110.69679012336273,1.7216220720805315],[110.69679415526358,1.7216235828090911]]}},{"type":"Feature","properties":{"stroke":"rgb(153, 153, 153)","fill":"none"},"geometry":{"type":"LineString","coordinates":[[111.23627324001228,-0.03300236899953992],[111.76179993188806,0.3928733553233521],[111.20647278888602,0.8565243437473511],[110.76395487159975,0.9933711725990302],[110.7639537964262,0.9933713068860182],[110.97747762049723,0.4537976810292277],[111.23627525596268,-0.03300102612970894],[111.23627324001228,-0.03300236899953992]]}},{"type":"Feature","properties":{"stroke":"rgb(153, 153, 153)","fill":"rgb(0, 255, 255)"},"geometry":{"type":"LineString","coordinates":[[81.16857159820378,19.95378233660244],[81.85450343328279,20.265378730325754],[82.7920715759437,19.984517504892292],[83.58302972414133,19.602504609337984],[84.1931739190436,19.22393701419725],[84.19317760151306,19.223934946177714],[85.2208046468217,19.02912436973907],[86.1126611136565,19.121790781106828],[85.5868004459941,19.46921218907376],[85.58679520452299,19.469214052977097],[86.23192138072362,19.46911567030457],[86.92332517723229,19.04575916978715],[87.01805804749453,18.830618833241946],[87.01806624569294,18.83061821283609],[87.76873078641944,18.432483106763122],[88.69430402406753,18.136208253535358],[89.73265288825765,17.96244509369906],[90.44836568694215,18.26430124966748],[90.26264625428581,18.661207410956074],[90.26264759825278,18.6612060519718],[91.99448206375432,18.04066306496452],[92.65047233117757,16.997534368609145],[92.83540218325179,15.901794550103698],[92.86216610233458,15.671906471942215],[93.49520595689062,15.23167312848952],[94.47954414934935,14.992159704487394],[95.55579288147909,14.878695596591294],[96.6483372128559,14.810943617081616],[97.71329662262067,14.726057457804963],[97.7132941497215,14.726058576415527],[99.91493287842421,14.722326797551995],[102.11576275405885,14.757132305018903],[104.31697902019108,14.784073631030177],[106.51769129871772,14.755550236497688],[108.65469954389906,14.628552518572551],[108.65470067283134,14.628553077206403],[109.68765574070946,14.447995276678277],[110.60575316220809,14.145962869044359],[111.28958034504619,13.725334072873876],[110.44891221935153,13.507247815633988],[110.03070330424107,13.52324894897994],[110.03070263225761,13.523248735463632],[110.07255107509107,12.451668198051893],[109.08213143219166,11.472544035080329],[108.1996659344075,10.80869213699588],[108.19966657951164,10.80869387735518],[107.10374488607329,10.767675856554398],[106.21345078081579,10.456658810448499],[106.12817607795162,10.415441099532181],[106.12817699184922,10.415443148751548],[105.09873099479343,10.330693423706988],[104.66284891431394,9.832837022772395],[104.45172850633638,9.293041118386608],[104.10323787666448,8.773619067238325],[104.05349429999374,8.732925914850256],[104.05349456878716,8.732927373206902],[104.22029739785395,8.19088070349531],[104.57325671762862,7.670212301283883],[105.03228862879111,7.170505257861604],[105.61294954876695,6.704109779217757],[105.93781995932396,6.561648075879614],[105.93781794337359,6.56164651277913],[106.33706214087779,6.813696350472985],[107.01353110467444,6.379894840540906],[107.77052048825591,5.982787248777478],[108.72955850291456,6.0248064851249685],[109.04355958077791,6.3582914221131785],[109.04356600493998,6.358291415398828],[108.87364855934996,6.899937968986654],[108.91974662567368,7.449029050493156],[109.09767105003037,7.991565248630554],[109.40622906175345,8.518973178813031],[109.58393509148101,8.6943100142341],[109.58393688164507,8.694309101082613],[111.57233419136357,8.675921090467511],[112.3846278148641,7.663653221446557],[112.88014842867057,6.659383820864455],[112.88015408945941,6.659383028571263],[113.8042601022625,5.07528001255177],[114.76286132766296,3.496211966110344],[115.58163959168861,1.8979702563440843],[115.98491367408707,0.7222583428546979],[115.98491127107421,0.722256845554841],[116.23218679297158,0.18763668379163648],[116.54667505885365,-0.33937258190936204],[116.19264056552039,-0.6935209284426591],[115.53700308942106,-0.49542244936347657],[115.53700050362868,-0.4954205626313585],[113.77260968063206,-0.5778662641325701],[114.00603993995,-1.6636982211562954],[114.59602463062906,-2.5334834044979813],[114.59601686250012,-2.5334818601976723],[113.93806881154407,-2.2469989116415965],[113.32651345134616,-1.789651018493125],[112.96182801994831,-1.5143123452451512],[112.96183562680123,-1.514313701543669],[112.32557726707694,-0.46237106561505686],[111.8337693619649,0.6098685308244677],[111.10839680084014,1.6465304696434955],[110.30969404310343,2.284423015281568],[110.30969038751337,2.2844239821478483],[109.96580650022919,2.7910206595310245],[110.09721286859077,3.335961433961952],[110.04896445514993,3.4465006035044943],[109.80975513795468,3.1900082690597347],[109.8097474128327,3.1900089874951023],[109.17953543676343,3.511059070694132],[108.6073583081482,3.9808914568151192],[108.09277016326394,4.282000641439299],[108.09277265229079,4.282002373741391],[107.44857320581127,4.713708113726571],[107.1618546569967,5.244284377419717],[106.5967165552727,5.37041342642205],[106.39659987668365,5.178840455434371],[106.396606370732,5.178841751303767],[105.61177357768727,4.799521692481191],[104.83272633656817,4.425343603104921],[103.9690595764722,4.718802626153001],[103.94132345857844,4.738190309357383],[103.94131594849117,4.7381886200271355],[103.36062893942886,4.4666914045362445],[102.60200999592266,4.862212731310237],[101.99858563576144,5.3218225208325505],[101.68661730790728,5.658404451371584],[101.68662366755895,5.658404675630844],[101.27605220481476,6.168753738215135],[100.91262674243085,6.687835875437117],[100.65728982185708,7.222419766286142],[100.61930595598317,7.770390390776285],[100.68714268769428,7.948329036497505],[100.68714507995546,7.948329052611943],[100.38468292599867,8.065616126947543],[100.35657721719417,8.41737668306022],[100.35657651833141,8.417375222017842],[99.55876483756069,8.188132016807241],[99.99380693869753,7.895524876809038],[99.99380435828101,7.895525262212691],[99.4030158678495,7.593681310245297],[98.33896363577485,7.730121081679052],[98.65407348637045,7.603291222482967],[98.91957415699011,7.5309650926068965],[98.91956938321955,7.530964593059325],[99.86661726663591,7.259206006755744],[100.49732415584589,6.816029586806663],[100.16405395186251,6.337082471698693],[99.6904903980725,6.230395659987667],[99.69048499532542,6.23039623473596],[100.03649468889014,5.737314839894337],[99.66692057771822,5.220129506310533],[100.24193683651154,4.843748271115592],[100.24194271771094,4.843746697272141],[100.28306222512686,4.299113838865159],[100.71224127045215,4.30809428086892],[100.75402184295476,4.340453247360038],[100.75402947668705,4.340455069634402],[101.41152407319476,3.9170757645014933],[101.51897423070443,3.3731295530401315],[101.23395244016197,2.8455621570650687],[100.36170109118426,2.6840526844488597],[100.34451511383395,2.69121605571074],[100.3445208122539,2.6912166828309476],[100.09969473462994,2.8124478262932646],[99.99320215357083,2.265022742672511],[99.78579445428772,1.725461840507374],[99.14487341627131,1.3163355637445158],[98.51183138448883,1.4674881527788215],[98.51183329292193,1.4674888403281676],[98.10497899009077,1.5686775911136999],[98.05074992373035,1.8721409944127072],[98.05075483189769,1.8721418874211389],[98.65924775912107,2.330500236403656],[98.8912836527302,2.6343077500971948],[98.49424221705411,2.4060366644726607],[98.49423966889282,2.4060377119111345],[97.76843286667113,2.2461050639094444],[98.09513443219514,2.6826342781884507],[98.09513524395116,2.6826360668910656],[97.50177302455863,2.2234105637429358],[96.97801230525283,2.5767447954403853],[96.91573623678997,3.125613464130903],[96.92717675543662,3.6755900004331052],[96.93073826784939,3.9154936959802624],[96.9307412030732,3.9154945648170485],[96.45482277189997,3.4299833045667363],[96.4663472884809,2.881731516705445],[96.614805237498,2.336744581124021],[96.57934130965201,1.7902049522989671],[96.21433668610393,1.4814036414164282],[96.21433499808147,1.4814048392563204],[95.27594536368724,1.5829120113364825],[95.25019159704209,1.1254634029505894],[95.25019779541766,1.1254632888066638],[94.65434385055144,1.5676284740571858],[94.55996377161311,2.114142924072892],[94.63771225956728,2.6626423035595232],[94.6617692679403,3.2063828880777963],[94.62418859215087,3.2137434933463056],[94.6241818615644,3.213743191200597],[94.62603654670467,2.6637669570441034],[94.44387862646111,2.2061882581432033],[94.10160384392475,2.6184367072662487],[94.10160278487879,2.618435458397305],[93.86849277675701,2.942156462692419],[94.14415719742256,2.4097127706386896],[94.34114915285703,1.8687880163000925],[94.30346767954649,1.3238430454009271],[94.282199402591,1.300321840993889],[94.2821961609427,1.3003208405558673],[93.70378962725341,1.0688530465810946],[93.45638211167407,1.6037181008012742],[93.30461464404699,1.533741993131793],[93.29839879691153,1.4301353890986948],[93.29839549612869,1.4301356590155343],[92.97127724171624,0.9068525871824439],[92.43911672898408,0.9466770706477073],[92.42386270412183,1.0807961951524583],[92.42385586064212,1.0807945823657876],[91.85309674080224,1.5502508991330912],[91.43362785667779,2.0584138260308755],[91.1061871093323,2.5834927163478816],[90.79831788067021,3.1115804743829796],[90.53721870180593,3.5024521143624954],[90.53722043283534,3.502453415603362],[90.13308784047803,4.013913465285953],[89.80720945470982,4.539202179014271],[89.53897045143316,5.072615255228218],[89.3074385454296,5.610338104310341],[89.13050529669722,6.050237082574873],[89.13050119491008,6.050236302367496],[89.22577575373874,6.58698215456031],[88.48703072147924,6.979603721790101],[87.64737057099575,7.233204689627101],[87.64737410294082,7.233206219155845],[87.1839875668384,8.240080096977584],[86.03145191081066,9.15585857207684],[86.86996968938821,9.803432369912427],[86.86996272226351,9.803430716839664],[86.9358912681981,10.348872524062255],[86.56095808882009,10.861945318784521],[85.83007526320768,11.269565063454223],[84.87740429196619,11.541139504703429],[83.9224317773259,11.65887981372188],[83.92242515963261,11.658878905941874],[82.07419163055522,12.216548476282442],[81.62555866365454,13.255317042150942],[82.17055406074216,13.819158709472031],[82.17054940524062,13.819158976703118],[83.07250707927538,13.640682915817873],[83.55226968061407,14.131212283229779],[84.01251116202997,14.629123238251294],[84.9624606002013,14.813058637067558],[85.12116629719847,14.784149167458253],[85.12116970549867,14.784148246249543],[86.2194728868658,14.74756855393173],[87.21703235417762,14.895682899970359],[86.84408152604824,15.240036689664056],[86.84408974575008,15.24003747121429],[86.08062430152846,15.631831552653301],[85.30643214100981,16.014675348916377],[84.2519556734411,16.010147359700465],[84.25194779241892,16.01014775181845],[82.59230768867853,16.726627165807873],[80.90937547653819,17.431340075009434],[80.53155276822154,18.455240553953022],[80.76603212276333,18.691040193547373],[81.47982224770759,19.103834093567546],[82.33555960280913,19.449501377815984],[82.04099564693435,19.83440144350982],[81.16860990126179,19.95371123164481],[81.16860462753546,19.953710831469593],[81.16857159820378,19.95378233660244]]}},{"type":"Feature","properties":{"stroke":"rgb(153, 153, 153)","fill":"none"},"geometry":{"type":"LineString","coordinates":[[118.52474577273918,-4.141797309441699],[118.98274954918625,-4.505924185981645],[118.98275250591352,-4.505923447403247],[118.52474241282182,-4.141796638006783],[118.52474577273918,-4.141797309441699]]}},{"type":"Feature","properties":{"stroke":"rgb(153, 153, 153)","fill":"none"},"geometry":{"type":"LineString","coordinates":[[119.98904614562842,-5.89642326125033],[120.56177631664288,-6.365832475515397],[120.79055309040258,-6.593876951855725],[120.7905579286836,-6.593873326107172],[120.42203735320231,-6.076469205455944],[119.81941937321005,-5.618416305645506],[119.72151138103264,-5.566396885515318],[119.72150855870206,-5.56639957125498],[119.98904480166148,-5.896423932685246],[119.98904614562842,-5.89642326125033]]}},{"type":"Feature","properties":{"stroke":"rgb(153, 153, 153)","fill":"none"},"geometry":{"type":"LineString","coordinates":[[123.36904775823743,-6.0999378700808125],[123.70422303536988,-6.591258355682671],[124.16065101057019,-6.796289400271305],[124.1606507417768,-6.796287855970997],[123.76920383731603,-6.2922432087032885],[123.36905447807219,-6.09993585577605],[123.36904775823743,-6.0999378700808125]]}},{"type":"Feature","properties":{"stroke":"rgb(153, 153, 153)","fill":"none"},"geometry":{"type":"LineString","coordinates":[[125.95634540958308,-10.340742286521099],[124.96326807204356,-10.504658014018135],[124.96326350255595,-10.504654052552123],[125.7578381314145,-10.883708203004858],[126.69898458607504,-10.896431894666254],[126.38011162802442,-10.404933143094139],[125.95634204966572,-10.340743965108388],[125.95634540958308,-10.340742286521099]]}},{"type":"Feature","properties":{"stroke":"rgb(153, 153, 153)","fill":"none"},"geometry":{"type":"LineString","coordinates":[[127.75093909966542,-8.415604094881541],[126.95314553556913,-8.050437501373882],[126.02229722764932,-7.7605370833814975],[125.88919410101559,-7.6868051366497],[125.8891857684205,-7.686801779475139],[125.70617940184255,-8.1967431696071],[126.43625584728605,-8.592696732608369],[127.47682225694074,-8.565226651600623],[127.75094111561583,-8.415605773468814],[127.75093909966542,-8.415604094881541]]}},{"type":"Feature","properties":{"stroke":"rgb(153, 153, 153)","fill":"none"},"geometry":{"type":"LineString","coordinates":[[135.44677339026373,-20.84649641803988],[134.7065580581629,-21.253508514110436],[134.11467501416948,-21.714792694454967],[134.31497648821392,-22.205645189920254],[134.31496829001557,-22.20564398133742],[135.05679584486748,-21.799494209129662],[135.56676410336726,-21.31733679582877],[135.44678145406547,-20.84649306086529],[135.44677339026373,-20.84649641803988]]}},{"type":"Feature","properties":{"stroke":"rgb(153, 153, 153)","fill":"none"},"geometry":{"type":"LineString","coordinates":[[136.97713242659165,-22.13908920385502],[136.97713981840982,-22.47021572570017],[136.97713242659165,-22.470212972817013]]}},{"type":"Feature","properties":{"stroke":"rgb(153, 153, 153)","fill":"none"},"geometry":{"type":"LineString","coordinates":[[155.22033331288844,-19.82342297905427],[154.90406294683308,-20.32952174716103],[155.20383477463216,-20.61988377665827],[155.2038186470288,-20.61988015090972],[155.86983759581963,-20.257627853512233],[155.30930258089325,-19.83205561777146],[155.22033196892153,-19.82341928616224],[155.22033331288844,-19.82342297905427]]}},{"type":"Feature","properties":{"stroke":"rgb(153, 153, 153)","fill":"none"},"geometry":{"type":"LineString","coordinates":[[161.716101884352,-36.58862643081827],[162.04859124353845,-36.2245012328656],[162.04859715699305,-36.22450029285673],[161.478950852538,-36.44364080363025],[161.71609382055036,-36.58862878084048],[161.716101884352,-36.58862643081827]]}},{"type":"Feature","properties":{"stroke":"rgb(153, 153, 153)","fill":"none"},"geometry":{"type":"LineString","coordinates":[[162.58587428629383,-39.10780726444948],[162.3186614017821,-38.58275691011639],[162.1168647645077,-38.44555757793373],[162.11685777587968,-38.44555972652545],[162.4991561629272,-38.96108530656824],[162.58587563026077,-39.10781062162407],[162.58587428629383,-39.10780726444948]]}},{"type":"Feature","properties":{"stroke":"rgb(153, 153, 153)","fill":"none"},"geometry":{"type":"LineString","coordinates":[[162.37668851873806,-37.089162360644565],[162.16971626474623,-36.722840227646195],[162.16970470663045,-36.72283606474972],[162.37668717477118,-37.08915833203506],[162.37668851873806,-37.089162360644565]]}},{"type":"Feature","properties":{"stroke":"rgb(153, 153, 153)","fill":"none"},"geometry":{"type":"LineString","coordinates":[[163.31251958411846,-33.87143138318986],[163.3489800634566,-33.3671092318713],[162.91397156149344,-33.21083275513297],[162.91396564803884,-33.210833963715814],[163.22859422407032,-33.73792595019849],[163.31252495998635,-33.87143239034223],[163.31251958411846,-33.87143138318986]]}},{"type":"Feature","properties":{"stroke":"rgb(153, 153, 153)","fill":"none"},"geometry":{"type":"LineString","coordinates":[[164.76581017976793,-42.85907654073],[164.44414513038242,-42.33664881117948],[163.72569399904097,-41.9259572517683],[163.64062089121902,-41.89650643775784],[163.6406109458636,-41.89650744491021],[163.25087047623697,-42.228732434278214],[163.2508648315758,-42.22873129283888],[164.22954720792643,-42.33753006950696],[164.73504677632337,-42.824102167381675],[164.76582361943744,-42.859075533577624],[164.76581017976793,-42.85907654073]]}},{"type":"Feature","properties":{"stroke":"rgb(153, 153, 153)","fill":"none"},"geometry":{"type":"LineString","coordinates":[[163.51069557443435,-39.93836688427111],[164.28058435278479,-39.595566123538525],[164.35957601016608,-39.05114990763585],[164.03584797151504,-38.57866955006421],[164.03586194877133,-38.57866928149026],[163.78959962742854,-39.11472640126058],[163.59284286621005,-39.65585258607403],[163.51069288650044,-39.93836721998857],[163.51069557443435,-39.93836688427111]]}},{"type":"Feature","properties":{"stroke":"rgb(153, 153, 153)","fill":"none"},"geometry":{"type":"LineString","coordinates":[[163.9731062185046,-36.291605109822434],[164.65753348258508,-35.943010537198255],[164.72977170605165,-35.408732988529714],[163.7516325611415,-35.26043819435735],[163.70667686672374,-35.264685020202116],[163.70666960930217,-35.26468139445358],[163.9509092603879,-35.80093490893688],[163.97311831420717,-36.29160275980025],[163.9731062185046,-36.291605109822434]]}},{"type":"Feature","properties":{"stroke":"rgb(153, 153, 153)","fill":"none"},"geometry":{"type":"LineString","coordinates":[[164.3033995356976,-45.74128343335609],[164.43110865098475,-46.07351144418124],[164.43111295167898,-46.073507281284755],[165.01986697182357,-45.631111370853965],[165.0311562941886,-45.5113693464917],[165.03114581124635,-45.511366929325995],[164.30339819173074,-45.74128544766085],[164.3033995356976,-45.741283433356095]]}},{"type":"Feature","properties":{"stroke":"rgb(153, 153, 153)","fill":"none"},"geometry":{"type":"LineString","coordinates":[[165.1731719376394,-39.31132187327994],[166.01709044739835,-39.60972500733323],[166.02861496397932,-39.609993581299705],[166.0286316291694,-39.60999331272573],[165.9488169264291,-39.0670713080855],[165.2236795595203,-38.68165088033164],[164.93899376071482,-39.0860729162131],[165.17318000144107,-39.31132254471485],[165.1731719376394,-39.31132187327994]]}},{"type":"Feature","properties":{"stroke":"rgb(153, 153, 153)","fill":"none"},"geometry":{"type":"LineString","coordinates":[[165.09610349696104,-37.75471013546851],[165.63227911095103,-38.21784042611504],[165.63227964853786,-38.21784338042867],[166.296165184195,-37.91862384866081],[166.29616921609585,-37.918621901499534],[165.36133537419107,-37.633725620793875],[164.97057698399783,-37.423583277905905],[164.97059203642772,-37.423586366506505],[165.09610349696104,-37.754709799751055],[165.09610349696104,-37.75471013546851]]}},{"type":"Feature","properties":{"stroke":"rgb(153, 153, 153)","fill":"none"},"geometry":{"type":"LineString","coordinates":[[165.0300448335224,-36.09359089582524],[165.0928107779379,-35.72891512124133],[165.09280056378907,-35.72891471838036],[165.03004752145628,-36.093588210085564],[165.0300448335224,-36.09359089582524]]}},{"type":"Feature","properties":{"stroke":"rgb(153, 153, 153)","fill":"rgb(255, 221, 85)"},"geometry":{"type":"LineString","coordinates":[[113.61438512380232,-1.160583309816994],[114.44907864442871,-0.3012476680756464],[116.60115611901688,-0.46018470566928116],[116.06409012692372,0.5506060065361108],[116.02200321059495,0.5904673853500177],[115.66308398875039,1.6701439963515032],[116.70316321038632,2.4771332291585],[118.0259962783396,1.9784920886656374],[118.02600286377766,1.9784920215221395],[119.00174988191664,2.9361681025338378],[118.87845771400487,4.030749695808888],[118.52380163595807,5.116283703588563],[118.69346066358324,6.20256468271247],[119.57970606840922,6.794308667268602],[119.57970262785385,6.794307713831016],[119.43635519379531,7.889498748436427],[119.02313575598012,8.9699760120037],[119.144361574709,10.037347705301002],[121.2387492680451,10.066437623044024],[122.44455641398264,9.841855232990193],[122.4445567634141,9.841856475144784],[124.36488358793817,10.023679808288744],[125.23905008981707,11.027764564268898],[125.77391533603252,12.094712414275364],[126.30046478675591,13.162705184870122],[126.6878296604049,13.696588265525394],[126.68783500939332,13.69658817823885],[126.03793764300916,15.26815302677863],[127.18526542711255,16.811253144054522],[128.09390468121316,18.38703955234316],[127.23726014842161,19.79102674792531],[127.23725592298955,19.791025653486393],[129.4494969435292,21.016034573666172],[131.76755433622176,22.19018120450724],[134.51492517093445,23.091494453631285],[137.70756905517723,23.048707263598427],[138.8900041535608,22.592321738115288],[139.5636042102476,22.98345637915148],[138.3079022913576,23.885470438469273],[138.27941019205545,24.91194335243543],[139.19401713248251,25.2005539640969],[139.89620243075683,26.239894740229673],[140.43740112121577,27.30557525683188],[142.03954412018163,27.84083058259707],[143.85677222962227,27.232254563986228],[143.9407724916364,27.19422707535884],[145.38543383569456,26.375146911155458],[146.38134694349478,25.39462112779638],[147.53200104579503,24.46468796537063],[149.1036023958627,24.44931210579037],[149.10358733268114,24.44931003777082],[152.03106480163606,22.13341138234515],[152.67593374256285,19.43840171935806],[150.7368582296797,16.878224580474143],[147.97950844037658,14.498059142615125],[147.61671691645043,14.17292237079882],[147.21697519313366,13.09247728910707],[147.34828076397415,11.998588113089323],[148.1215993459765,10.972278861383984],[148.54579898838276,10.609051546487322],[151.4792319726994,4.779991329357119],[150.96486222244425,-1.2566995537840338],[149.3861714467247,-7.255399810074716],[148.74278086944102,-13.29041630239367],[150.03134823134482,-17.46276352451751],[150.28293339292046,-18.54334540435906],[149.0173197177874,-19.393961120844136],[146.87681715854075,-19.471939893420718],[145.76285335392674,-18.773345434892725],[145.76285759548642,-18.773342601437385],[146.28372454429388,-19.828186474067046],[144.93110580885082,-20.63993450184236],[143.12798935236643,-21.264041649357843],[142.26358341044892,-22.2529393868279],[142.24060966093958,-22.56525979553567],[141.2021855130969,-22.727971197080958],[140.41110976779132,-22.39972345243889],[140.2537480377423,-21.857707616361512],[140.04119966488227,-21.790480195380102],[139.74337658915806,-22.24725736884982],[139.74337198741526,-22.24725996864581],[139.24276570053524,-22.372689804126622],[139.0910486316687,-21.82812251536782],[138.78596813442417,-21.459840463849154],[138.5230881993535,-21.993329076491193],[138.46381925693726,-22.151074317108623],[138.46381567660933,-22.151074564196684],[137.40541168604506,-22.520187269336045],[137.46805734541869,-21.421107062122672],[136.88151657004443,-21.449399650902723],[136.79902726018386,-21.566107573679915],[136.43851146473943,-22.085030300166956],[135.80867815404577,-22.159584754671062],[136.0034525640157,-21.62309986371563],[136.51427760144497,-21.18148872641487],[136.51428139143172,-21.18149246496448],[135.4536188859145,-21.721389542506316],[135.56320259095446,-20.62387042147304],[135.34437117261157,-20.236225865559348],[134.9639949270933,-20.884336811327863],[134.96399465829987,-20.884333634097846],[132.7275163281573,-21.056710940181336],[132.9148317215646,-19.413298446429796],[133.43671088714294,-17.78396090710845],[133.6495373536439,-16.98136346831612],[133.5943078114079,-15.337419931317898],[132.77888946475278,-13.740814844159802],[131.4586771323485,-12.22983449468613],[129.70562344468505,-10.833442906593167],[128.85191682364226,-10.320935364726546],[128.79429625668803,-9.77171965952812],[128.6533477229941,-9.22649772172603],[128.1467561814517,-8.913743337774545],[127.91598025685653,-9.400827404772858],[127.91597566048952,-9.400829317019502],[127.43951037454096,-10.204484641808358],[125.81569590853512,-9.474005417698821],[124.87513743941442,-8.505561266362557],[126.83941233257654,-8.718825781610711],[127.18835049249046,-8.822352792405972],[127.2158574747713,-7.847773264864749],[125.65734300286181,-7.072887013987079],[125.01304524788804,-6.618342361613634],[125.01303870545696,-6.618344582720329],[124.41976783818586,-6.158636053322121],[123.52255230314505,-5.846250958574514],[122.45413217848868,-5.728498060151398],[121.4122890002332,-5.8675858030358015],[121.7127496110933,-6.251747290321833],[121.71274788006386,-6.251743267083827],[121.37502751659397,-6.3466965804045765],[120.94302614067745,-6.048101080247817],[120.76948640848933,-5.8374299823633535],[120.76948521504669,-5.8374260262688145],[120.72758823887877,-5.288187828000703],[120.5100671883103,-4.749495594758379],[120.3686146670108,-4.205129736474403],[120.39707316713924,-3.7137820577584355],[120.39707949991151,-3.7137785850970357],[119.87218687551429,-4.780641781932154],[118.81782800505357,-4.670878959011446],[118.67031083290023,-4.091791522625089],[118.67030603762615,-4.091793220012551],[118.01448856134553,-3.822034152117772],[117.99202751372349,-4.371209162988793],[117.46668763325353,-4.25224768171657],[117.05242662105344,-3.8193232336437557],[117.05241927224215,-3.8193201611575684],[115.38767156188766,-3.1057138118029615],[114.24343490176511,-2.1707658698470684],[113.61395438239542,-1.1604829302970303],[113.61395574248995,-1.1604843027099865],[113.61438512380232,-1.160583309816994]]}},{"type":"Feature","properties":{"stroke":"rgb(153, 153, 153)","fill":"rgb(255, 221, 85)"},"geometry":{"type":"LineString","coordinates":[[-67.26524514835864,73.94565801984237],[-65.52716745239502,74.55153323766409],[-63.35108756809111,74.47347525674974],[-61.498202335555646,73.90810555043586],[-61.13279922580744,73.44787228743273],[-59.41498636747661,74.12830263119345],[-57.74511583411419,74.84165816670658],[-55.66287424207258,74.88925713211913],[-54.89587051725084,74.57902848489181],[-53.80006885350064,74.5426099725399],[-52.704282201861226,74.50528501046179],[-51.65266166405751,74.65606516294102],[-51.57851668748323,74.67502690462047],[-51.57851453713611,74.67502687591661],[-48.37877497779516,74.2662216576769],[-45.10154517374913,74.08013084786803],[-41.820636260182354,73.8912357481671],[-38.55242783427621,73.65276776931178],[-38.37779162665337,73.63930252881453],[-38.4340663451057,73.0959247618747],[-38.238611551868246,72.55470625476028],[-38.1158065719752,72.00918217124593],[-38.63988648343122,71.56658014288529],[-39.69290978673714,71.55707304411916],[-39.69290951794375,71.55707306073718],[-41.8265161155808,71.29649466101854],[-44.02380967818293,71.23725941377364],[-46.2255467315076,71.25178260346624],[-46.355145921272616,71.25241719171281],[-47.33808257123912,71.0362081947389],[-48.08524419651181,70.63394642201644],[-49.03048135057097,70.79568342189428],[-49.147448474032714,70.86042600912735],[-49.14744562482276,70.86042605352598],[-50.24217675170039,70.9026495610216],[-51.27310859829503,71.0907392011024],[-52.19926142168956,71.38716932365452],[-53.08726238334167,71.71228597844143],[-53.62500875870232,71.88399444252255],[-53.625011930464325,71.88399452804657],[-55.68660365850199,71.67342458443404],[-57.725796309233615,71.2781259327553],[-59.37409617307719,71.87289032531714],[-59.37409740952678,71.87289033095719],[-60.450025713056725,71.97440341626397],[-61.54956707235772,71.95041745300088],[-62.44725299583037,72.0681433366598],[-62.44725653046344,72.06814334674812],[-64.63227866013334,71.96978205563002],[-66.81680033683072,71.85789791802102],[-68.35069081431088,72.5153995105624],[-68.41543657659729,72.85513983949038],[-68.36255552252558,73.37932747337757],[-67.52943461122447,73.52354802146097],[-67.52943576300413,73.52354781962762],[-67.8002022590371,73.65147674747186]]}},{"type":"Feature","properties":{"stroke":"rgb(153, 153, 153)","fill":"none"},"geometry":{"type":"LineString","coordinates":[[127.61882177278817,-37.05615999164503],[127.61882916460638,-37.388383302425744],[127.61882177278817,-37.38838383957368]]}},{"type":"Feature","properties":{"stroke":"rgb(153, 153, 153)","fill":"none"},"geometry":{"type":"LineString","coordinates":[[133.05765172923395,-51.538699587607795],[133.12260901175847,-51.870369971735066],[133.12260941494858,-51.87037339605314],[133.05764500939918,-51.53869790902053],[133.05765172923395,-51.538699587607795]]}},{"type":"Feature","properties":{"stroke":"rgb(153, 153, 153)","fill":"none"},"geometry":{"type":"LineString","coordinates":[[124.62416236357109,-42.622559562899994],[124.0978877540886,-42.15777854951206],[124.09789501151013,-42.157776199489874],[123.47089357357311,-42.60316650821629],[123.29560668435228,-43.14115373479665],[123.32831547995444,-43.248507784955606],[123.32831158245027,-43.24850449492451],[123.96239908612175,-43.634767506354684],[124.66616737855401,-43.24050931651675],[124.69637303571515,-42.70154011637148],[124.62416841142233,-42.62256258435711],[124.62416236357106,-42.622559562899994]]}},{"type":"Feature","properties":{"stroke":"rgb(153, 153, 153)","fill":"none"},"geometry":{"type":"LineString","coordinates":[[125.16364144831971,-34.20695546801845],[124.60385771091748,-35.22884718155161],[124.99078579530827,-36.310671511419436],[125.29025523054405,-37.05725678058058],[125.2902538865771,-37.05726007061167],[124.04668261336165,-37.83597860341686],[124.11974401658394,-38.926338549656485],[125.49504219427814,-39.54343759523445],[125.4950357432368,-39.543438535243325],[125.28101545777506,-39.107038471470446],[125.55889742390517,-38.78603383098654],[125.55889245122742,-38.786034166704],[125.38890240454293,-38.24390049379884],[125.23693334187365,-37.70088589828366],[125.3298854559295,-37.438438775426135],[125.32988908464024,-37.438437432556306],[125.81168080727734,-36.944581608710976],[126.04223833724345,-36.41596089921117],[126.0345105272912,-36.392259246670434],[126.03451482798546,-36.39226233527103],[126.32920887986084,-35.92143229757985],[126.59601991825504,-35.621107852513944],[126.59601346721361,-35.621106979648566],[126.4566337461384,-35.082877230776475],[126.0039856779799,-34.58164267291991],[125.80002189400157,-34.051351769066144],[125.81211759653549,-34.02984067293938],[125.81211732774213,-34.029842754387644],[126.30679823099935,-33.539315501995716],[126.74209232593903,-33.03593235240742],[126.35314829112592,-32.57422013230385],[126.01910530614731,-32.51833156846922],[126.01910113984975,-32.518334254208916],[126.50594053355097,-32.046984257318634],[126.1227251578546,-31.542098772105422],[126.09176351928511,-31.52276144651976],[126.09176566963222,-31.522762789389585],[125.14964268858718,-32.47761743374006],[125.23711813732902,-33.57590031199047],[125.16363674443541,-34.206956810888286],[125.16364144831971,-34.206955468018464]]}},{"type":"Feature","properties":{"stroke":"rgb(153, 153, 153)","fill":"none"},"geometry":{"type":"LineString","coordinates":[[124.55810370013243,-33.94293651602218],[124.55809563633076,-34.305959889277396],[124.55810370013243,-34.30596257501707]]}},{"type":"Feature","properties":{"stroke":"rgb(153, 153, 153)","fill":"none"},"geometry":{"type":"LineString","coordinates":[[126.94722536116227,-48.75549980198033],[126.48151393426714,-49.119627014237736],[126.48151178392006,-49.11962593994186],[127.13150674918404,-48.924927674421646],[126.94723208099701,-48.75549946626287],[126.94722536116227,-48.75549980198033]]}},{"type":"Feature","properties":{"stroke":"rgb(153, 153, 153)","fill":"none"},"geometry":{"type":"LineString","coordinates":[[126.6940004846476,-37.75471013546851],[127.34687745263531,-37.95272434946574],[127.3468802749659,-37.95272434946574],[126.6939951087798,-37.754709799751055],[126.6940004846476,-37.75471013546851]]}},{"type":"Feature","properties":{"stroke":"rgb(153, 153, 153)","fill":"none"},"geometry":{"type":"LineString","coordinates":[[131.73647846046165,-53.661851993244596]]}},{"type":"Feature","properties":{"stroke":"rgb(153, 153, 153)","fill":"none"},"geometry":{"type":"LineString","coordinates":[[132.6502899713625,-52.86429474242249],[132.24556978052777,-53.250286225572566],[132.72074609465565,-53.56229363817982],[132.72075254569702,-53.56229484676267],[132.5710617757983,-53.025271599291436],[132.65028862739555,-52.86429507813994],[132.6502899713625,-52.86429474242249]]}},{"type":"Feature","properties":{"stroke":"rgb(153, 153, 153)","fill":"none"},"geometry":{"type":"LineString","coordinates":[[134.11459034425175,-56.04902335087766],[133.57577786710937,-56.48378249485891],[133.7182383636201,-56.71181857826278],[133.7182383636201,-56.71182092828499],[134.30252799435607,-56.28272130921213],[134.1145910162352,-56.04901999370308],[134.11459034425175,-56.04902335087766]]}},{"type":"Feature","properties":{"stroke":"rgb(153, 153, 153)","fill":"none"},"geometry":{"type":"LineString","coordinates":[[135.38071472682515,-56.94008731386511],[134.33975587882162,-56.860801593224224],[134.27222153967386,-57.38406760926757],[134.644970772761,-57.90108928059056],[135.12256622739568,-58.396532712295155],[135.38070867897386,-58.62870651336993],[135.38071472682515,-58.628708527674654],[135.70252156472375,-58.10494531407589],[135.5830093038538,-57.56193071856073],[135.38719331949898,-57.02175293556636],[135.38070867897386,-56.940089663887306],[135.38071472682515,-56.94008731386511]]}},{"type":"Feature","properties":{"stroke":"rgb(153, 153, 153)","fill":"rgb(0, 255, 255)"},"geometry":{"type":"LineString","coordinates":[[-53.96543424271799,9.114154238705025],[-51.55361969976756,10.238883091857334],[-48.629828003721535,10.982430118022814],[-45.351044237891614,11.099083541770705],[-42.09357074798432,10.834962028090988],[-41.599252447009725,10.777473636281611],[-39.71262410190876,11.321408231918925],[-37.54124390202687,11.49152046439855],[-35.41996007013966,11.73384971858037],[-35.096685620333645,12.756231076026125],[-35.80932409462411,13.727885525555317],[-35.80932069438772,13.727885424840078],[-37.18887256779203,15.215915390300687],[-39.4994961433023,16.388895402974907],[-41.91530193209717,17.510137158890085],[-43.19673241825205,19.006262010843518],[-43.18796330270834,20.03023782478469],[-46.99219587752938,20.959373859677967],[-47.24631482805637,23.089543095906176],[-45.02127674776704,24.965616181046695],[-41.14237814038591,25.836332980334564],[-38.545580631787445,24.98493848663328],[-33.592862203423074,26.107357684246157],[-30.074776722670226,28.207039578812058],[-27.42109718383491,30.61566966064843],[-24.67846383261469,32.99805922666725],[-22.595716344534452,34.220101411669944],[-21.556512609847918,35.77337880033049],[-19.818897742502088,37.17636304000661],[-18.58987356753414,38.695562172501],[-19.19722903101886,40.29023898250924],[-20.06225650389125,40.96908587207494],[-17.28363009159785,41.85781709894772],[-16.756845446658538,43.20843990633322],[-19.404435135259764,44.19298800448697],[-20.989279747479785,44.833113242437214],[-23.789648091000238,45.673342528846874],[-25.342811894497117,47.11168201332752],[-25.94792461313704,48.732330765186816],[-26.764392933970427,50.32183332987232],[-27.51939882393144,50.74823784612061],[-26.985139505214587,52.59754028064837],[-22.614113800571207,52.47603573963114],[-18.264364772676718,52.13424179555535],[-13.89823614760087,52.23691363629109],[-12.4756392035114,52.66925074163523],[-9.81727210955576,53.644234925878834],[-7.255587108325679,54.685394429519135],[-4.316667384318817,55.39970151420251],[-1.7103038818540375,54.57467481184287],[-0.7017826841208588,53.06683551883641],[-0.7017834233026922,53.066835781367466],[2.1128620961433393,52.203799305519276],[4.596907806733782,51.12718174360292],[5.801765776014168,49.61159367201705],[5.924117167062195,48.21851309735442],[5.924120715134963,48.21851275559404],[8.570438486856053,47.24869879914235],[10.544944328411443,45.9317442563345],[11.321790823652822,44.36208049518766],[8.627288288765492,43.690320352731206],[7.695483775241372,43.74680176405366],[5.678137616365342,43.52979075544579],[6.751597617077529,41.974306860434794],[8.366642698746237,40.53676890138534],[10.716820901501151,39.431673056969906],[11.200996848383737,39.52689884797974],[14.843353818884125,38.290355397061276],[18.550367453382165,37.102668861488844],[22.29143385043053,35.94184811549962],[26.03255064623948,34.7810777271291],[26.1820007385371,34.73440482976387],[23.39783784096084,33.048068538517164],[22.237540775807158,30.946061800554027],[23.516594120422393,28.887442347580077],[27.25050389347153,27.808169470393683],[28.731865147267527,27.715350983046008],[33.3670654706618,26.23368816372334],[38.26728656095782,24.98324134759613],[43.43542746238037,24.04374863055143],[48.86972421830981,23.678261426871313],[49.43134733575677,23.697917600784233],[53.63648939064822,23.060801485025916],[57.57624450140319,22.079767929011492],[61.47289187229419,21.05530931979383],[65.59512409544291,20.291518530905854],[69.03865300974357,20.043952084377924],[69.03865962206095,20.043950309104],[73.38665488060533,19.70835632387201],[77.74204856968235,19.904646125145774],[79.4273495235689,21.671913182121123],[77.84163652054497,23.260910072385386],[77.84163711189046,23.26091123128206],[77.78211558432598,24.898569208198992],[79.91517592659689,26.019685070067396],[82.77298724527907,25.348787301831393],[83.84177696084622,23.814604679535865],[83.82104713080886,23.278528995932973],[86.08030510937826,21.49359265779133],[90.35467439106476,21.062166348875213],[94.74759835717063,21.200066491251622],[99.13365129225375,21.39377546456636],[101.58532270717576,21.35064060687678],[104.85663214865953,21.36745521585254],[105.10293089150659,22.781308308234145],[103.25536272821003,24.14741818160791],[102.06894919198706,24.97523579014742],[107.25146365326884,25.740703862399208],[111.23573766918342,27.62783464131538],[115.00949606224708,29.62725871349259],[119.84361077827786,30.86244297468163],[121.11476283906308,30.91291201264717],[124.15737509113393,30.417432698117768],[127.3344289587775,30.849794819448306],[130.52882000005295,31.128008073431122],[131.82783125384918,29.94676941128802],[131.82782658222007,29.946767660185774],[133.51104905896605,29.468925967323504],[133.30009664685699,28.377768692120917],[133.84615041791633,27.407285057226794],[136.00214219624115,27.52554572830527],[136.22160848306697,27.561851464434344],[139.2953484073841,27.07662434335472],[139.29501241564702,25.497073703067304],[138.59487283397496,23.891097902360418],[140.0846433964833,22.49590230771186],[140.3632664851232,22.40363619375529],[136.3112377947435,23.08913184202002],[132.2196144188404,22.338887252565755],[129.03012885692587,20.838536557108693],[127.51374774884289,19.079196628612358],[127.51375546858908,19.07919755653543],[127.2802838903513,16.882714801476027],[126.71282744564165,14.701390617572203],[125.85441895623056,12.543789068550272],[124.76021146575533,10.412847682168474],[124.17449003176723,9.409503439671552],[121.17017335451249,10.073193936887973],[118.94785680729328,9.166714835377654],[118.90552184842453,7.520033292878018],[119.06716747312096,5.872147363997515],[118.6135618285119,4.413383668660662],[118.6135616457324,4.413384804728543],[118.17994769225751,2.269932610496993],[114.8241462205015,3.2290857811807645],[113.1022221672761,5.244351520911331],[112.66575210125676,6.937404037308885],[112.66574968749214,6.937405985813021],[111.6051605840737,8.495905192974398],[109.55571178556852,7.972618194589917],[108.27145056902899,6.453139996958485],[107.57064497647197,6.012459590652703],[105.87399832887067,6.709691081958406],[104.67931250942956,7.626279475425297],[104.2603476129107,8.699723458245705],[104.53322330215869,9.788266333743463],[104.93490142380615,10.437527111805915],[104.9349043052713,10.43752723400707],[108.8504147307327,11.295239056061238],[110.57381714760116,13.267067153183906],[108.12358060555175,14.877126117474745],[103.84603620195004,14.763586473150578],[103.84603733625815,14.763587770362845],[99.48365388474235,14.511261231654291],[95.2367351279731,15.017006992853862],[92.15441413059182,16.542372835406447],[90.95908992685031,18.59483187302454],[90.95909307710882,18.594832787518907],[89.39155407680092,18.085577864387993],[87.59927335383651,18.715581049761077],[85.9273280714978,19.429857710049816],[85.2719929879618,19.02095384610294],[85.27199264390623,19.020953875646075],[83.59573021180196,19.7333504886264],[81.64652454804668,19.956623580593693],[81.20617377746437,18.892059324539634],[81.06954273759156,17.794145735493096],[80.97267463177657,17.331507602611527],[82.81727095622271,16.730953724548947],[84.66715746250499,16.134413176810426],[86.33646520970782,15.423178955985577],[85.74826127523514,14.573385747272821],[83.78391918372562,14.300460043254828],[83.7839111521791,14.300460025797525],[81.8346967203835,13.090647628960516],[83.9147711657211,11.847376773499853],[86.27494512265335,10.69899645756677],[86.88315736506756,9.144658198381498],[86.43726746696338,8.662005282226902],[88.80378693158642,6.820049803367231],[90.17528840265192,4.7324957019746225],[90.90042576956074,2.564008514374308],[90.98860680095044,0.6006279077906931],[90.9885992801114,0.6006266146070415],[89.22727091696862,1.188817483759359],[88.48965145702824,2.2190588261925184],[88.21664137108544,1.6777354073724489],[88.05659170714002,0.7942991128913998],[88.05658550338859,0.7943010170808201],[87.99035093617994,0.578273321550494],[87.73019253417938,1.1126977466069263],[87.26517997009739,1.3661560345242552],[87.14445813897404,0.8200822136722877],[87.11986354382172,0.5202529518570502],[87.11986264605183,0.5202548453035116],[85.61692210522094,1.0990382425311196],[84.87634591799448,2.1340887375513393],[83.75630066293981,3.0788018610692554],[83.04845007090236,3.510270134667639],[83.04844702278534,3.5102694766614104],[83.69778770193196,1.5818586978117466],[80.11273906798435,0.32021990092564545],[76.76263265617139,-1.071127532359618],[77.72889449317668,-3.0633714474020484],[78.2030440595631,-3.3173706298591377],[77.1793800072257,-4.271861974205151],[75.48677123305822,-4.972378415180654],[73.72751849784613,-5.6299817720765075],[74.69312515096416,-6.069771642167159],[74.69312707552481,-6.069768204420396],[72.74015637975387,-6.570317979234641],[70.59159001881794,-6.798454777875947],[68.39146572583111,-6.82877845727743],[67.24433953676996,-7.398096515633519],[67.27165643374148,-7.428585744027942],[64.38684741023799,-9.76637335900813],[61.01760626899986,-11.940613904546368],[57.38867711419309,-14.008087905477291],[53.47213903246852,-15.939285797235284],[53.25290707434393,-16.03560357910677],[50.5415351039537,-16.935023777913816],[49.047010258366086,-18.397560098185888],[47.695500295655286,-19.89727712694082],[44.934303400962825,-20.712911084293484],[42.24631910577435,-20.68789174072974],[42.24632266997473,-20.68789253302295],[41.130221753630074,-22.22014818410951],[37.98302075182374,-22.561841412947874],[35.66163704093434,-23.68647811165792],[34.92570158770767,-24.41578513126213],[35.122269505442375,-26.06183020046167],[35.61291823906158,-27.693408653815737],[36.20340691734625,-29.31693828111222],[36.606882594786896,-30.952847489675552],[35.96007015938394,-31.643303942160394],[37.39952070166978,-34.245581104440916],[36.29953415331723,-36.932437029664776],[34.76909179103857,-39.57315698321139],[34.81230032842364,-42.29057998299385],[35.744421652588564,-43.22933561893062],[34.2700936627536,-44.55396190658995],[31.598085774662028,-45.52085336468257],[30.07102012934076,-46.940812318333094],[30.701827816071845,-48.51983420362401],[30.701833579002106,-48.51983538534949],[31.315348727931514,-48.80745174290143],[28.0899624489128,-49.15577539153697],[25.147094821995562,-49.88246940130663],[23.749453193787318,-51.31127450997766],[24.037615415770098,-52.06814009228287],[20.36672198430647,-53.15555515183758],[16.51519830370177,-52.216435920465],[13.878234353784833,-50.461942912769764],[11.965702188128988,-48.482611530458904],[11.469946380106558,-46.69233104173188],[11.469954696574023,-46.69232920200019],[11.613532448936356,-46.679321990231095],[10.7288998044482,-45.67193461375703],[9.833129033876789,-44.666997974726996],[8.939676606290988,-43.66154936657337],[8.867683748182312,-43.57976577375732],[6.2222846343168765,-40.560627921484574],[2.9348910802249892,-37.69834283853868],[-0.15292338205714967,-34.78267028682089],[-2.149915470614833,-31.64577671609835],[-2.346875348246151,-30.96020990781832],[-3.394588460736062,-29.396310281139833],[-4.777816043424718,-27.898582378324058],[-6.379186261395365,-26.45555963530313],[-8.014399247080725,-25.02192858817215],[-9.120534444221356,-23.928505220127477],[-9.120530697241483,-23.928505152983977],[-11.7434119405623,-21.517751725368726],[-13.487461049672692,-18.911014771516722],[-14.828765263370512,-16.243857068145957],[-16.23244634305231,-13.585067122417959],[-17.428838895688177,-11.971196824968972],[-17.352197605337036,-10.873468820533272],[-17.697261119290978,-9.787901241007798],[-17.950489691714775,-8.704784398926343],[-17.950493151085677,-8.704787353239949],[-19.258917113941898,-7.363500831577906],[-19.427425369867645,-5.715875083727423],[-19.531943999471554,-4.0666127132687535],[-19.84860781185105,-2.425214524265741],[-20.67078799221437,-1.3210565904988283],[-20.67078891148773,-1.3210573290772094],[-21.43609317128794,-0.5668841067849725],[-20.14923641857966,0.32370296955327504],[-19.26149585052379,1.2179409732481798],[-21.38192290348149,0.9601980912720638],[-21.568779372494987,0.9248088852894994],[-22.32951199970004,1.9210466351191613],[-21.895662669229708,2.992639975451874],[-23.875729174033346,3.277034627131683],[-24.952194016048317,3.2429502877652054],[-25.321325222912545,1.6379528885894281],[-24.880764457494596,0.005119691235784861],[-26.17884333422047,-1.4572739491165991],[-28.78029295753083,-2.200787403536255],[-28.780293562315922,-2.20079047870817],[-33.897161519879,-2.871903388120037],[-38.783573349782145,-1.6548352802628594],[-42.74064043478879,0.24942548195207867],[-45.81343606642464,2.523143306788974],[-46.32767652705937,3.641728913176257],[-43.14099138907488,3.5231155239075904],[-40.284944027012244,4.3333234478439655],[-38.111035489309046,5.562779529904443],[-40.002803365614994,5.933910983348601],[-42.387277924929634,5.257415126499045],[-42.38727725294614,5.257414891496842],[-45.64320585284649,5.252660527998925],[-48.54816521203068,6.016052652405421],[-50.801535795547046,7.213867364041438],[-51.90608343173011,8.737785425056028],[-51.027310039627075,9.267147720992066],[-51.82941851712793,8.890410974437684],[-52.68508027408862,8.544890566577148],[-53.69515543360568,8.373997791007476],[-54.01795949497981,8.865123056907475],[-53.96515839350185,9.114284161361311],[-53.96515899828699,9.114286248181044],[-53.96543424271799,9.114154238705025]]}},{"type":"Feature","properties":{"stroke":"rgb(153, 153, 153)","fill":"rgb(153, 255, 255)"},"geometry":{"type":"LineString","coordinates":[[35.40092761248502,-49.322040469805685],[36.20886678307333,-49.68331341223445],[36.727604425910215,-49.85062660040731],[36.72760576987715,-49.85062841328156],[36.11426830950594,-49.41151655816926],[35.400924252567656,-49.322039462653294],[35.40092761248502,-49.322040469805685]]}},{"type":"Feature","properties":{"stroke":"rgb(153, 153, 153)","fill":"rgb(153, 255, 255)"},"geometry":{"type":"LineString","coordinates":[[36.391807564064216,-55.28446846905508],[36.76878021328614,-57.47501346866266],[37.71814166591762,-59.62106214065823],[39.782071708289806,-61.54129046447332],[42.956941629642486,-61.918494207440574],[42.956937732138336,-61.91849467744503],[45.01433663272898,-61.527609978056375],[46.983349009383545,-61.0364385510059],[48.800963509321804,-60.41776163337496],[50.284921414779106,-59.611049367470876],[50.43808136656118,-59.482919845279305],[51.21136823094355,-58.45638274213517],[51.47646571147877,-57.36682851779492],[51.13335094959974,-56.285675622843264],[50.65607495590864,-55.81525657046427],[50.05441428357354,-55.39576417788942],[49.49609681411178,-54.921697555328336],[49.13451930628166,-54.655775756779626],[49.13452374137256,-54.65577333961392],[49.69594469931121,-54.64437814907766],[49.08559890936666,-54.18702186299273],[48.48934797279157,-53.777362634765176],[48.48935079512212,-53.77736028474294],[48.01835475578994,-53.28125616108085],[47.699381000218246,-52.755010652597],[47.409016941056635,-52.22448474652258],[47.01639379672277,-51.71123150366659],[47.01073233595342,-51.70536484108655],[47.01073771182117,-51.705361551055454],[45.99405493880326,-51.76983098597523],[45.61579544122843,-51.57169893515023],[45.61579893554248,-51.571701956607335],[45.45636736199654,-50.67733923387674],[44.27775874717349,-49.748417420293485],[43.346692044624554,-49.00521450452254],[43.346683846426124,-49.005217727410134],[42.042523317664575,-48.12268884364655],[40.53973307534543,-47.31908196422977],[38.82800637133957,-46.63248940482832],[38.18750223187046,-46.60099514579399],[39.1298277487347,-46.87289667656259],[39.8788037293875,-47.275774412136876],[40.11421633995402,-47.396355730144364],[40.11421324883,-47.396352238682795],[39.259016571631776,-47.05117103974191],[38.410066249618716,-46.70137862722725],[37.418857026137225,-46.47492041587636],[36.46867239374995,-46.69550357171077],[36.463363724304514,-46.69890271097388],[36.46337111612269,-46.69890217382593],[37.30265428387727,-47.04523723367026],[38.27565275521048,-47.301624656409366],[38.51780200010494,-47.396355730144364],[38.51779554906355,-47.396352238682795],[39.46133399609855,-47.33940965631679],[40.424840700859974,-47.6035605452741],[41.23831029544018,-47.959043368703284],[41.23831150501044,-47.95904263012487],[40.212409925107906,-47.764788854519146],[39.14241063928735,-47.635730670695025],[38.05361261577868,-47.5596906664389],[38.049883107497365,-47.55971584524826],[38.04988001637338,-47.55971396523048],[37.88521355716747,-48.01725677593512],[37.751522444993896,-48.095453764859464],[37.751515053175666,-48.09545242198959],[37.756108732204666,-48.626550390612614],[37.83842670778277,-49.16912016049583],[37.68215695087919,-49.35723943813347],[37.68215345656514,-49.35724299673851],[36.90949355276415,-50.38222680234761],[36.60385866915342,-51.47071512375842],[36.51033536914458,-52.56963586517921],[36.47080594128025,-53.66952179429198],[36.46447209384675,-53.75865894230989],[35.80077121924819,-53.36259210823827],[35.83196805203359,-52.81434871331342],[35.865533626565245,-52.5326230154254],[35.86554021200328,-52.53262093397714],[35.55608523673897,-53.59554645240308],[36.12095454507332,-54.658025063748795],[36.39181428389899,-55.28446544759796],[36.39180756406425,-55.28446846905508]]}},{"type":"Feature","properties":{"stroke":"rgb(153, 153, 153)","fill":"rgb(153, 255, 255)"},"geometry":{"type":"LineString","coordinates":[[36.3257489006256,-46.96787148117216],[36.98964438163826,-47.23244168123461],[36.98963846818366,-47.232440472651746],[36.3257415088074,-46.9678711454547],[36.3257489006256,-46.96787148117216]]}},{"type":"Feature","properties":{"stroke":"rgb(153, 153, 153)","fill":"rgb(255, 221, 85)"},"geometry":{"type":"LineString","coordinates":[[-71.72640688591294,74.20241645065876],[-72.22630090256561,73.13295859396963],[-73.20086593537283,72.15634890230326],[-75.18951282916147,71.82687106791242],[-76.1521171407552,71.99653810672983],[-78.2917413369632,72.15981020175198],[-79.73454445452815,71.41170790932712],[-79.21676438814188,70.37805916583403],[-77.35592455123165,69.83664303129407],[-77.3559261841515,69.83664306360689],[-75.21777813404108,69.67614477638072],[-73.89754480215325,68.8212149758121],[-73.24638021605345,67.7710362620143],[-72.51526219622504,66.73517906154746],[-71.51920209203983,66.07497795968003],[-71.51920287826049,66.07497804109151],[-72.43792109825205,65.07818456724264],[-73.46068414573959,64.1048232042625],[-73.78576035123555,63.03201551093687],[-73.04725051319198,62.245768371454226],[-73.047249861368,62.24576817002376],[-75.12660677619164,62.604232785558025],[-77.27203161438612,62.851179203905566],[-79.42497006780049,63.081818671285184],[-81.53654793838356,63.39119227552206],[-82.26914937517071,63.54320130329215],[-82.363104411122,64.64099650745214],[-83.11205939229123,65.66408365839769],[-84.84156005918722,66.32230415840203],[-86.58002750556582,66.57903411786009],[-86.58002765340218,66.57903422361109],[-89.81503154805765,66.86075050483424],[-92.75644181081545,67.60490877282476],[-95.5231657695824,68.50609683277756],[-98.40816301968889,69.3057508522273],[-99.4680728902755,69.5068943933532],[-102.40564571076638,70.25876301622078],[-105.20595624354854,71.13353084988273],[-108.00487241062194,72.00943054970905],[-110.62978475692042,72.69882844811963],[-110.62978505595305,72.69882851903994],[-111.53679235114795,73.0099443735081],[-112.36132867356736,73.37398589388432],[-113.10578976525346,73.77894507769872],[-113.48241760295525,74.01331310709719],[-113.48241833877715,74.01331287629144],[-104.78933698934401,74.60968107507989],[-95.99208843750439,74.8186153596773],[-87.18514862399914,74.85235339053921],[-78.38739818450232,74.65992434003341],[-71.72563620150616,74.20241645065877],[-71.72640688591294,74.20241645065876]]}},{"type":"Feature","properties":{"stroke":"rgb(153, 153, 153)","fill":"rgb(227, 128, 28)"},"geometry":{"type":"LineString","coordinates":[[-49.97108706012988,-74.88237525994585],[-50.20581404595779,-74.35893265651957],[-50.96527296880664,-74.25148628405961],[-50.96526994488099,-74.25147997257139],[-50.17380243320999,-74.62356194285465],[-49.9710902184522,-74.88238331716487],[-49.97108706012988,-74.88237525994585]]}},{"type":"Feature","properties":{"stroke":"none","fill":"rgb(153, 255, 255)"},"geometry":{"type":"LineString","coordinates":[[7.777396517905248,-41.83050270691115],[13.783753477325405,-40.495398019378776],[20.3437065503183,-40.33838296423266],[26.722039289846936,-41.17082797329892],[32.831679437253904,-42.42458160638826],[35.149904691418314,-42.91017520873094],[35.25718698745618,-43.455670635403074],[34.91158588672296,-43.97097175475337],[34.76171677241025,-44.06877464322983],[34.76171095572134,-44.06877837640798],[32.9776006486562,-44.7135116285446],[31.24596643422995,-45.39193786077814],[30.13287620813229,-45.82527356273712],[30.132870310805345,-45.825274462459916],[29.85064314900735,-46.35634500968093],[29.517490542131995,-46.88050067698822],[29.372963696438404,-47.42354045131275],[29.6953981669018,-47.94299607420683],[30.15004538589574,-48.21711777166925],[30.150045563299408,-48.217121155701236],[28.753462131659187,-48.95177667813194],[26.661476779243046,-49.29273132856254],[25.393376765255763,-49.48315027078803],[25.393381404629693,-49.48314703447175],[28.61848938999908,-49.489958420562594],[26.726506139200485,-50.05274971639896],[24.83452288840189,-50.615541012235305],[22.871473185692825,-52.13215405261289],[21.13096878940834,-52.757217994883895],[18.971549895365555,-52.66673374699369],[17.313413873419726,-52.01591188275114],[17.31341598613581,-52.01591384334112],[15.707474167825156,-51.26619604829335],[14.431360750909162,-50.37166009535439],[13.445225002657178,-49.38875491451114],[12.58856367027874,-48.53504220447524],[12.588570083689033,-48.53504397706346],[12.226398176908777,-48.01567890388213],[11.943745128112537,-47.48436406178119],[11.866198235200605,-46.93753068018031],[11.690944945153467,-46.401431864301685],[11.552348353618905,-46.249519714518456],[11.55234085965922,-46.24951991594895],[7.777396517905248,-41.83050270691115]]}},{"type":"Feature","properties":{"stroke":"rgb(153, 153, 153)","fill":"none"},"geometry":{"type":"LineString","coordinates":[[-117.11861746775557,50.11409732579453],[-116.76430719240454,50.63339801508172],[-116.24725370814963,51.11882657536484],[-115.73514980217121,51.605409164410126],[-115.61490255937647,52.120201461988025],[-115.61490209234798,52.12020132937962],[-114.51118020289755,53.028205979698505],[-114.50286020750875,54.125745033955866],[-114.61717299624777,55.223582037457284],[-113.57287707831182,56.10022844634857],[-112.99534579368978,56.139614853781374],[-111.09489811852355,55.630323671150684],[-108.91535541937964,55.476214670251125],[-107.09057799559706,54.92239207081974],[-106.7044691766583,54.42481176056552],[-104.72186774859529,54.90332961390289],[-102.82472190454811,55.45896718584204],[-101.53625659139867,56.31840492765533],[-102.32918449115476,57.2751168029486],[-102.3291837015742,57.27511636315873],[-100.13900975348147,57.36438932063853],[-98.02973552624555,57.67424814151405],[-96.07540598850022,58.17742566415927],[-94.36507785009985,58.866807825814],[-93.42414559017169,59.43314114614431],[-93.42414557673202,59.43314127203835],[-93.45051674163366,60.533035468193546],[-93.21002645594093,61.62441777900474],[-92.12414316075117,62.555000869447],[-90.01279208459063,62.74369663690718],[-89.33643548315068,62.670508659047776],[-87.98451496541654,63.498615042848215],[-86.30319551361403,63.87788659553386],[-85.41023867384037,63.52378493470957],[-85.41023882167674,63.52378490953076],[-83.2641838511389,63.29003221246475],[-81.06679369091235,63.22263116261048],[-78.87360342739899,63.13129765446302],[-76.7690729835006,62.82167540948375],[-76.09079268152968,62.63052078861],[-73.97509169506519,62.518615391692975],[-72.12749413249162,61.921201454004915],[-70.09754965432239,61.911620917044836],[-69.39552851892283,62.366435717060355],[-69.3955269464815,62.36643583187572],[-67.42557956530123,62.851828082805014],[-65.28045711967007,62.79336970674047],[-63.7046852721662,62.24253918915428],[-63.70468318901742,62.24253943825664],[-63.162621402984364,63.28795496069286],[-62.217619443141146,64.19921069216149],[-60.63273801966642,64.09589731634568],[-60.632735143577165,64.09589747732221],[-59.58454459758065,63.93285351003432],[-58.55769505059119,64.05883148618052],[-58.30403808870267,64.5778989357637],[-58.57603179964089,65.10895333455537],[-58.9790706878234,65.50509862369871],[-58.979066602163876,65.50509863360237],[-58.1480875239493,66.50884556398667],[-56.45890586549972,67.20025265270009],[-54.331893374495756,67.42268645102217],[-52.55957896050571,66.84887397519597],[-52.17546480691274,65.98022275625274],[-52.1754646590764,65.98022273929901],[-51.71814645360922,65.51556120582406],[-50.663233196782386,65.3661593308778],[-49.674753906164455,65.14694946927038],[-49.495393117131876,64.6231389614747],[-49.6773494423332,64.29369155147849],[-49.67734620337286,64.29369167552609],[-49.685505641750154,62.65540242087244],[-48.42150472695495,61.14815745267849],[-45.49646146168836,60.87024896720059],[-44.18963283598253,61.44844743617947],[-42.126699533257806,61.78049334982674],[-40.50595939164602,62.52181362503977],[-38.912686574538384,63.27885806669582],[-36.88107053747732,63.65497702262664],[-35.66707359294909,63.57517488460586],[-35.667074372449925,63.57517509845787],[-34.86935361104325,63.22047837441051],[-34.42560092412328,62.726304898902825],[-33.37806268592477,62.8146384568272],[-32.967699177874486,62.919032947769715],[-32.96769718880343,62.91903299879878],[-31.064011994696536,63.413243142374384],[-28.875126625314174,63.38008107677652],[-27.344768260969794,62.75668785341799],[-27.407319291630618,62.69090412308948],[-28.464721118296772,62.79461972971332],[-29.386884039813783,62.52222750171856],[-29.117099474546666,62.057099356478986],[-28.488736127702666,61.930694389690785],[-28.488732641452405,61.930694553185184],[-31.548780872917323,61.34441473132351],[-34.84304545803196,61.268259324191156],[-38.144962254957996,61.295086821001796],[-41.400512192170666,61.048543263603975],[-41.47696685120763,61.03655036909111],[-43.40486249976984,60.505201343567165],[-45.31809184828011,59.96103691575805],[-47.08200646884379,59.30520656668771],[-48.450299218820426,58.449614888003595],[-48.876417938511395,57.95715432169279],[-47.2613504582895,57.212265249209906],[-45.97299854235135,56.32244822479113],[-45.130969650121585,55.30979218245926],[-45.088046705713,54.22126609283442],[-45.11723959776476,54.168757380287786],[-46.19774341526641,53.21837628118163],[-47.52459158447749,52.34211070178185],[-47.27245498519913,51.341613926134976],[-46.377969383021906,50.999760182386964],[-46.377969189490685,50.99975990105573],[-47.08129248640255,49.99660284588477],[-49.16768357639674,49.7237778571042],[-51.362213606961625,49.8088969203674],[-53.547638261452335,49.77186099003834],[-54.26107979093751,49.464709710990675],[-52.542863371587295,48.78844593830563],[-51.41903820949081,47.84977153256501],[-51.43955050503791,46.78245858982287],[-53.306984179787776,46.28602479161691],[-54.35224074648279,46.286196548697085],[-55.54981302255408,45.4586092497196],[-55.606982016613735,44.35937587141597],[-56.198361073001585,43.331990225610646],[-56.19836019404723,43.33198948770368],[-55.48508421441073,42.31227992019077],[-55.91811036512527,41.24348352593073],[-57.41140884087267,40.47689788920421],[-59.34744362853543,40.85012128205904],[-59.6651188513056,41.050700730610785],[-61.833572487895594,40.99842027269962],[-63.8561167480562,40.5691341625788],[-65.66448727532878,39.94526411551809],[-66.09581963928214,39.72818579690274],[-65.81814469647678,38.99166287229739],[-68.00431273268573,38.889753739661735],[-70.2030216604802,38.9428474556578],[-70.90202779553078,38.98200223382325],[-72.4153256539352,38.18714955574378],[-73.39442237529592,37.20725324261861],[-73.71291734264234,36.122745271320206],[-73.4875718844973,35.03033744858626],[-73.33628954324367,34.69290435074695],[-73.76034257632745,33.20642646349561],[-76.8289005121797,32.63253845124134],[-80.08039754906416,32.342973750707046],[-81.59351237529783,32.139401053356245],[-83.78565982663277,32.183520547521596],[-85.95188255335087,31.99053756320997],[-88.10788273146915,31.76837653532256],[-90.30206837050353,31.738816613138233],[-91.92266571562706,31.95233711294818],[-91.92266518610408,31.952338125472043],[-95.19419205993663,31.728447140151648],[-98.49316052937002,31.685047265757774],[-101.75146139892979,31.935152575562476],[-104.35050238147514,32.449249308531904],[-104.35050173435506,32.44924929510321],[-106.37615666515185,32.86484653929935],[-108.48370473483864,33.18071889914279],[-108.93187151320416,34.014941112502775],[-108.24862346386759,34.33533468342666],[-106.35828400468897,35.68791352843864],[-104.88071834202913,37.15975341876788],[-104.87957597012313,38.761480295395884],[-107.25229291858925,39.540193725295715],[-107.25229367255473,39.540193302291726],[-110.41291049044581,39.869843090325304],[-112.13625200881192,41.2438989762851],[-112.89479325422897,42.84924320852397],[-113.8956160412869,44.416794047918984],[-114.11347675060621,44.60869713324037],[-115.13335290198634,45.54922148989072],[-114.80407469982883,46.63027157137084],[-114.31212399822854,47.69867559585175],[-114.45443854194461,48.02829260107556],[-116.36504821126387,48.49918757995183],[-117.13194620116593,49.51491124055694],[-117.11891497163913,50.11409766151199],[-117.11891473174106,50.11409732579453],[-117.11861746775557,50.11409732579453]]}},{"type":"Feature","properties":{"stroke":"none","fill":"rgb(0, 0, 0)"},"geometry":{"type":"LineString","coordinates":[[-3.793879361091747,8.66862225721131],[-4.091956110577441,8.146931091763827],[-4.931977452178289,7.806496803393269],[-6.007738996289305,7.816371093129183],[-6.267939397256956,7.883648871729304],[-6.267941423529968,7.883648086576163],[-6.952497362123158,8.303048102709555],[-7.0926311158547515,8.668623432222402],[-7.092628817671277,8.66862225721131],[-6.79454764653431,9.190315772680997],[-5.954526304933462,9.530750061051545],[-4.878764760822445,9.520875771315632],[-4.618564359854795,9.45359799271551],[-4.61856675523304,9.453596427846447],[-3.9340147947820228,9.034194565267029],[-3.79388104105043,8.668623432222402],[-3.793879361091747,8.66862225721131],[-3.793879361091747,8.66862225721131]]}},{"type":"Feature","properties":{"stroke":"none","fill":"rgb(0, 0, 0)"},"geometry":{"type":"LineString","coordinates":[[56.253445704607046,10.201032257756404],[55.95536996309661,9.67934280446795],[55.11535702128916,9.33891271256563],[54.03959547717816,9.348778609365084],[53.779386676417076,9.416056387965213],[53.7793837421569,9.416057991737771],[53.09485391093117,9.835468208350132],[52.954694957819285,10.201030948458314],[52.954696248027545,10.201032257756404],[53.25278682693314,10.722719092448667],[54.092799768740555,11.063149184350996],[55.16856131285159,11.053283287551542],[55.428753314025805,10.986005508951413],[55.428758210477724,10.986006523775036],[56.11328607951172,10.566597885034717],[56.2534450326236,10.201030948458314],[56.253445704607046,10.201032257756404],[56.253445704607046,10.201032257756404]]}},{"type":"Feature","properties":{"stroke":"none","fill":"rgb(0, 0, 0)"},"geometry":{"type":"LineString","coordinates":[[3.6157007212726313,11.699339810335308],[3.3176192679026255,11.177649819898928],[2.4775979263017613,10.837211335060147],[1.4018363821907613,10.847094017732513],[1.1416359812231105,10.914367599864413],[1.1416386588344105,10.914365639700161],[0.4570864161503221,11.333771027312887],[0.31695266241874537,11.699337963889281],[0.31695126469311735,11.699339810335308],[0.6150277319457401,12.221030304347874],[1.4550490735466044,12.561464592718425],[2.5308106176576044,12.551590302982511],[2.7910110186252717,12.48431252438239],[2.7910133271313216,12.484313980970446],[3.475568983491474,12.064913293402137],[3.615702737223051,11.699337963889281],[3.6157007212726313,11.699339810335308],[3.6157007212726313,11.699339810335308]]}},{"type":"Feature","properties":{"stroke":"none","fill":"rgb(0, 0, 0)"},"geometry":{"type":"LineString","coordinates":[[3.4725736171556374,26.73081881065704],[3.1744951877112606,26.20912623519624],[2.3344738461103964,25.86869194682568],[1.258703902205982,25.878562040093364],[0.9985119010317457,25.945844015161722],[0.9985115547174166,25.945844640021896],[0.3139623359589572,26.36524744261019],[0.17382018243395003,26.730818575654812],[0.17382416057612338,26.73081881065704],[0.471895251960961,27.2525109161134],[1.3119165935618253,27.59294100801573],[2.387686537466256,27.583075111216267],[2.6478869384339068,27.515793136147913],[2.6478862230143276,27.515792981292172],[3.3324449033001096,27.09638970869944],[3.4725702572382717,26.730818575654812],[3.4725736171556374,26.73081881065704],[3.4725736171556374,26.73081881065704]]}},{"type":"Feature","properties":{"stroke":"none","fill":"rgb(0, 0, 0)"},"geometry":{"type":"LineString","coordinates":[[-0.5316823649482698,30.328077031606405],[-0.829761936764528,29.806384959721782],[-1.6697748785719781,29.46595067135123],[-2.745544822476409,29.475824961087138],[-3.0057452234440594,29.543102739687267],[-3.00574442738649,29.543102860971256],[-3.690303188310262,29.962501970667514],[-3.8304285422484243,30.328077300180365],[-3.830431821527767,30.328077031606405],[-3.5323450729279995,30.84976964063895],[-2.6923321311205655,31.19020812547773],[-1.6165621872161187,31.180329639273594],[-1.3563701860418984,31.113051860673465],[-1.356369759089563,31.113051202241543],[-0.6718206209691262,30.69364843322499],[-0.5316784674441027,30.328077300180365],[-0.5316823649482698,30.328077031606405],[-0.5316823649482698,30.328077031606405]]}},{"type":"Feature","properties":{"stroke":"none","fill":"rgb(0, 0, 0)"},"geometry":{"type":"LineString","coordinates":[[-45.27872000054044,17.181033301158134],[-45.57679708601787,16.659340994271304],[-46.416818427618715,16.31890670590075],[-47.49258837152316,16.32878099563666],[-47.75278037269738,16.396058774236785],[-47.752782122971496,16.39605918746238],[-48.43732993777016,16.815462201685254],[-48.57747209129518,17.181033334729886],[-48.57746945711995,17.181033301158134],[-48.27939702176817,17.70272567518847],[-47.4393756801673,18.04315996355902],[-46.36359733646944,18.033285673823116],[-46.10340533529522,17.966007895222987],[-46.10340739468173,17.966007471793283],[-45.41886417001586,17.54660027130629],[-45.27872201649086,17.181033334729886],[-45.27872000054044,17.181033301158134],[-45.27872000054044,17.181033301158134]]}},{"type":"Feature","properties":{"stroke":"none","fill":"rgb(0, 0, 0)"},"geometry":{"type":"LineString","coordinates":[[-35.358910707508784,51.233427674362105],[-35.65696024166377,50.711720898052825],[-36.49701518243834,50.371282413214054],[-37.57280192592963,50.381177685291085],[-37.832968727723554,50.4484533656571],[-37.83297276994699,50.44845350372697],[-38.517568691556896,50.867850498403236],[-38.65766044632135,51.2334279261502],[-38.65766016408828,51.233427674362105],[-38.35961057617463,51.75513495424758],[-37.51955563540006,52.09557343908636],[-36.44376889190877,52.08567606877521],[-36.18360209011483,52.01840143752625],[-36.18359810165006,52.01840184499725],[-35.4990021262815,51.59900430478012],[-35.35891037151705,51.2334279261502],[-35.358910707508784,51.233427674362105],[-35.358910707508784,51.233427674362105]]}},{"type":"Feature","properties":{"stroke":"none","fill":"rgb(0, 0, 0)"},"geometry":{"type":"LineString","coordinates":[[76.23156411658465,94.09066121017659],[77.33254184056156,94.09066121017659],[78.43351956453841,94.09066121017659],[79.5344972885153,94.09066121017659],[80.51998257776384,93.540621726851],[80.51998257776384,92.9905822435254],[80.51998257776384,92.4405427601998],[80.51998257776384,91.89050327687421],[79.41900485378697,91.78341071914161],[78.31802712981008,91.78341071914161],[77.21704940583322,91.78341071914161],[76.23156411658465,92.33345020246719],[76.23156411658465,92.88348968579278],[76.23156411658465,93.43352916911837],[76.23156411658465,93.98356865244395],[76.23156411658465,94.09066121017659]]}},{"type":"Feature","properties":{"stroke":"none","fill":"rgb(0, 0, 0)"},"geometry":{"type":"LineString","coordinates":[[-92.85527038675319,-15.58261856261399],[-93.95624811073004,-15.58261856261399],[-94.98135386220088,-15.069200948438558],[-96.37542646362446,-14.688254362726566],[-97.4764041876013,-14.688254362726566],[-98.80067332313034,-15.205224065056367],[-100.17613368411949,-15.58261856261399],[-99.96400013945758,-14.557550664703966],[-99.16482527237122,-13.53248276679394],[-98.3656504052848,-12.507414868883918],[-96.59256129034716,-11.64532593307275],[-92.85527038675319,-15.58261856261399],[-95.78508220802803,-14.024906745835922],[-96.16833952736336,-13.50926945172293],[-96.55159684669867,-12.993632157609957],[-97.24757378269976,-13.080758521468287],[-97.62413799888138,-13.597625172710114],[-92.85527038675319,-15.58261856261399]]}},{"type":"Feature","properties":{"stroke":"none","fill":"rgb(0, 0, 0)"},"geometry":{"type":"LineString","coordinates":[[-90.57074160950117,-15.58261856261399],[-91.67171933347805,-15.58261856261399],[-92.08139314456984,-14.482539595962798],[-92.08139314456984,-13.382460629311625],[-90.98041542059296,-12.730388821829136],[-90.0305156487202,-12.757238228400373],[-90.0305138599002,-12.757241749405097],[-89.3773477118882,-12.665931472737867],[-89.37734781537365,-12.66592969477822],[-88.38281217020989,-12.80827567496566],[-88.38281261775089,-12.808274412668048],[-88.90848482242748,-13.212423577071936],[-89.5601230169486,-13.342746261172598],[-89.56012112733107,-13.342742278220685],[-90.09770559633746,-13.4300244073381],[-90.0977065303945,-13.43002804382963],[-90.44444906897667,-13.745598817937498],[-90.44444845478378,-13.745602196598027],[-90.55816127248569,-14.291718799939956],[-90.5707861620055,-14.701738924434974],[-90.57078564861014,-14.701735830462917],[-90.57074160950117,-15.58261856261399]]}},{"type":"Feature","properties":{"stroke":"none","fill":"rgb(0, 0, 0)"},"geometry":{"type":"LineString","coordinates":[[-86.60832278090838,-13.602476422641852],[-87.69181197096697,-13.504828103748537],[-87.4749750963815,-12.995538873085174],[-87.18351906407445,-12.86657301156203],[-87.18351758302286,-12.866573097505704],[-86.15352799434355,-12.687593641720765],[-85.50628611177385,-12.667828276376019],[-85.50628811831649,-12.66782733099564],[-84.41218781861313,-12.718152323342897],[-84.00103053008407,-12.787343691454108],[-84.0010313740953,-12.787339909932625],[-83.30485985080594,-13.090832273562464],[-83.30486113967025,-13.09082969525236],[-83.10772509888322,-13.627736811340501],[-83.10327320836728,-13.766279013355499],[-83.10327211841008,-13.766278180776181],[-83.1508847321211,-13.763435395158949],[-83.13129366556056,-14.313387790678785],[-83.04935073446691,-15.195419839484634],[-83.04682659654229,-15.201823649997586],[-83.0468249905018,-15.201826228307622],[-82.77534527300307,-15.584541552213876],[-82.77534590332357,-15.584543700805568],[-84.01530322995768,-15.531764503164311],[-84.41496395034055,-15.361625160045794],[-84.41496596897889,-15.361629199398196],[-84.4687268281658,-15.273004144047958],[-84.46872671124068,-15.273001337449953],[-85.29660626836888,-15.554998415902435],[-85.29660691078509,-15.555001080156146],[-86.23738313211867,-15.648999304166102],[-86.2373813661461,-15.649002827856487],[-87.29979320457849,-15.528804061235409],[-87.62703655677846,-15.409968474009952],[-87.6270354493497,-15.409972169587684],[-88.11923505228484,-14.930555550928881],[-88.1350476634099,-14.805702228267261],[-88.13504859074712,-14.80569879320618],[-87.90388534831713,-14.374641012086824],[-87.90388730782092,-14.374638350518744],[-87.25609327927799,-14.08457273536539],[-87.25609403458742,-14.08457502898699],[-86.20587130707978,-13.923806037625184],[-86.05459522736815,-13.908665180265576],[-86.05459704441147,-13.908661401429804],[-84.98030784700344,-13.78904065701362],[-84.58699171971192,-13.7233407504665],[-84.58699373835027,-13.723342098707752],[-84.80202643142616,-13.337937108585537],[-84.8020256976202,-13.337940433531173],[-85.61377826825067,-13.245279090154224],[-85.61377657350836,-13.245280782170132],[-86.24275480001481,-13.324516803198604],[-86.24275413743909,-13.324513969743178],[-86.608313809929,-13.602490858492551],[-86.60831177113114,-13.602487423431436],[-86.60832278090838,-13.602476422641852],[-84.58703777745924,-14.21483537942822],[-85.5063113111541,-14.330317914683208],[-85.50631013787098,-14.33032166934727],[-86.32881908346104,-14.461927551188786],[-86.32881756612237,-14.461924116127735],[-86.62449601196484,-14.727815777991676],[-86.62449614367361,-14.727813202367331],[-86.3879620289759,-15.00175283085214],[-86.38796208945442,-15.001754866642807],[-85.78586063627934,-15.117239636433212],[-85.78585939176592,-15.117241156561857],[-85.00635560641852,-14.982952653199426],[-85.00635615341308,-14.982954517102746],[-84.64617246429718,-14.73317886438457],[-84.64617129101403,-14.73318158772458],[-84.58703791857576,-14.36524092326045],[-84.58703777745922,-14.365238175748779],[-86.60832278090838,-13.602476422641852]]}},{"type":"Feature","properties":{"stroke":"none","fill":"rgb(0, 0, 0)"},"geometry":{"type":"LineString","coordinates":[[-81.67374062204402,-15.58261856261399],[-81.67374062204402,-14.482539595962798],[-81.67374062204402,-13.382460629311625],[-81.67374062204402,-12.282381662660434],[-80.57276289806715,-11.64532593307275],[-80.16308908697535,-12.195365416398328],[-80.16308908697535,-12.745404899723923],[-79.28501270973085,-12.739923600499662],[-78.50733043504356,-12.665897900992043],[-78.50732868788653,-12.66589669240921],[-77.44368979284674,-12.78640368257146],[-76.78165587405326,-13.043244323878998],[-76.78165620332517,-13.043240279155073],[-76.25792035412772,-13.52186831093357],[-76.10029823048251,-14.064563974863566],[-76.09891646446387,-14.12693188563919],[-76.09891789713261,-14.12692806920315],[-76.21742495001932,-14.672472755026448],[-76.66462995203754,-15.171147467265126],[-76.79508714374198,-15.252256805138328],[-76.79508813155768,-15.252253848138961],[-77.67758624069984,-15.572447330786387],[-78.48575136573129,-15.647052142909205],[-78.48574952449658,-15.647055688085592],[-79.45071123475549,-15.524850988166463],[-79.45071246045335,-15.524853416075125],[-80.26900651065914,-15.164668120324087],[-80.27053527306275,-15.163619003267574],[-80.27053350305826,-15.16362048579587],[-81.67374062204402,-15.58261856261399],[-80.17387866867033,-14.094706756269941],[-80.01182163553153,-14.635602585192327],[-79.89432952498066,-14.750023487843979],[-79.89432941477536,-14.750023796704031],[-79.01064605714967,-15.046084321192202],[-78.85140697326989,-15.050826330287649],[-78.85140624618379,-15.050829389345118],[-77.99933612799896,-14.837310026945925],[-77.99933756604361,-14.837309562312976],[-77.65882950197881,-14.323041238779226],[-77.64722098746363,-14.164557419754004],[-77.64722287036132,-14.164556270257435],[-77.81279771548358,-13.623985168746398],[-78.00203666158554,-13.459567543649527],[-78.00203496146736,-13.45957066447902],[-78.91056251847489,-13.243365500643133],[-78.91056177929306,-13.243366644768248],[-79.81370410777794,-13.454196064320188],[-79.81370481604856,-13.45419677872694],[-80.16509686607864,-13.965804291631565],[-80.173891449796,-14.094770153154707],[-80.1738896784476,-14.094772761007913],[-81.67374062204402,-15.58261856261399]]}},{"type":"Feature","properties":{"stroke":"none","fill":"rgb(0, 0, 0)"},"geometry":{"type":"LineString","coordinates":[[-74.87850610965874,-12.342886005826239],[-74.87850610965874,-11.792846522500644],[-73.77752838568188,-11.644610881744407],[-73.36785457459007,-12.194650365070002],[-74.87850610965874,-12.342886005826239],[-74.87850610965874,-15.581903511285644],[-74.87850610965874,-14.481824544634474],[-74.87850610965874,-13.381745577983299],[-73.77752838568188,-12.72967377050081],[-73.36785457459007,-13.829752737151983],[-73.36785457459007,-14.929831703803174],[-74.87850610965874,-12.342886005826239]]}},{"type":"Feature","properties":{"stroke":"none","fill":"rgb(0, 0, 0)"},"geometry":{"type":"LineString","coordinates":[[-70.69589173627058,-13.602476422641852],[-71.77938092632918,-13.504828103748537],[-71.56254082622303,-12.995538873085174],[-71.27108479391597,-12.86657301156203],[-71.27108653838508,-12.866573097505704],[-70.24109372418508,-12.687593641720765],[-69.59385604151208,-12.667828276376019],[-69.5938570736787,-12.66782733099564],[-68.49975774835139,-12.718152323342897],[-68.0886004598223,-12.787343691454108],[-68.08860032945752,-12.787339909932625],[-67.39242978054419,-13.090832273562464],[-67.39243009503247,-13.09082969525236],[-67.19529082872477,-13.627736811340501],[-67.19084313810552,-13.766279013355499],[-67.19084107377229,-13.766278180776181],[-67.23845368748331,-13.763435395158949],[-67.21886262092276,-14.313387790678785],[-67.13691646430843,-15.195419839484634],[-67.13439232638382,-15.201823649997586],[-67.134393945864,-15.201826228307622],[-66.86291520274132,-15.584541552213876],[-66.86291485868578,-15.584543700805568],[-68.10287218531988,-15.531764503164311],[-68.50253388007879,-15.361625160045794],[-68.50253492434109,-15.361629199398196],[-68.55629675790405,-15.273004144047958],[-68.55629566660289,-15.273001337449953],[-69.38417619810714,-15.554998415902435],[-69.38417586614729,-15.555001080156146],[-70.3249488619602,-15.648999304166102],[-70.3249503215083,-15.649002827856487],[-71.38736313431676,-15.528804061235409],[-71.71460648651673,-15.409968474009952],[-71.7146044047119,-15.409972169587684],[-72.20680078212638,-14.930555550928881],[-72.22261759314817,-14.805702228267261],[-72.22261754610932,-14.80569879320618],[-71.99145527805537,-14.374641012086824],[-71.99145626318314,-14.374638350518744],[-71.34366320901624,-14.08457273536539],[-71.3436629899496,-14.08457502898699],[-70.29344123681801,-13.923806037625184],[-70.1421651571064,-13.908665180265576],[-70.14216599977365,-13.908661401429804],[-69.0678777767417,-13.78904065701362],[-68.67456164945017,-13.7233407504665],[-68.67456269371247,-13.723342098707752],[-68.88959636116441,-13.337937108585537],[-68.88959465298241,-13.337940433531173],[-69.7013439980922,-13.245279090154224],[-69.70134552887056,-13.245280782170132],[-70.33032472975306,-13.324516803198604],[-70.33032309280131,-13.324513969743178],[-70.69587953977054,-13.602490858492551],[-70.69588072649334,-13.602487423431436],[-70.69589173627058,-13.602476422641852],[-68.67460673282143,-14.21483537942822],[-69.59387704099565,-14.330317914683208],[-69.59387909323317,-14.33032166934727],[-70.41638481330259,-14.461927551188786],[-70.4163865214846,-14.461924116127735],[-70.7120659417031,-14.727815777991676],[-70.71206509903581,-14.727813202367331],[-70.47553195871414,-15.00175283085214],[-70.47553104481662,-15.001754866642807],[-69.87342636612087,-15.117239636433212],[-69.87342834712814,-15.117241156561857],[-69.09392553615676,-14.982952653199426],[-69.09392510877528,-14.982954517102746],[-68.73373819413871,-14.73317886438457],[-68.73374024637623,-14.73318158772458],[-68.67460784831401,-14.36524092326045],[-68.67460673282143,-14.365238175748779],[-70.69589173627058,-13.602476422641852]]}},{"type":"Feature","properties":{"stroke":"none","fill":"rgb(0, 0, 0)"},"geometry":{"type":"LineString","coordinates":[[-60.503039967692665,-15.58261856261399],[-61.604017691669554,-15.58261856261399],[-62.01369150276135,-15.032579079288391],[-62.01369150276135,-14.482539595962798],[-62.08300435369068,-13.578822777697603],[-62.110454878607946,-13.529379989058203],[-62.110456434921666,-13.52937617530789],[-62.424943144489994,-13.318549425381164],[-62.42493971199845,-13.318546041349181],[-62.94908185450003,-13.24334871477023],[-62.94908217705211,-13.243344643188918],[-63.65332053536415,-13.35077830135726],[-63.65332257819393,-13.350778355072071],[-64.08070202489618,-13.635458312876436],[-64.08070011108728,-13.635462290456912],[-64.19459482396391,-14.180932038772081],[-64.19627898254588,-14.290778791057322],[-64.19628075255036,-14.290779330891002],[-64.16934230595427,-14.303647306360645],[-64.1809270699201,-14.853656339271883],[-64.19251183388593,-15.40366537218313],[-65.29725847652725,-15.58260206142949],[-65.70693228761905,-14.482523094778317],[-65.70693228761905,-13.382444128127128],[-64.60595456364216,-12.730372320644639],[-63.47863003147661,-12.791691232536298],[-62.422272010180436,-12.665914686864948],[-62.42227534590644,-12.665913193593722],[-61.508374485394945,-12.755886965631577],[-61.50837575678771,-12.755883151881282],[-60.88208588752724,-12.985517706961366],[-60.88208457850346,-12.985513635380054],[-60.58640475912673,-13.302426594456655],[-60.58640600095223,-13.302429884487768],[-60.503087208130914,-13.81003978401682],[-60.50308400680168,-13.810039322069613],[-60.503039967692665,-15.58261856261399]]}},{"type":"Feature","properties":{"stroke":"none","fill":"rgb(0, 0, 0)"},"geometry":{"type":"LineString","coordinates":[[-89.66683889811614,-21.17652010803523],[-88.57102834316386,-21.12329264477618],[-87.69429370274315,-21.601916092110507],[-87.55148461480528,-21.673356767190878],[-87.55148635793041,-21.67335977253355],[-86.53331205442522,-21.854342048844224],[-86.39832317416729,-21.855987064388838],[-86.39832228983703,-21.855989382182152],[-85.34154096330309,-21.73102463355334],[-85.23987406356741,-21.693499814675945],[-85.23987352866857,-21.69350221841295],[-84.85012784848207,-21.313467652124324],[-84.85012741438074,-21.31346893859363],[-85.01409601606088,-21.07578808473699],[-85.01409602681261,-21.075785877058962],[-85.58662593600002,-20.90524361603007],[-85.58662646283508,-20.90524063485906],[-86.64825902756795,-20.759936707234672],[-86.86067720362988,-20.73335627749083],[-86.86067788502113,-20.733353296319788],[-87.90800964688945,-20.56556469194021],[-88.65626324530758,-20.343924026112834],[-88.65626245505501,-20.343919841730443],[-89.27126252081028,-19.895002641162296],[-89.38200539734312,-19.551639217969953],[-89.38200495114609,-19.55164296994827],[-89.08981438311126,-19.0283732019266],[-89.04063779249675,-18.988951579411037],[-89.04063579804982,-18.988952578506193],[-88.22449286371028,-18.62931425243805],[-88.05685818630086,-18.59011923920668],[-88.05685715279029,-18.590118949146802],[-86.9899416246678,-18.46373000917434],[-86.50590772837182,-18.453146516308223],[-86.50590983302405,-18.453148117009057],[-85.41262841507017,-18.507792925547925],[-84.40861790640693,-18.72395300387205],[-84.27224726013034,-18.77812101573398],[-84.27224622661976,-18.77812244454748],[-83.64565626969929,-19.223399866264312],[-83.48468262847697,-19.64564849917006],[-83.48468383132739,-19.64564471764861],[-84.53045559119671,-19.39361961891577],[-85.51406012058992,-19.24414720517394],[-85.51406102104777,-19.244143396795085],[-86.5220395316471,-19.111194698836044],[-86.52203915668032,-19.111198853675287],[-87.57498723681218,-19.242040578124467],[-87.60796482580398,-19.2535472940003],[-87.60796651517042,-19.25354357156513],[-87.86063061206819,-19.497941210549357],[-87.86062989304588,-19.4979426151912],[-87.62409662907925,-19.73697204070549],[-87.62409583882669,-19.736973273460002],[-86.61029616117763,-19.943278811634844],[-86.16188578880273,-20.000174527843708],[-86.16188732361299,-20.000178167020962],[-85.10175626025813,-20.147881816464412],[-84.44425403001819,-20.283528455403435],[-84.44425197643666,-20.283525506461302],[-83.62605535173894,-20.64318256824934],[-83.5733550477821,-20.683695272503684],[-83.5733565772165,-20.68369573176518],[-83.26544802004958,-21.205962529109236],[-83.25887518169345,-21.310798698332558],[-83.25887330013973,-21.31079574670468],[-83.51539647314038,-21.84030905909629],[-83.63518592719338,-21.94465843800539],[-83.63518748619502,-21.944661247289087],[-84.42842461930624,-22.317867143221438],[-84.69961195007554,-22.383776873179862],[-84.69961274973586,-22.383774268012402],[-85.7665579109856,-22.511399864870672],[-86.4144969764097,-22.527463945240026],[-86.41449565260224,-22.52746658263638],[-87.50737729952357,-22.471273235693143],[-88.51475612535079,-22.257765325287867],[-88.71003452292628,-22.182346398329184],[-88.71003420709403,-22.182344308823726],[-89.36263127380528,-21.744604404732865],[-89.6567878396989,-21.216697094831485],[-89.66693899005462,-21.17654528684458],[-89.6669379861113,-21.176542109614545],[-89.66683889811614,-21.17652010803523]]}},{"type":"Feature","properties":{"stroke":"none","fill":"rgb(0, 0, 0)"},"geometry":{"type":"LineString","coordinates":[[-78.61412352711228,-21.550546956696643],[-77.52833557395823,-21.64159949735774],[-77.65989207584724,-22.14844732799911],[-78.02545108576145,-22.306570250756895],[-78.02545275765634,-22.30657072613284],[-79.0442956296156,-22.502360672311763],[-79.5924745484118,-22.522772293763307],[-79.59247435219262,-22.522774745843613],[-80.67666528522614,-22.442191710886576],[-81.60069296088379,-22.153206122967458],[-81.79663074224325,-22.03665341445699],[-81.79663175559432,-22.036655350875275],[-82.25040438272084,-21.53925442855903],[-82.36110106038983,-21.05368109012212],[-82.36110303467727,-21.05367979022411],[-82.22856911970908,-20.50924808834653],[-81.74777754367567,-20.018588630419643],[-81.6192313049757,-19.943152917588076],[-81.61923121492994,-19.943150073389752],[-80.72443071054501,-19.6307090722853],[-79.74305344526903,-19.541634837719048],[-79.74305507550093,-19.54163225135173],[-78.66425957573111,-19.634477500752304],[-77.76557827673743,-19.943455063300323],[-77.73244949146394,-19.961953095240794],[-77.73244955597438,-19.961950422929814],[-77.21750855525578,-20.443447466561985],[-77.03747998264582,-20.984749903040925],[-77.02821081059983,-21.24975687151635],[-77.02820915483257,-21.24975786524002],[-78.20013003947714,-20.51263464078397],[-79.15880254876467,-20.783106744252702],[-80.11747505805218,-21.053578847721464],[-80.46890899451583,-21.76024044534314],[-80.44726272685614,-21.772133236295783],[-80.44726244731102,-21.77213036255433],[-79.57636794451679,-21.95879214299075],[-79.57636704809083,-21.95879176161571],[-78.9796466195098,-21.862105515062428],[-78.97964813147262,-21.86210582123672],[-78.6140918094923,-21.550559713960034],[-78.61409049778055,-21.55055795748629],[-78.61412352711228,-21.550546956696643],[-78.52810413753797,-20.78780720516904],[-78.86678699503352,-20.289604941394774],[-78.86678690498772,-20.28960344275206],[-79.65166369279046,-20.119060472687874],[-79.65166291463362,-20.119058200552125],[-80.46879559730456,-20.29900503022115],[-80.468797571592,-20.299003617522093],[-80.7859801968765,-20.787809649192138],[-80.7859782440925,-20.78780720516904],[-78.61412352711228,-21.550546956696643]]}},{"type":"Feature","properties":{"stroke":"none","fill":"rgb(0, 0, 0)"},"geometry":{"type":"LineString","coordinates":[[-74.66271447575927,-20.477969964211713],[-75.74620366581786,-20.380321645318432],[-75.52936847119106,-19.87103241465507],[-75.23790823898732,-19.742066553131927],[-75.23790927787375,-19.742066639075563],[-74.2079171692564,-19.563087183290627],[-73.56067948658341,-19.543321817945912],[-73.56067981316738,-19.543320872565534],[-72.46658119342271,-19.593645864912776],[-72.05542390489364,-19.66283723302399],[-72.0554230689462,-19.662833451502504],[-71.35925322561552,-19.966325815132343],[-71.35925283452114,-19.966323236822223],[-71.16211007389938,-20.50323035291038],[-71.15766238328014,-20.641772554925392],[-71.15766381326097,-20.64177172234606],[-71.20527642697199,-20.638928936728828],[-71.18568536041144,-21.18888133224865],[-71.10373570948305,-22.070904988118052],[-71.10121577145516,-22.077317191567463],[-71.10121668535268,-22.07731976987752],[-70.82973864781265,-22.460035093783755],[-70.82973759817446,-22.460037242375467],[-72.06969492480859,-22.407258044734206],[-72.46935732515013,-22.23711870161567],[-72.46935766382978,-22.237122740968093],[-72.52312020297538,-22.14849768561782],[-72.52311840609157,-22.148494879019832],[-73.35099964317848,-22.43049195747233],[-73.350998605636,-22.430494621726023],[-74.29177230703154,-22.52449284573598],[-74.29177306099697,-22.524496369426366],[-75.35418237949138,-22.404297602805286],[-75.68142573169135,-22.28546201557983],[-75.68142714420061,-22.285465711157546],[-76.17362842709443,-21.80604909249876],[-76.18944943801293,-21.681195769837156],[-76.18945129537524,-21.681192334776057],[-75.95829132281683,-21.25013455365669],[-75.95829001244905,-21.25013189208862],[-75.31049505388101,-20.960066276935265],[-75.31049673921555,-20.96006857055687],[-74.26027308168275,-20.79929957919508],[-74.10900120186786,-20.78415872183547],[-74.10899974903958,-20.784154942999663],[-73.03471382150316,-20.664534198583514],[-72.64139769421165,-20.59883429203638],[-72.64139644297842,-20.598835640277613],[-72.85642820602916,-20.213430650155416],[-72.85642840224833,-20.213433975101037],[-73.66818004285368,-20.1207726317241],[-73.66817927813648,-20.12077432374001],[-74.29715657461782,-20.20001034476848],[-74.29715684206722,-20.200007511313057],[-74.66271558453202,-20.477984400062414],[-74.66271447575927,-20.477980965001315],[-74.66271447575927,-20.477969964211713],[-72.64142947231014,-21.0903289209981],[-73.56070048606698,-21.205811456253105],[-73.56070183272185,-21.205815210917148],[-74.38320825837393,-21.337421092758664],[-74.38320926097326,-21.337417657697628],[-74.67888938677443,-21.603309319561554],[-74.6788878385245,-21.60330674393721],[-74.44235540378547,-21.87724637242204],[-74.44235378430531,-21.8772484082127],[-73.8402498111922,-21.99273317800309],[-73.84025108661685,-21.99273469813172],[-73.06074898122809,-21.858446194769304],[-73.06074784826396,-21.858448058672625],[-72.70056163921004,-21.608672405954465],[-72.70056298586492,-21.608675129294475],[-72.64143129338535,-21.24073446483033],[-72.64142947231012,-21.240731717318642],[-74.66271447575927,-20.477969964211713]]}},{"type":"Feature","properties":{"stroke":"none","fill":"rgb(255, 221, 85)"},"geometry":{"type":"LineString","coordinates":[[116.87327918677387,-4.004287438610312],[118.05138045407399,1.457529933678391],[117.27821306835334,6.936493403703828],[114.36444232586496,12.230035925160982],[109.14560027132103,17.05823208503081],[103.18482314456938,20.464769016611903],[106.41637299040924,20.77394871464146],[109.01622665296861,21.758318462895605],[111.03468021373058,23.06410830198804],[113.3402387138048,24.18897580645054],[113.34024167053202,24.18897635031281],[115.10737045525073,24.84501388069807],[116.84070142794916,25.52245394289849],[118.23629350656137,26.342712408236263],[118.23628960905722,26.342710951222482],[120.36555714220363,26.61237745644261],[122.41925623618252,26.320009515133304],[124.39221651574746,25.89639283358587],[125.00025635408157,25.914197191342858],[126.67492757770201,26.624266050927034],[128.685283737601,27.056531653488364],[130.55734569852876,26.699718549631513],[130.0937778989161,25.65214159695652],[130.0250085885396,25.59049895540575],[132.12268080270047,25.826865748016584],[133.09509128849382,24.914801147297382],[133.00334874469135,23.81697568408359],[132.9417110605289,23.046017327465513],[132.94171877489916,23.046016305541563],[135.1120160868522,23.226822160985133],[137.3050845533609,23.190627622535402],[139.11140973093416,22.622001981436615],[139.3419672609003,21.55092061022748],[138.86168387236916,20.752076722247264],[138.8616759967228,20.752076640332188],[138.3410478762179,20.26832884748867],[137.93674901902145,19.761471022209204],[138.02464445743465,19.21629524555761],[138.06408988736473,19.13941594765626],[138.06409470414226,19.139415879169885],[134.80050134784307,19.123654012999197],[131.81130046038612,18.439079954814485],[129.3207449098903,17.362266208008556],[127.50763269922852,15.990763872964312],[126.90348595683265,14.686132259102262],[126.90348351618863,14.686131210320909],[126.72193282171581,12.48852997494957],[126.21718923472719,10.303265307381483],[125.4397883531197,8.1380219897199],[124.37756727601192,6.003320567807567],[124.14487373099219,5.612679893381984],[121.0877041826527,6.220806730091131],[118.68450648379077,5.5400388685874535],[118.50863160903008,3.8969788781669057],[118.65749065691907,2.910115896010028],[118.67367075027077,1.8129875782982237],[118.36949743071625,0.7235508550683218],[118.4169730631619,-0.3702208198391024],[118.45658424184774,-0.44650005098439655],[118.21052294032937,-0.9825904457263],[117.84711427753234,-1.5005059647814178],[116.99453524475906,-1.8000582596937464],[115.94694660780003,-1.6474788714625799],[115.86630859090721,-1.627214126398965],[115.86631395064735,-1.6272148058911038],[116.87327918677387,-4.004287438610312]]}},{"type":"Feature","properties":{"stroke":"none","fill":"rgb(255, 221, 85)"},"geometry":{"type":"LineString","coordinates":[[7.799416072384749,36.81359257949843],[6.604080444924185,37.73736369833866],[5.520733887349215,38.694743861196926],[4.7601325925943705,39.72219665049387],[5.868518934373283,40.114654555462835],[5.868521340074103,40.11465453867697],[9.122456111248065,39.872673608143785],[10.675057128585413,40.952739617824896],[8.895678488323814,42.33389592802318],[6.628003056602409,43.532640157371276],[5.273013498952261,44.16382519912664],[9.994190023038984,41.27096315344551],[8.101694271201483,43.25761137224236],[6.209198519363981,45.244259591039224],[4.316702767526462,47.23090780983607],[0.9964455518488714,48.88627610382556],[-1.9579801908230345,50.50313964134495],[-6.1648487325355115,50.62944284377866],[-9.852358046697566,49.442589307149106],[-12.307180875957766,48.29990150036467],[-12.307178601965722,48.29990209794174],[7.799416072384749,36.81359257949843]]}},{"type":"Feature","properties":{"stroke":"none","fill":"rgb(255, 221, 85)"},"geometry":{"type":"LineString","coordinates":[[-39.25637185038691,56.79487689026715],[-33.64053121875413,55.057058039383456],[-28.02469058712135,53.31923918849978],[-22.408849955488538,51.581420337616095],[-16.793009323855745,49.8436014867324],[-11.41414843804331,49.40506029180349],[-9.660817557196804,50.07038934670351],[-7.844211032469697,50.69186740687536],[-6.960621588566419,50.97149887240246],[-9.953861150461428,51.66558861700589],[-13.032855829645902,52.26278905937294],[-16.017512428859185,52.96560516493633],[-18.218023112343595,54.14514215921376],[-18.082698556180837,55.08524416819455],[-20.74085906897688,56.06067673331799],[-23.629128038622945,56.84983727086659],[-26.790440693385527,57.323153774732255],[-28.141671433523165,57.46834523365101],[-31.236358956218123,56.91255663585616],[-34.520568988601454,56.758945965558446],[-37.82289737540538,56.78223741333011],[-39.256041557069715,56.79487689026715],[-39.25637185038691,56.79487689026715]]}}]}